
 /----------------------------------------------------------------------------\
 |  yosys -- Yosys Open SYnthesis Suite                                       |
 |  Copyright (C) 2012 - 2026  Claire Xenia Wolf <claire@yosyshq.com>         |
 |  Distributed under an ISC-like license, type "license" to see terms        |
 \----------------------------------------------------------------------------/
 Yosys 0.67+146 (git sha1 468ba27d9-dirty, Release, GNU /usr/bin/x86_64-w64-mingw32-g++ 15.2.1)

-- Running command `
read_verilog -sv build/top_noinj.v
read_verilog -sv rtl/andmix4.v
read_verilog -sv rtl/round_function.v
read_verilog -sv rtl/output_function.v
synth_ice40 -top tempest_v3_top
stat -top tempest_v3_top
' --

1. Executing Verilog-2005 frontend: build/top_noinj.v
Parsing SystemVerilog input from `build/top_noinj.v' to AST representation.
Generating RTLIL representation for module `\tempest_v3_top'.
Successfully finished Verilog frontend.

2. Executing Verilog-2005 frontend: rtl/andmix4.v
Parsing SystemVerilog input from `rtl/andmix4.v' to AST representation.
Generating RTLIL representation for module `\andmix4'.
Successfully finished Verilog frontend.

3. Executing Verilog-2005 frontend: rtl/round_function.v
Parsing SystemVerilog input from `rtl/round_function.v' to AST representation.
Generating RTLIL representation for module `\round_function'.
Successfully finished Verilog frontend.

4. Executing Verilog-2005 frontend: rtl/output_function.v
Parsing SystemVerilog input from `rtl/output_function.v' to AST representation.
Generating RTLIL representation for module `\output_function'.
Successfully finished Verilog frontend.

5. Executing SYNTH_ICE40 pass.

5.1. Executing Verilog-2005 frontend: F:\lunwen\tools\oss-cad-suite\bin\../share/yosys/ice40/cells_sim.v
Parsing Verilog input from `F:\lunwen\tools\oss-cad-suite\bin\../share/yosys/ice40/cells_sim.v' to AST representation.
Generating RTLIL representation for module `\SB_IO'.
Generating RTLIL representation for module `\SB_GB_IO'.
Generating RTLIL representation for module `\SB_GB'.
Generating RTLIL representation for module `\SB_LUT4'.
Generating RTLIL representation for module `\SB_CARRY'.
Generating RTLIL representation for module `\SB_DFF'.
Generating RTLIL representation for module `\SB_DFFE'.
Generating RTLIL representation for module `\SB_DFFSR'.
Generating RTLIL representation for module `\SB_DFFR'.
Generating RTLIL representation for module `\SB_DFFSS'.
Generating RTLIL representation for module `\SB_DFFS'.
Generating RTLIL representation for module `\SB_DFFESR'.
Generating RTLIL representation for module `\SB_DFFER'.
Generating RTLIL representation for module `\SB_DFFESS'.
Generating RTLIL representation for module `\SB_DFFES'.
Generating RTLIL representation for module `\SB_DFFN'.
Generating RTLIL representation for module `\SB_DFFNE'.
Generating RTLIL representation for module `\SB_DFFNSR'.
Generating RTLIL representation for module `\SB_DFFNR'.
Generating RTLIL representation for module `\SB_DFFNSS'.
Generating RTLIL representation for module `\SB_DFFNS'.
Generating RTLIL representation for module `\SB_DFFNESR'.
Generating RTLIL representation for module `\SB_DFFNER'.
Generating RTLIL representation for module `\SB_DFFNESS'.
Generating RTLIL representation for module `\SB_DFFNES'.
Generating RTLIL representation for module `\SB_RAM40_4K'.
Generating RTLIL representation for module `\SB_RAM40_4KNR'.
Generating RTLIL representation for module `\SB_RAM40_4KNW'.
Generating RTLIL representation for module `\SB_RAM40_4KNRNW'.
Generating RTLIL representation for module `\ICESTORM_LC'.
Generating RTLIL representation for module `\SB_PLL40_CORE'.
Generating RTLIL representation for module `\SB_PLL40_PAD'.
Generating RTLIL representation for module `\SB_PLL40_2_PAD'.
Generating RTLIL representation for module `\SB_PLL40_2F_CORE'.
Generating RTLIL representation for module `\SB_PLL40_2F_PAD'.
Generating RTLIL representation for module `\SB_WARMBOOT'.
Generating RTLIL representation for module `\SB_SPRAM256KA'.
Generating RTLIL representation for module `\SB_HFOSC'.
Generating RTLIL representation for module `\SB_LFOSC'.
Generating RTLIL representation for module `\SB_RGBA_DRV'.
Generating RTLIL representation for module `\SB_LED_DRV_CUR'.
Generating RTLIL representation for module `\SB_RGB_DRV'.
Generating RTLIL representation for module `\SB_I2C'.
Generating RTLIL representation for module `\SB_SPI'.
Generating RTLIL representation for module `\SB_LEDDA_IP'.
Generating RTLIL representation for module `\SB_FILTER_50NS'.
Generating RTLIL representation for module `\SB_IO_I3C'.
Generating RTLIL representation for module `\SB_IO_OD'.
Generating RTLIL representation for module `\SB_MAC16'.
Generating RTLIL representation for module `\ICESTORM_RAM'.
Successfully finished Verilog frontend.

5.2. Executing HIERARCHY pass (managing design hierarchy).

5.2.1. Analyzing design hierarchy..
Top module:  \tempest_v3_top
Used module:     \output_function
Used module:     \round_function
Used module:         \andmix4

5.2.2. Analyzing design hierarchy..
Top module:  \tempest_v3_top
Used module:     \output_function
Used module:     \round_function
Used module:         \andmix4
Removed 0 unused modules.

5.3. Executing PROC pass (convert processes to netlists).

5.3.1. Executing PROC_CLEAN pass (remove empty switches from decision trees).
Cleaned up 0 empty switches.

5.3.2. Executing PROC_RMDEAD pass (remove dead branches from decision trees).
Marked 3 switch rules as full_case in process $proc$build/top_noinj.v:109$20 in module tempest_v3_top.
Marked 3 switch rules as full_case in process $proc$build/top_noinj.v:85$17 in module tempest_v3_top.
Removed a total of 0 dead cases.

5.3.3. Executing PROC_PRUNE pass (remove redundant assignments in processes).
Removed 1 redundant assignment.
Promoted 363 assignments to connections.

5.3.4. Executing PROC_INIT pass (extract init attributes).

5.3.5. Executing PROC_ARST pass (detect async resets in processes).
Found async reset \rst_n in `\tempest_v3_top.$proc$build/top_noinj.v:109$20'.

5.3.6. Executing PROC_ROM pass (convert switches to ROMs).
Converted 0 switches.
<suppressed ~7 debug messages>

5.3.7. Executing PROC_MUX pass (convert decision trees to multiplexers).
Creating decoders for process `\output_function.$proc$rtl/output_function.v:42$1157'.
Creating decoders for process `\output_function.$proc$rtl/output_function.v:41$1062'.
Creating decoders for process `\round_function.$proc$rtl/round_function.v:94$1023'.
Creating decoders for process `\round_function.$proc$rtl/round_function.v:94$1016'.
Creating decoders for process `\round_function.$proc$rtl/round_function.v:93$1009'.
Creating decoders for process `\round_function.$proc$rtl/round_function.v:93$1002'.
Creating decoders for process `\round_function.$proc$rtl/round_function.v:92$995'.
Creating decoders for process `\round_function.$proc$rtl/round_function.v:92$988'.
Creating decoders for process `\round_function.$proc$rtl/round_function.v:91$981'.
Creating decoders for process `\round_function.$proc$rtl/round_function.v:91$974'.
Creating decoders for process `\round_function.$proc$rtl/round_function.v:79$967'.
Creating decoders for process `\round_function.$proc$rtl/round_function.v:79$960'.
Creating decoders for process `\round_function.$proc$rtl/round_function.v:79$953'.
Creating decoders for process `\round_function.$proc$rtl/round_function.v:79$946'.
Creating decoders for process `\round_function.$proc$rtl/round_function.v:78$939'.
Creating decoders for process `\round_function.$proc$rtl/round_function.v:78$932'.
Creating decoders for process `\round_function.$proc$rtl/round_function.v:78$925'.
Creating decoders for process `\round_function.$proc$rtl/round_function.v:78$918'.
Creating decoders for process `\round_function.$proc$rtl/round_function.v:77$911'.
Creating decoders for process `\round_function.$proc$rtl/round_function.v:77$904'.
Creating decoders for process `\round_function.$proc$rtl/round_function.v:77$897'.
Creating decoders for process `\round_function.$proc$rtl/round_function.v:77$890'.
Creating decoders for process `\round_function.$proc$rtl/round_function.v:76$883'.
Creating decoders for process `\round_function.$proc$rtl/round_function.v:76$876'.
Creating decoders for process `\round_function.$proc$rtl/round_function.v:76$869'.
Creating decoders for process `\round_function.$proc$rtl/round_function.v:76$862'.
Creating decoders for process `\round_function.$proc$rtl/round_function.v:64$855'.
Creating decoders for process `\round_function.$proc$rtl/round_function.v:63$848'.
Creating decoders for process `\round_function.$proc$rtl/round_function.v:62$841'.
Creating decoders for process `\round_function.$proc$rtl/round_function.v:61$834'.
Creating decoders for process `\round_function.$proc$rtl/round_function.v:58$826'.
Creating decoders for process `\round_function.$proc$rtl/round_function.v:55$819'.
Creating decoders for process `\round_function.$proc$rtl/round_function.v:37$812'.
Creating decoders for process `\round_function.$proc$rtl/round_function.v:37$805'.
Creating decoders for process `\round_function.$proc$rtl/round_function.v:36$798'.
Creating decoders for process `\round_function.$proc$rtl/round_function.v:36$791'.
Creating decoders for process `\round_function.$proc$rtl/round_function.v:32$784'.
Creating decoders for process `\round_function.$proc$rtl/round_function.v:32$777'.
Creating decoders for process `\round_function.$proc$rtl/round_function.v:32$770'.
Creating decoders for process `\round_function.$proc$rtl/round_function.v:32$763'.
Creating decoders for process `\round_function.$proc$rtl/round_function.v:31$756'.
Creating decoders for process `\round_function.$proc$rtl/round_function.v:31$749'.
Creating decoders for process `\round_function.$proc$rtl/round_function.v:31$742'.
Creating decoders for process `\round_function.$proc$rtl/round_function.v:31$735'.
Creating decoders for process `\round_function.$proc$rtl/round_function.v:30$728'.
Creating decoders for process `\round_function.$proc$rtl/round_function.v:30$721'.
Creating decoders for process `\round_function.$proc$rtl/round_function.v:30$714'.
Creating decoders for process `\round_function.$proc$rtl/round_function.v:30$707'.
Creating decoders for process `\round_function.$proc$rtl/round_function.v:29$700'.
Creating decoders for process `\round_function.$proc$rtl/round_function.v:29$693'.
Creating decoders for process `\round_function.$proc$rtl/round_function.v:29$686'.
Creating decoders for process `\round_function.$proc$rtl/round_function.v:29$679'.
Creating decoders for process `\andmix4.$proc$rtl/andmix4.v:68$509'.
Creating decoders for process `\andmix4.$proc$rtl/andmix4.v:68$502'.
Creating decoders for process `\andmix4.$proc$rtl/andmix4.v:67$495'.
Creating decoders for process `\andmix4.$proc$rtl/andmix4.v:67$488'.
Creating decoders for process `\andmix4.$proc$rtl/andmix4.v:66$481'.
Creating decoders for process `\andmix4.$proc$rtl/andmix4.v:66$474'.
Creating decoders for process `\andmix4.$proc$rtl/andmix4.v:65$467'.
Creating decoders for process `\andmix4.$proc$rtl/andmix4.v:65$460'.
Creating decoders for process `\andmix4.$proc$rtl/andmix4.v:60$453'.
Creating decoders for process `\andmix4.$proc$rtl/andmix4.v:60$446'.
Creating decoders for process `\andmix4.$proc$rtl/andmix4.v:59$439'.
Creating decoders for process `\andmix4.$proc$rtl/andmix4.v:59$432'.
Creating decoders for process `\andmix4.$proc$rtl/andmix4.v:58$425'.
Creating decoders for process `\andmix4.$proc$rtl/andmix4.v:58$418'.
Creating decoders for process `\andmix4.$proc$rtl/andmix4.v:57$411'.
Creating decoders for process `\andmix4.$proc$rtl/andmix4.v:57$404'.
Creating decoders for process `\andmix4.$proc$rtl/andmix4.v:51$397'.
Creating decoders for process `\andmix4.$proc$rtl/andmix4.v:51$390'.
Creating decoders for process `\andmix4.$proc$rtl/andmix4.v:50$383'.
Creating decoders for process `\andmix4.$proc$rtl/andmix4.v:50$376'.
Creating decoders for process `\andmix4.$proc$rtl/andmix4.v:49$369'.
Creating decoders for process `\andmix4.$proc$rtl/andmix4.v:49$362'.
Creating decoders for process `\andmix4.$proc$rtl/andmix4.v:48$355'.
Creating decoders for process `\andmix4.$proc$rtl/andmix4.v:48$348'.
Creating decoders for process `\andmix4.$proc$rtl/andmix4.v:42$341'.
Creating decoders for process `\andmix4.$proc$rtl/andmix4.v:42$334'.
Creating decoders for process `\andmix4.$proc$rtl/andmix4.v:41$327'.
Creating decoders for process `\andmix4.$proc$rtl/andmix4.v:41$320'.
Creating decoders for process `\andmix4.$proc$rtl/andmix4.v:40$313'.
Creating decoders for process `\andmix4.$proc$rtl/andmix4.v:40$306'.
Creating decoders for process `\andmix4.$proc$rtl/andmix4.v:39$299'.
Creating decoders for process `\andmix4.$proc$rtl/andmix4.v:39$292'.
Creating decoders for process `\andmix4.$proc$rtl/andmix4.v:33$285'.
Creating decoders for process `\andmix4.$proc$rtl/andmix4.v:33$278'.
Creating decoders for process `\andmix4.$proc$rtl/andmix4.v:32$271'.
Creating decoders for process `\andmix4.$proc$rtl/andmix4.v:32$264'.
Creating decoders for process `\andmix4.$proc$rtl/andmix4.v:31$257'.
Creating decoders for process `\andmix4.$proc$rtl/andmix4.v:31$250'.
Creating decoders for process `\andmix4.$proc$rtl/andmix4.v:30$243'.
Creating decoders for process `\andmix4.$proc$rtl/andmix4.v:30$236'.
Creating decoders for process `\tempest_v3_top.$proc$build/top_noinj.v:60$109'.
Creating decoders for process `\tempest_v3_top.$proc$build/top_noinj.v:109$20'.
     1/52: $2\rotl$func$build/top_noinj.v:147$9.a[63:0]$69
     2/52: $2\rotl$func$build/top_noinj.v:147$9.$result[63:0]$68
     3/52: $2\rotl$func$build/top_noinj.v:146$8.a[63:0]$67
     4/52: $2\rotl$func$build/top_noinj.v:146$8.$result[63:0]$66
     5/52: $2\rotl$func$build/top_noinj.v:145$7.a[63:0]$65
     6/52: $2\rotl$func$build/top_noinj.v:145$7.$result[63:0]$64
     7/52: $2\rotl$func$build/top_noinj.v:144$6.a[63:0]$63
     8/52: $2\rotl$func$build/top_noinj.v:144$6.$result[63:0]$62
     9/52: $2\rotl$func$build/top_noinj.v:134$5.a[63:0]$61
    10/52: $2\rotl$func$build/top_noinj.v:134$5.$result[63:0]$60
    11/52: $2\rotl$func$build/top_noinj.v:133$4.a[63:0]$59
    12/52: $2\rotl$func$build/top_noinj.v:133$4.$result[63:0]$58
    13/52: $2\rotl$func$build/top_noinj.v:132$3.a[63:0]$57
    14/52: $2\rotl$func$build/top_noinj.v:132$3.$result[63:0]$56
    15/52: $2\rotl$func$build/top_noinj.v:131$2.a[63:0]$55
    16/52: $2\rotl$func$build/top_noinj.v:131$2.$result[63:0]$54
    17/52: $1\rotl$func$build/top_noinj.v:147$9.a[63:0]$53
    18/52: $1\rotl$func$build/top_noinj.v:147$9.$result[63:0]$52
    19/52: $1\rotl$func$build/top_noinj.v:146$8.a[63:0]$51
    20/52: $1\rotl$func$build/top_noinj.v:146$8.$result[63:0]$50
    21/52: $1\rotl$func$build/top_noinj.v:145$7.a[63:0]$49
    22/52: $1\rotl$func$build/top_noinj.v:145$7.$result[63:0]$48
    23/52: $1\rotl$func$build/top_noinj.v:144$6.a[63:0]$47
    24/52: $1\rotl$func$build/top_noinj.v:144$6.$result[63:0]$46
    25/52: $1\rotl$func$build/top_noinj.v:134$5.a[63:0]$45
    26/52: $1\rotl$func$build/top_noinj.v:134$5.$result[63:0]$44
    27/52: $1\rotl$func$build/top_noinj.v:133$4.a[63:0]$43
    28/52: $1\rotl$func$build/top_noinj.v:133$4.$result[63:0]$42
    29/52: $1\rotl$func$build/top_noinj.v:132$3.a[63:0]$41
    30/52: $1\rotl$func$build/top_noinj.v:132$3.$result[63:0]$40
    31/52: $1\rotl$func$build/top_noinj.v:131$2.a[63:0]$39
    32/52: $1\rotl$func$build/top_noinj.v:131$2.$result[63:0]$38
    33/52: $0\rnd_valid_reg[0:0]
    34/52: $0\rnd_data_reg[127:0]
    35/52: $0\cnt[5:0]
    36/52: $0\state[2:0]
    37/52: $0\rk_z[63:0]
    38/52: $0\rk_w[63:0]
    39/52: $0\rk_v[63:0]
    40/52: $0\rk_u[63:0]
    41/52: $0\n1[63:0]
    42/52: $0\n0[63:0]
    43/52: $0\k3[63:0]
    44/52: $0\k2[63:0]
    45/52: $0\k1[63:0]
    46/52: $0\k0[63:0]
    47/52: $0\kw[63:0]
    48/52: $0\round_key[63:0]
    49/52: $0\w[63:0]
    50/52: $0\v[63:0]
    51/52: $0\u[63:0]
    52/52: $0\z[63:0]
Creating decoders for process `\tempest_v3_top.$proc$build/top_noinj.v:85$17'.
     1/11: $3\inj_z[63:0]
     2/11: $3\inj_v[63:0]
     3/11: $3\inj_u[63:0]
     4/11: $2\inj_z[63:0]
     5/11: $2\inj_w[63:0]
     6/11: $2\inj_v[63:0]
     7/11: $2\inj_u[63:0]
     8/11: $1\inj_z[63:0]
     9/11: $1\inj_w[63:0]
    10/11: $1\inj_v[63:0]
    11/11: $1\inj_u[63:0]

5.3.8. Executing PROC_DLATCH pass (convert process syncs to latches).
No latch inferred for signal `\output_function.\make_output$func$rtl/output_function.v:42$1031.$result' from process `\output_function.$proc$rtl/output_function.v:42$1157'.
No latch inferred for signal `\output_function.\make_output$func$rtl/output_function.v:41$1030.$result' from process `\output_function.$proc$rtl/output_function.v:41$1062'.
No latch inferred for signal `\round_function.\rotl$func$rtl/round_function.v:94$565.$result' from process `\round_function.$proc$rtl/round_function.v:94$1023'.
No latch inferred for signal `\round_function.\rotl$func$rtl/round_function.v:94$564.$result' from process `\round_function.$proc$rtl/round_function.v:94$1016'.
No latch inferred for signal `\round_function.\rotl$func$rtl/round_function.v:93$563.$result' from process `\round_function.$proc$rtl/round_function.v:93$1009'.
No latch inferred for signal `\round_function.\rotl$func$rtl/round_function.v:93$562.$result' from process `\round_function.$proc$rtl/round_function.v:93$1002'.
No latch inferred for signal `\round_function.\rotl$func$rtl/round_function.v:92$561.$result' from process `\round_function.$proc$rtl/round_function.v:92$995'.
No latch inferred for signal `\round_function.\rotl$func$rtl/round_function.v:92$560.$result' from process `\round_function.$proc$rtl/round_function.v:92$988'.
No latch inferred for signal `\round_function.\rotl$func$rtl/round_function.v:91$559.$result' from process `\round_function.$proc$rtl/round_function.v:91$981'.
No latch inferred for signal `\round_function.\rotl$func$rtl/round_function.v:91$558.$result' from process `\round_function.$proc$rtl/round_function.v:91$974'.
No latch inferred for signal `\round_function.\rotl$func$rtl/round_function.v:79$557.$result' from process `\round_function.$proc$rtl/round_function.v:79$967'.
No latch inferred for signal `\round_function.\rotl$func$rtl/round_function.v:79$556.$result' from process `\round_function.$proc$rtl/round_function.v:79$960'.
No latch inferred for signal `\round_function.\rotl$func$rtl/round_function.v:79$555.$result' from process `\round_function.$proc$rtl/round_function.v:79$953'.
No latch inferred for signal `\round_function.\rotl$func$rtl/round_function.v:79$554.$result' from process `\round_function.$proc$rtl/round_function.v:79$946'.
No latch inferred for signal `\round_function.\rotl$func$rtl/round_function.v:78$553.$result' from process `\round_function.$proc$rtl/round_function.v:78$939'.
No latch inferred for signal `\round_function.\rotl$func$rtl/round_function.v:78$552.$result' from process `\round_function.$proc$rtl/round_function.v:78$932'.
No latch inferred for signal `\round_function.\rotl$func$rtl/round_function.v:78$551.$result' from process `\round_function.$proc$rtl/round_function.v:78$925'.
No latch inferred for signal `\round_function.\rotl$func$rtl/round_function.v:78$550.$result' from process `\round_function.$proc$rtl/round_function.v:78$918'.
No latch inferred for signal `\round_function.\rotl$func$rtl/round_function.v:77$549.$result' from process `\round_function.$proc$rtl/round_function.v:77$911'.
No latch inferred for signal `\round_function.\rotl$func$rtl/round_function.v:77$548.$result' from process `\round_function.$proc$rtl/round_function.v:77$904'.
No latch inferred for signal `\round_function.\rotl$func$rtl/round_function.v:77$547.$result' from process `\round_function.$proc$rtl/round_function.v:77$897'.
No latch inferred for signal `\round_function.\rotl$func$rtl/round_function.v:77$546.$result' from process `\round_function.$proc$rtl/round_function.v:77$890'.
No latch inferred for signal `\round_function.\rotl$func$rtl/round_function.v:76$545.$result' from process `\round_function.$proc$rtl/round_function.v:76$883'.
No latch inferred for signal `\round_function.\rotl$func$rtl/round_function.v:76$544.$result' from process `\round_function.$proc$rtl/round_function.v:76$876'.
No latch inferred for signal `\round_function.\rotl$func$rtl/round_function.v:76$543.$result' from process `\round_function.$proc$rtl/round_function.v:76$869'.
No latch inferred for signal `\round_function.\rotl$func$rtl/round_function.v:76$542.$result' from process `\round_function.$proc$rtl/round_function.v:76$862'.
No latch inferred for signal `\round_function.\rotl$func$rtl/round_function.v:64$541.$result' from process `\round_function.$proc$rtl/round_function.v:64$855'.
No latch inferred for signal `\round_function.\rotl$func$rtl/round_function.v:63$540.$result' from process `\round_function.$proc$rtl/round_function.v:63$848'.
No latch inferred for signal `\round_function.\rotl$func$rtl/round_function.v:62$539.$result' from process `\round_function.$proc$rtl/round_function.v:62$841'.
No latch inferred for signal `\round_function.\rotl$func$rtl/round_function.v:61$538.$result' from process `\round_function.$proc$rtl/round_function.v:61$834'.
No latch inferred for signal `\round_function.\rotl$func$rtl/round_function.v:58$537.$result' from process `\round_function.$proc$rtl/round_function.v:58$826'.
No latch inferred for signal `\round_function.\rotl$func$rtl/round_function.v:55$536.$result' from process `\round_function.$proc$rtl/round_function.v:55$819'.
No latch inferred for signal `\round_function.\rotl$func$rtl/round_function.v:37$535.$result' from process `\round_function.$proc$rtl/round_function.v:37$812'.
No latch inferred for signal `\round_function.\rotl$func$rtl/round_function.v:37$534.$result' from process `\round_function.$proc$rtl/round_function.v:37$805'.
No latch inferred for signal `\round_function.\rotl$func$rtl/round_function.v:36$533.$result' from process `\round_function.$proc$rtl/round_function.v:36$798'.
No latch inferred for signal `\round_function.\rotl$func$rtl/round_function.v:36$532.$result' from process `\round_function.$proc$rtl/round_function.v:36$791'.
No latch inferred for signal `\round_function.\rotl$func$rtl/round_function.v:32$531.$result' from process `\round_function.$proc$rtl/round_function.v:32$784'.
No latch inferred for signal `\round_function.\rotl$func$rtl/round_function.v:32$530.$result' from process `\round_function.$proc$rtl/round_function.v:32$777'.
No latch inferred for signal `\round_function.\rotl$func$rtl/round_function.v:32$529.$result' from process `\round_function.$proc$rtl/round_function.v:32$770'.
No latch inferred for signal `\round_function.\rotl$func$rtl/round_function.v:32$528.$result' from process `\round_function.$proc$rtl/round_function.v:32$763'.
No latch inferred for signal `\round_function.\rotl$func$rtl/round_function.v:31$527.$result' from process `\round_function.$proc$rtl/round_function.v:31$756'.
No latch inferred for signal `\round_function.\rotl$func$rtl/round_function.v:31$526.$result' from process `\round_function.$proc$rtl/round_function.v:31$749'.
No latch inferred for signal `\round_function.\rotl$func$rtl/round_function.v:31$525.$result' from process `\round_function.$proc$rtl/round_function.v:31$742'.
No latch inferred for signal `\round_function.\rotl$func$rtl/round_function.v:31$524.$result' from process `\round_function.$proc$rtl/round_function.v:31$735'.
No latch inferred for signal `\round_function.\rotl$func$rtl/round_function.v:30$523.$result' from process `\round_function.$proc$rtl/round_function.v:30$728'.
No latch inferred for signal `\round_function.\rotl$func$rtl/round_function.v:30$522.$result' from process `\round_function.$proc$rtl/round_function.v:30$721'.
No latch inferred for signal `\round_function.\rotl$func$rtl/round_function.v:30$521.$result' from process `\round_function.$proc$rtl/round_function.v:30$714'.
No latch inferred for signal `\round_function.\rotl$func$rtl/round_function.v:30$520.$result' from process `\round_function.$proc$rtl/round_function.v:30$707'.
No latch inferred for signal `\round_function.\rotl$func$rtl/round_function.v:29$519.$result' from process `\round_function.$proc$rtl/round_function.v:29$700'.
No latch inferred for signal `\round_function.\rotl$func$rtl/round_function.v:29$518.$result' from process `\round_function.$proc$rtl/round_function.v:29$693'.
No latch inferred for signal `\round_function.\rotl$func$rtl/round_function.v:29$517.$result' from process `\round_function.$proc$rtl/round_function.v:29$686'.
No latch inferred for signal `\round_function.\rotl$func$rtl/round_function.v:29$516.$result' from process `\round_function.$proc$rtl/round_function.v:29$679'.
No latch inferred for signal `\andmix4.\rotl$func$rtl/andmix4.v:68$155.$result' from process `\andmix4.$proc$rtl/andmix4.v:68$509'.
No latch inferred for signal `\andmix4.\rotl$func$rtl/andmix4.v:68$154.$result' from process `\andmix4.$proc$rtl/andmix4.v:68$502'.
No latch inferred for signal `\andmix4.\rotl$func$rtl/andmix4.v:67$153.$result' from process `\andmix4.$proc$rtl/andmix4.v:67$495'.
No latch inferred for signal `\andmix4.\rotl$func$rtl/andmix4.v:67$152.$result' from process `\andmix4.$proc$rtl/andmix4.v:67$488'.
No latch inferred for signal `\andmix4.\rotl$func$rtl/andmix4.v:66$151.$result' from process `\andmix4.$proc$rtl/andmix4.v:66$481'.
No latch inferred for signal `\andmix4.\rotl$func$rtl/andmix4.v:66$150.$result' from process `\andmix4.$proc$rtl/andmix4.v:66$474'.
No latch inferred for signal `\andmix4.\rotl$func$rtl/andmix4.v:65$149.$result' from process `\andmix4.$proc$rtl/andmix4.v:65$467'.
No latch inferred for signal `\andmix4.\rotl$func$rtl/andmix4.v:65$148.$result' from process `\andmix4.$proc$rtl/andmix4.v:65$460'.
No latch inferred for signal `\andmix4.\rotl$func$rtl/andmix4.v:60$147.$result' from process `\andmix4.$proc$rtl/andmix4.v:60$453'.
No latch inferred for signal `\andmix4.\rotl$func$rtl/andmix4.v:60$146.$result' from process `\andmix4.$proc$rtl/andmix4.v:60$446'.
No latch inferred for signal `\andmix4.\rotl$func$rtl/andmix4.v:59$145.$result' from process `\andmix4.$proc$rtl/andmix4.v:59$439'.
No latch inferred for signal `\andmix4.\rotl$func$rtl/andmix4.v:59$144.$result' from process `\andmix4.$proc$rtl/andmix4.v:59$432'.
No latch inferred for signal `\andmix4.\rotl$func$rtl/andmix4.v:58$143.$result' from process `\andmix4.$proc$rtl/andmix4.v:58$425'.
No latch inferred for signal `\andmix4.\rotl$func$rtl/andmix4.v:58$142.$result' from process `\andmix4.$proc$rtl/andmix4.v:58$418'.
No latch inferred for signal `\andmix4.\rotl$func$rtl/andmix4.v:57$141.$result' from process `\andmix4.$proc$rtl/andmix4.v:57$411'.
No latch inferred for signal `\andmix4.\rotl$func$rtl/andmix4.v:57$140.$result' from process `\andmix4.$proc$rtl/andmix4.v:57$404'.
No latch inferred for signal `\andmix4.\rotl$func$rtl/andmix4.v:51$139.$result' from process `\andmix4.$proc$rtl/andmix4.v:51$397'.
No latch inferred for signal `\andmix4.\rotl$func$rtl/andmix4.v:51$138.$result' from process `\andmix4.$proc$rtl/andmix4.v:51$390'.
No latch inferred for signal `\andmix4.\rotl$func$rtl/andmix4.v:50$137.$result' from process `\andmix4.$proc$rtl/andmix4.v:50$383'.
No latch inferred for signal `\andmix4.\rotl$func$rtl/andmix4.v:50$136.$result' from process `\andmix4.$proc$rtl/andmix4.v:50$376'.
No latch inferred for signal `\andmix4.\rotl$func$rtl/andmix4.v:49$135.$result' from process `\andmix4.$proc$rtl/andmix4.v:49$369'.
No latch inferred for signal `\andmix4.\rotl$func$rtl/andmix4.v:49$134.$result' from process `\andmix4.$proc$rtl/andmix4.v:49$362'.
No latch inferred for signal `\andmix4.\rotl$func$rtl/andmix4.v:48$133.$result' from process `\andmix4.$proc$rtl/andmix4.v:48$355'.
No latch inferred for signal `\andmix4.\rotl$func$rtl/andmix4.v:48$132.$result' from process `\andmix4.$proc$rtl/andmix4.v:48$348'.
No latch inferred for signal `\andmix4.\rotl$func$rtl/andmix4.v:42$131.$result' from process `\andmix4.$proc$rtl/andmix4.v:42$341'.
No latch inferred for signal `\andmix4.\rotl$func$rtl/andmix4.v:42$130.$result' from process `\andmix4.$proc$rtl/andmix4.v:42$334'.
No latch inferred for signal `\andmix4.\rotl$func$rtl/andmix4.v:41$129.$result' from process `\andmix4.$proc$rtl/andmix4.v:41$327'.
No latch inferred for signal `\andmix4.\rotl$func$rtl/andmix4.v:41$128.$result' from process `\andmix4.$proc$rtl/andmix4.v:41$320'.
No latch inferred for signal `\andmix4.\rotl$func$rtl/andmix4.v:40$127.$result' from process `\andmix4.$proc$rtl/andmix4.v:40$313'.
No latch inferred for signal `\andmix4.\rotl$func$rtl/andmix4.v:40$126.$result' from process `\andmix4.$proc$rtl/andmix4.v:40$306'.
No latch inferred for signal `\andmix4.\rotl$func$rtl/andmix4.v:39$125.$result' from process `\andmix4.$proc$rtl/andmix4.v:39$299'.
No latch inferred for signal `\andmix4.\rotl$func$rtl/andmix4.v:39$124.$result' from process `\andmix4.$proc$rtl/andmix4.v:39$292'.
No latch inferred for signal `\andmix4.\rotl$func$rtl/andmix4.v:33$123.$result' from process `\andmix4.$proc$rtl/andmix4.v:33$285'.
No latch inferred for signal `\andmix4.\rotl$func$rtl/andmix4.v:33$122.$result' from process `\andmix4.$proc$rtl/andmix4.v:33$278'.
No latch inferred for signal `\andmix4.\rotl$func$rtl/andmix4.v:32$121.$result' from process `\andmix4.$proc$rtl/andmix4.v:32$271'.
No latch inferred for signal `\andmix4.\rotl$func$rtl/andmix4.v:32$120.$result' from process `\andmix4.$proc$rtl/andmix4.v:32$264'.
No latch inferred for signal `\andmix4.\rotl$func$rtl/andmix4.v:31$119.$result' from process `\andmix4.$proc$rtl/andmix4.v:31$257'.
No latch inferred for signal `\andmix4.\rotl$func$rtl/andmix4.v:31$118.$result' from process `\andmix4.$proc$rtl/andmix4.v:31$250'.
No latch inferred for signal `\andmix4.\rotl$func$rtl/andmix4.v:30$117.$result' from process `\andmix4.$proc$rtl/andmix4.v:30$243'.
No latch inferred for signal `\andmix4.\rotl$func$rtl/andmix4.v:30$116.$result' from process `\andmix4.$proc$rtl/andmix4.v:30$236'.
No latch inferred for signal `\tempest_v3_top.\rotl$func$build/top_noinj.v:60$1.$result' from process `\tempest_v3_top.$proc$build/top_noinj.v:60$109'.
No latch inferred for signal `\tempest_v3_top.\inj_u' from process `\tempest_v3_top.$proc$build/top_noinj.v:85$17'.
No latch inferred for signal `\tempest_v3_top.\inj_v' from process `\tempest_v3_top.$proc$build/top_noinj.v:85$17'.
No latch inferred for signal `\tempest_v3_top.\inj_w' from process `\tempest_v3_top.$proc$build/top_noinj.v:85$17'.
No latch inferred for signal `\tempest_v3_top.\inj_z' from process `\tempest_v3_top.$proc$build/top_noinj.v:85$17'.

5.3.9. Executing PROC_DFF pass (convert process syncs to FFs).
Creating register for signal `\tempest_v3_top.\z' using process `\tempest_v3_top.$proc$build/top_noinj.v:109$20'.
  created $adff cell `$procdff$1895' with positive edge clock and positive level reset.
Creating register for signal `\tempest_v3_top.\u' using process `\tempest_v3_top.$proc$build/top_noinj.v:109$20'.
  created $adff cell `$procdff$1900' with positive edge clock and positive level reset.
Creating register for signal `\tempest_v3_top.\v' using process `\tempest_v3_top.$proc$build/top_noinj.v:109$20'.
  created $adff cell `$procdff$1905' with positive edge clock and positive level reset.
Creating register for signal `\tempest_v3_top.\w' using process `\tempest_v3_top.$proc$build/top_noinj.v:109$20'.
  created $adff cell `$procdff$1910' with positive edge clock and positive level reset.
Creating register for signal `\tempest_v3_top.\round_key' using process `\tempest_v3_top.$proc$build/top_noinj.v:109$20'.
  created $adff cell `$procdff$1915' with positive edge clock and positive level reset.
Creating register for signal `\tempest_v3_top.\kw' using process `\tempest_v3_top.$proc$build/top_noinj.v:109$20'.
  created $adff cell `$procdff$1920' with positive edge clock and positive level reset.
Creating register for signal `\tempest_v3_top.\k0' using process `\tempest_v3_top.$proc$build/top_noinj.v:109$20'.
  created $dff cell `$procdff$1927' with positive edge clock.
Creating register for signal `\tempest_v3_top.\k1' using process `\tempest_v3_top.$proc$build/top_noinj.v:109$20'.
  created $dff cell `$procdff$1934' with positive edge clock.
Creating register for signal `\tempest_v3_top.\k2' using process `\tempest_v3_top.$proc$build/top_noinj.v:109$20'.
  created $dff cell `$procdff$1941' with positive edge clock.
Creating register for signal `\tempest_v3_top.\k3' using process `\tempest_v3_top.$proc$build/top_noinj.v:109$20'.
  created $dff cell `$procdff$1948' with positive edge clock.
Creating register for signal `\tempest_v3_top.\n0' using process `\tempest_v3_top.$proc$build/top_noinj.v:109$20'.
  created $dff cell `$procdff$1955' with positive edge clock.
Creating register for signal `\tempest_v3_top.\n1' using process `\tempest_v3_top.$proc$build/top_noinj.v:109$20'.
  created $dff cell `$procdff$1962' with positive edge clock.
Creating register for signal `\tempest_v3_top.\rk_u' using process `\tempest_v3_top.$proc$build/top_noinj.v:109$20'.
  created $dff cell `$procdff$1969' with positive edge clock.
Creating register for signal `\tempest_v3_top.\rk_v' using process `\tempest_v3_top.$proc$build/top_noinj.v:109$20'.
  created $dff cell `$procdff$1976' with positive edge clock.
Creating register for signal `\tempest_v3_top.\rk_w' using process `\tempest_v3_top.$proc$build/top_noinj.v:109$20'.
  created $dff cell `$procdff$1983' with positive edge clock.
Creating register for signal `\tempest_v3_top.\rk_z' using process `\tempest_v3_top.$proc$build/top_noinj.v:109$20'.
  created $dff cell `$procdff$1990' with positive edge clock.
Creating register for signal `\tempest_v3_top.\state' using process `\tempest_v3_top.$proc$build/top_noinj.v:109$20'.
  created $adff cell `$procdff$1995' with positive edge clock and positive level reset.
Creating register for signal `\tempest_v3_top.\cnt' using process `\tempest_v3_top.$proc$build/top_noinj.v:109$20'.
  created $adff cell `$procdff$2000' with positive edge clock and positive level reset.
Creating register for signal `\tempest_v3_top.\rnd_data_reg' using process `\tempest_v3_top.$proc$build/top_noinj.v:109$20'.
  created $adff cell `$procdff$2005' with positive edge clock and positive level reset.
Creating register for signal `\tempest_v3_top.\rnd_valid_reg' using process `\tempest_v3_top.$proc$build/top_noinj.v:109$20'.
  created $adff cell `$procdff$2010' with positive edge clock and positive level reset.
Creating register for signal `\tempest_v3_top.\rotl$func$build/top_noinj.v:131$2.$result' using process `\tempest_v3_top.$proc$build/top_noinj.v:109$20'.
  created $adff cell `$procdff$2015' with positive edge clock and positive level reset.
Creating register for signal `\tempest_v3_top.\rotl$func$build/top_noinj.v:131$2.a' using process `\tempest_v3_top.$proc$build/top_noinj.v:109$20'.
  created $adff cell `$procdff$2020' with positive edge clock and positive level reset.
Creating register for signal `\tempest_v3_top.\rotl$func$build/top_noinj.v:132$3.$result' using process `\tempest_v3_top.$proc$build/top_noinj.v:109$20'.
  created $adff cell `$procdff$2025' with positive edge clock and positive level reset.
Creating register for signal `\tempest_v3_top.\rotl$func$build/top_noinj.v:132$3.a' using process `\tempest_v3_top.$proc$build/top_noinj.v:109$20'.
  created $adff cell `$procdff$2030' with positive edge clock and positive level reset.
Creating register for signal `\tempest_v3_top.\rotl$func$build/top_noinj.v:133$4.$result' using process `\tempest_v3_top.$proc$build/top_noinj.v:109$20'.
  created $adff cell `$procdff$2035' with positive edge clock and positive level reset.
Creating register for signal `\tempest_v3_top.\rotl$func$build/top_noinj.v:133$4.a' using process `\tempest_v3_top.$proc$build/top_noinj.v:109$20'.
  created $adff cell `$procdff$2040' with positive edge clock and positive level reset.
Creating register for signal `\tempest_v3_top.\rotl$func$build/top_noinj.v:134$5.$result' using process `\tempest_v3_top.$proc$build/top_noinj.v:109$20'.
  created $adff cell `$procdff$2045' with positive edge clock and positive level reset.
Creating register for signal `\tempest_v3_top.\rotl$func$build/top_noinj.v:134$5.a' using process `\tempest_v3_top.$proc$build/top_noinj.v:109$20'.
  created $adff cell `$procdff$2050' with positive edge clock and positive level reset.
Creating register for signal `\tempest_v3_top.\rotl$func$build/top_noinj.v:144$6.$result' using process `\tempest_v3_top.$proc$build/top_noinj.v:109$20'.
  created $adff cell `$procdff$2055' with positive edge clock and positive level reset.
Creating register for signal `\tempest_v3_top.\rotl$func$build/top_noinj.v:144$6.a' using process `\tempest_v3_top.$proc$build/top_noinj.v:109$20'.
  created $adff cell `$procdff$2060' with positive edge clock and positive level reset.
Creating register for signal `\tempest_v3_top.\rotl$func$build/top_noinj.v:145$7.$result' using process `\tempest_v3_top.$proc$build/top_noinj.v:109$20'.
  created $adff cell `$procdff$2065' with positive edge clock and positive level reset.
Creating register for signal `\tempest_v3_top.\rotl$func$build/top_noinj.v:145$7.a' using process `\tempest_v3_top.$proc$build/top_noinj.v:109$20'.
  created $adff cell `$procdff$2070' with positive edge clock and positive level reset.
Creating register for signal `\tempest_v3_top.\rotl$func$build/top_noinj.v:146$8.$result' using process `\tempest_v3_top.$proc$build/top_noinj.v:109$20'.
  created $adff cell `$procdff$2075' with positive edge clock and positive level reset.
Creating register for signal `\tempest_v3_top.\rotl$func$build/top_noinj.v:146$8.a' using process `\tempest_v3_top.$proc$build/top_noinj.v:109$20'.
  created $adff cell `$procdff$2080' with positive edge clock and positive level reset.
Creating register for signal `\tempest_v3_top.\rotl$func$build/top_noinj.v:147$9.$result' using process `\tempest_v3_top.$proc$build/top_noinj.v:109$20'.
  created $adff cell `$procdff$2085' with positive edge clock and positive level reset.
Creating register for signal `\tempest_v3_top.\rotl$func$build/top_noinj.v:147$9.a' using process `\tempest_v3_top.$proc$build/top_noinj.v:109$20'.
  created $adff cell `$procdff$2090' with positive edge clock and positive level reset.

5.3.10. Executing PROC_MEMWR pass (convert process memory writes to cells).

5.3.11. Executing PROC_CLEAN pass (remove empty switches from decision trees).
Removing empty process `output_function.$proc$rtl/output_function.v:42$1157'.
Removing empty process `output_function.$proc$rtl/output_function.v:41$1062'.
Removing empty process `round_function.$proc$rtl/round_function.v:94$1023'.
Removing empty process `round_function.$proc$rtl/round_function.v:94$1016'.
Removing empty process `round_function.$proc$rtl/round_function.v:93$1009'.
Removing empty process `round_function.$proc$rtl/round_function.v:93$1002'.
Removing empty process `round_function.$proc$rtl/round_function.v:92$995'.
Removing empty process `round_function.$proc$rtl/round_function.v:92$988'.
Removing empty process `round_function.$proc$rtl/round_function.v:91$981'.
Removing empty process `round_function.$proc$rtl/round_function.v:91$974'.
Removing empty process `round_function.$proc$rtl/round_function.v:79$967'.
Removing empty process `round_function.$proc$rtl/round_function.v:79$960'.
Removing empty process `round_function.$proc$rtl/round_function.v:79$953'.
Removing empty process `round_function.$proc$rtl/round_function.v:79$946'.
Removing empty process `round_function.$proc$rtl/round_function.v:78$939'.
Removing empty process `round_function.$proc$rtl/round_function.v:78$932'.
Removing empty process `round_function.$proc$rtl/round_function.v:78$925'.
Removing empty process `round_function.$proc$rtl/round_function.v:78$918'.
Removing empty process `round_function.$proc$rtl/round_function.v:77$911'.
Removing empty process `round_function.$proc$rtl/round_function.v:77$904'.
Removing empty process `round_function.$proc$rtl/round_function.v:77$897'.
Removing empty process `round_function.$proc$rtl/round_function.v:77$890'.
Removing empty process `round_function.$proc$rtl/round_function.v:76$883'.
Removing empty process `round_function.$proc$rtl/round_function.v:76$876'.
Removing empty process `round_function.$proc$rtl/round_function.v:76$869'.
Removing empty process `round_function.$proc$rtl/round_function.v:76$862'.
Removing empty process `round_function.$proc$rtl/round_function.v:64$855'.
Removing empty process `round_function.$proc$rtl/round_function.v:63$848'.
Removing empty process `round_function.$proc$rtl/round_function.v:62$841'.
Removing empty process `round_function.$proc$rtl/round_function.v:61$834'.
Removing empty process `round_function.$proc$rtl/round_function.v:58$826'.
Removing empty process `round_function.$proc$rtl/round_function.v:55$819'.
Removing empty process `round_function.$proc$rtl/round_function.v:37$812'.
Removing empty process `round_function.$proc$rtl/round_function.v:37$805'.
Removing empty process `round_function.$proc$rtl/round_function.v:36$798'.
Removing empty process `round_function.$proc$rtl/round_function.v:36$791'.
Removing empty process `round_function.$proc$rtl/round_function.v:32$784'.
Removing empty process `round_function.$proc$rtl/round_function.v:32$777'.
Removing empty process `round_function.$proc$rtl/round_function.v:32$770'.
Removing empty process `round_function.$proc$rtl/round_function.v:32$763'.
Removing empty process `round_function.$proc$rtl/round_function.v:31$756'.
Removing empty process `round_function.$proc$rtl/round_function.v:31$749'.
Removing empty process `round_function.$proc$rtl/round_function.v:31$742'.
Removing empty process `round_function.$proc$rtl/round_function.v:31$735'.
Removing empty process `round_function.$proc$rtl/round_function.v:30$728'.
Removing empty process `round_function.$proc$rtl/round_function.v:30$721'.
Removing empty process `round_function.$proc$rtl/round_function.v:30$714'.
Removing empty process `round_function.$proc$rtl/round_function.v:30$707'.
Removing empty process `round_function.$proc$rtl/round_function.v:29$700'.
Removing empty process `round_function.$proc$rtl/round_function.v:29$693'.
Removing empty process `round_function.$proc$rtl/round_function.v:29$686'.
Removing empty process `round_function.$proc$rtl/round_function.v:29$679'.
Removing empty process `andmix4.$proc$rtl/andmix4.v:68$509'.
Removing empty process `andmix4.$proc$rtl/andmix4.v:68$502'.
Removing empty process `andmix4.$proc$rtl/andmix4.v:67$495'.
Removing empty process `andmix4.$proc$rtl/andmix4.v:67$488'.
Removing empty process `andmix4.$proc$rtl/andmix4.v:66$481'.
Removing empty process `andmix4.$proc$rtl/andmix4.v:66$474'.
Removing empty process `andmix4.$proc$rtl/andmix4.v:65$467'.
Removing empty process `andmix4.$proc$rtl/andmix4.v:65$460'.
Removing empty process `andmix4.$proc$rtl/andmix4.v:60$453'.
Removing empty process `andmix4.$proc$rtl/andmix4.v:60$446'.
Removing empty process `andmix4.$proc$rtl/andmix4.v:59$439'.
Removing empty process `andmix4.$proc$rtl/andmix4.v:59$432'.
Removing empty process `andmix4.$proc$rtl/andmix4.v:58$425'.
Removing empty process `andmix4.$proc$rtl/andmix4.v:58$418'.
Removing empty process `andmix4.$proc$rtl/andmix4.v:57$411'.
Removing empty process `andmix4.$proc$rtl/andmix4.v:57$404'.
Removing empty process `andmix4.$proc$rtl/andmix4.v:51$397'.
Removing empty process `andmix4.$proc$rtl/andmix4.v:51$390'.
Removing empty process `andmix4.$proc$rtl/andmix4.v:50$383'.
Removing empty process `andmix4.$proc$rtl/andmix4.v:50$376'.
Removing empty process `andmix4.$proc$rtl/andmix4.v:49$369'.
Removing empty process `andmix4.$proc$rtl/andmix4.v:49$362'.
Removing empty process `andmix4.$proc$rtl/andmix4.v:48$355'.
Removing empty process `andmix4.$proc$rtl/andmix4.v:48$348'.
Removing empty process `andmix4.$proc$rtl/andmix4.v:42$341'.
Removing empty process `andmix4.$proc$rtl/andmix4.v:42$334'.
Removing empty process `andmix4.$proc$rtl/andmix4.v:41$327'.
Removing empty process `andmix4.$proc$rtl/andmix4.v:41$320'.
Removing empty process `andmix4.$proc$rtl/andmix4.v:40$313'.
Removing empty process `andmix4.$proc$rtl/andmix4.v:40$306'.
Removing empty process `andmix4.$proc$rtl/andmix4.v:39$299'.
Removing empty process `andmix4.$proc$rtl/andmix4.v:39$292'.
Removing empty process `andmix4.$proc$rtl/andmix4.v:33$285'.
Removing empty process `andmix4.$proc$rtl/andmix4.v:33$278'.
Removing empty process `andmix4.$proc$rtl/andmix4.v:32$271'.
Removing empty process `andmix4.$proc$rtl/andmix4.v:32$264'.
Removing empty process `andmix4.$proc$rtl/andmix4.v:31$257'.
Removing empty process `andmix4.$proc$rtl/andmix4.v:31$250'.
Removing empty process `andmix4.$proc$rtl/andmix4.v:30$243'.
Removing empty process `andmix4.$proc$rtl/andmix4.v:30$236'.
Removing empty process `tempest_v3_top.$proc$build/top_noinj.v:60$109'.
Found and cleaned up 4 empty switches in `\tempest_v3_top.$proc$build/top_noinj.v:109$20'.
Removing empty process `tempest_v3_top.$proc$build/top_noinj.v:109$20'.
Found and cleaned up 3 empty switches in `\tempest_v3_top.$proc$build/top_noinj.v:85$17'.
Removing empty process `tempest_v3_top.$proc$build/top_noinj.v:85$17'.
Cleaned up 7 empty switches.

5.3.12. Executing OPT_EXPR pass (perform const folding).
Optimizing module output_function.
<suppressed ~58 debug messages>
Optimizing module round_function.
<suppressed ~106 debug messages>
Optimizing module andmix4.
<suppressed ~80 debug messages>
Optimizing module tempest_v3_top.
<suppressed ~98 debug messages>

5.4. Executing CHECK pass (checking for obvious problems).
Checking module output_function...
Checking module round_function...
Checking module andmix4...
Checking module tempest_v3_top...
Found and reported 0 problems.

5.5. Executing FLATTEN pass (flatten design).
Deleting now unused module output_function.
Deleting now unused module round_function.
Deleting now unused module andmix4.
<suppressed ~3 debug messages>

5.6. Executing TRIBUF pass.

5.7. Executing DEMINOUT pass (demote inout ports to input or output).

5.8. Executing OPT_EXPR pass (perform const folding).
Optimizing module tempest_v3_top.
<suppressed ~4 debug messages>

5.9. Executing OPT_CLEAN pass (remove unused cells and wires).
Finding unused cells or wires in module \tempest_v3_top..
Removed 135 unused cells and 1144 unused wires.
<suppressed ~154 debug messages>

5.10. Executing CHECK pass (checking for obvious problems).
Checking module tempest_v3_top...
Found and reported 0 problems.

5.11. Executing OPT pass (performing simple optimizations).

5.11.1. Executing OPT_EXPR pass (perform const folding).
Optimizing module tempest_v3_top.

5.11.2. Executing OPT_MERGE pass (detect identical cells).
Finding identical cells in module `\tempest_v3_top'.
Computing hashes of 343 cells of `\tempest_v3_top'.
Finding duplicate cells in `\tempest_v3_top'.
Computing hashes of 312 cells of `\tempest_v3_top'.
Finding duplicate cells in `\tempest_v3_top'.
<suppressed ~93 debug messages>
Removed a total of 31 cells.

5.11.3. Executing OPT_MUXTREE pass (detect dead branches in mux trees).
Running muxtree optimizer on module \tempest_v3_top..
  Creating internal representation of mux trees.
  Evaluating internal representation of mux trees.
  Analyzing evaluation results.
    dead port 2/2 on $mux $procmux$1877.
    dead port 2/2 on $mux $procmux$1872.
    dead port 2/2 on $mux $procmux$1867.
    dead port 2/2 on $mux $procmux$1862.
    dead port 1/2 on $mux $procmux$1857.
    dead port 1/2 on $mux $procmux$1852.
    dead port 1/2 on $mux $procmux$1847.
Removed 7 multiplexer ports.
<suppressed ~48 debug messages>

5.11.4. Executing OPT_REDUCE pass (consolidate $*mux and $reduce_* inputs).
  Optimizing cells in module \tempest_v3_top.
    New ctrl vector for $pmux cell $procmux$1816: { $auto$opt_reduce.cc:137:opt_pmux$2109 $procmux$1843_CMP }
  Optimizing cells in module \tempest_v3_top.
Performed a total of 5 changes.

5.11.5. Executing OPT_MERGE pass (detect identical cells).
Finding identical cells in module `\tempest_v3_top'.
Computing hashes of 302 cells of `\tempest_v3_top'.
Finding duplicate cells in `\tempest_v3_top'.
Removed a total of 0 cells.

5.11.6. Executing OPT_DFF pass (perform DFF optimizations).

5.11.7. Executing OPT_CLEAN pass (remove unused cells and wires).
Finding unused cells or wires in module \tempest_v3_top..
Removed 1 unused cells and 39 unused wires.
<suppressed ~2 debug messages>

5.11.8. Executing OPT_EXPR pass (perform const folding).
Optimizing module tempest_v3_top.
<suppressed ~4 debug messages>

5.11.9. Rerunning OPT passes. (Maybe there is more to do..)

5.11.10. Executing OPT_MUXTREE pass (detect dead branches in mux trees).
Running muxtree optimizer on module \tempest_v3_top..
  Creating internal representation of mux trees.
  Evaluating internal representation of mux trees.
  Analyzing evaluation results.
Removed 0 multiplexer ports.
<suppressed ~33 debug messages>

5.11.11. Executing OPT_REDUCE pass (consolidate $*mux and $reduce_* inputs).
  Optimizing cells in module \tempest_v3_top.
    New ctrl vector for $pmux cell $procmux$1839: { $auto$opt_reduce.cc:137:opt_pmux$2111 $procmux$1738_CMP $procmux$1734_CMP }
    New ctrl vector for $pmux cell $procmux$1833: { $auto$opt_reduce.cc:137:opt_pmux$2113 $procmux$1738_CMP $procmux$1734_CMP }
    New ctrl vector for $pmux cell $procmux$1827: { $auto$opt_reduce.cc:137:opt_pmux$2115 $procmux$1738_CMP $procmux$1734_CMP }
    New ctrl vector for $pmux cell $procmux$1821: { $auto$opt_reduce.cc:137:opt_pmux$2117 $procmux$1738_CMP $procmux$1734_CMP }
  Optimizing cells in module \tempest_v3_top.
Performed a total of 4 changes.

5.11.12. Executing OPT_MERGE pass (detect identical cells).
Finding identical cells in module `\tempest_v3_top'.
Computing hashes of 301 cells of `\tempest_v3_top'.
Finding duplicate cells in `\tempest_v3_top'.
Computing hashes of 297 cells of `\tempest_v3_top'.
Finding duplicate cells in `\tempest_v3_top'.
<suppressed ~12 debug messages>
Removed a total of 4 cells.

5.11.13. Executing OPT_DFF pass (perform DFF optimizations).

5.11.14. Executing OPT_CLEAN pass (remove unused cells and wires).
Finding unused cells or wires in module \tempest_v3_top..
Removed 0 unused cells and 8 unused wires.
<suppressed ~1 debug messages>

5.11.15. Executing OPT_EXPR pass (perform const folding).
Optimizing module tempest_v3_top.

5.11.16. Rerunning OPT passes. (Maybe there is more to do..)

5.11.17. Executing OPT_MUXTREE pass (detect dead branches in mux trees).
Running muxtree optimizer on module \tempest_v3_top..
  Creating internal representation of mux trees.
  Evaluating internal representation of mux trees.
  Analyzing evaluation results.
Removed 0 multiplexer ports.
<suppressed ~33 debug messages>

5.11.18. Executing OPT_REDUCE pass (consolidate $*mux and $reduce_* inputs).
  Optimizing cells in module \tempest_v3_top.
Performed a total of 0 changes.

5.11.19. Executing OPT_MERGE pass (detect identical cells).
Finding identical cells in module `\tempest_v3_top'.
Computing hashes of 297 cells of `\tempest_v3_top'.
Finding duplicate cells in `\tempest_v3_top'.
Removed a total of 0 cells.

5.11.20. Executing OPT_DFF pass (perform DFF optimizations).

5.11.21. Executing OPT_CLEAN pass (remove unused cells and wires).
Finding unused cells or wires in module \tempest_v3_top..

5.11.22. Executing OPT_EXPR pass (perform const folding).
Optimizing module tempest_v3_top.

5.11.23. Finished fast OPT passes. (There is nothing left to do.)

5.12. Executing FSM pass (extract and optimize FSM).

5.12.1. Executing FSM_DETECT pass (finding FSMs in design).
Not marking tempest_v3_top.state as FSM state register:
    Users of register don't seem to benefit from recoding.

5.12.2. Executing FSM_EXTRACT pass (extracting FSM from design).

5.12.3. Executing FSM_OPT pass (simple optimizations of FSMs).

5.12.4. Executing OPT_CLEAN pass (remove unused cells and wires).
Finding unused cells or wires in module \tempest_v3_top..

5.12.5. Executing FSM_OPT pass (simple optimizations of FSMs).

5.12.6. Executing FSM_RECODE pass (re-assigning FSM state encoding).

5.12.7. Executing FSM_INFO pass (dumping all available information on FSM cells).

5.12.8. Executing FSM_MAP pass (mapping FSMs to basic logic).

5.13. Executing OPT pass (performing simple optimizations).

5.13.1. Executing OPT_EXPR pass (perform const folding).
Optimizing module tempest_v3_top.

5.13.2. Executing OPT_MERGE pass (detect identical cells).
Finding identical cells in module `\tempest_v3_top'.
Computing hashes of 297 cells of `\tempest_v3_top'.
Finding duplicate cells in `\tempest_v3_top'.
Removed a total of 0 cells.

5.13.3. Executing OPT_MUXTREE pass (detect dead branches in mux trees).
Running muxtree optimizer on module \tempest_v3_top..
  Creating internal representation of mux trees.
  Evaluating internal representation of mux trees.
  Analyzing evaluation results.
Removed 0 multiplexer ports.
<suppressed ~33 debug messages>

5.13.4. Executing OPT_REDUCE pass (consolidate $*mux and $reduce_* inputs).
  Optimizing cells in module \tempest_v3_top.
Performed a total of 0 changes.

5.13.5. Executing OPT_MERGE pass (detect identical cells).
Finding identical cells in module `\tempest_v3_top'.
Computing hashes of 297 cells of `\tempest_v3_top'.
Finding duplicate cells in `\tempest_v3_top'.
Removed a total of 0 cells.

5.13.6. Executing OPT_DFF pass (perform DFF optimizations).
Adding EN signal on $procdff$2005 ($adff) from module tempest_v3_top (D = { \o0 \o1 }, Q = \rnd_data_reg).
Adding EN signal on $procdff$1895 ($adff) from module tempest_v3_top (D = $0\z[63:0], Q = \z).
Adding EN signal on $procdff$1900 ($adff) from module tempest_v3_top (D = $0\u[63:0], Q = \u).
Adding EN signal on $procdff$1905 ($adff) from module tempest_v3_top (D = $0\v[63:0], Q = \v).
Adding EN signal on $procdff$1910 ($adff) from module tempest_v3_top (D = $0\w[63:0], Q = \w).
Adding EN signal on $procdff$1915 ($adff) from module tempest_v3_top (D = $0\round_key[63:0], Q = \round_key).
Adding EN signal on $procdff$1927 ($dff) from module tempest_v3_top (D = \init_key [63:0], Q = \k0).
Adding EN signal on $procdff$1934 ($dff) from module tempest_v3_top (D = \init_key [127:64], Q = \k1).
Adding EN signal on $procdff$1941 ($dff) from module tempest_v3_top (D = \init_key [191:128], Q = \k2).
Adding EN signal on $procdff$1948 ($dff) from module tempest_v3_top (D = \init_key [255:192], Q = \k3).
Adding EN signal on $procdff$1995 ($adff) from module tempest_v3_top (D = $0\state[2:0], Q = \state).
Adding EN signal on $procdff$2000 ($adff) from module tempest_v3_top (D = $0\cnt[5:0], Q = \cnt).

5.13.7. Executing OPT_CLEAN pass (remove unused cells and wires).
Finding unused cells or wires in module \tempest_v3_top..
Removed 9 unused cells and 9 unused wires.
<suppressed ~10 debug messages>

5.13.8. Executing OPT_EXPR pass (perform const folding).
Optimizing module tempest_v3_top.
<suppressed ~7 debug messages>

5.13.9. Rerunning OPT passes. (Maybe there is more to do..)

5.13.10. Executing OPT_MUXTREE pass (detect dead branches in mux trees).
Running muxtree optimizer on module \tempest_v3_top..
  Creating internal representation of mux trees.
  Evaluating internal representation of mux trees.
  Analyzing evaluation results.
Removed 0 multiplexer ports.
<suppressed ~19 debug messages>

5.13.11. Executing OPT_REDUCE pass (consolidate $*mux and $reduce_* inputs).
  Optimizing cells in module \tempest_v3_top.
Performed a total of 0 changes.

5.13.12. Executing OPT_MERGE pass (detect identical cells).
Finding identical cells in module `\tempest_v3_top'.
Computing hashes of 304 cells of `\tempest_v3_top'.
Finding duplicate cells in `\tempest_v3_top'.
Computing hashes of 298 cells of `\tempest_v3_top'.
Finding duplicate cells in `\tempest_v3_top'.
<suppressed ~18 debug messages>
Removed a total of 6 cells.

5.13.13. Executing OPT_DFF pass (perform DFF optimizations).

5.13.14. Executing OPT_CLEAN pass (remove unused cells and wires).
Finding unused cells or wires in module \tempest_v3_top..
Removed 0 unused cells and 6 unused wires.
<suppressed ~1 debug messages>

5.13.15. Executing OPT_EXPR pass (perform const folding).
Optimizing module tempest_v3_top.

5.13.16. Rerunning OPT passes. (Maybe there is more to do..)

5.13.17. Executing OPT_MUXTREE pass (detect dead branches in mux trees).
Running muxtree optimizer on module \tempest_v3_top..
  Creating internal representation of mux trees.
  Evaluating internal representation of mux trees.
  Analyzing evaluation results.
Removed 0 multiplexer ports.
<suppressed ~19 debug messages>

5.13.18. Executing OPT_REDUCE pass (consolidate $*mux and $reduce_* inputs).
  Optimizing cells in module \tempest_v3_top.
Performed a total of 0 changes.

5.13.19. Executing OPT_MERGE pass (detect identical cells).
Finding identical cells in module `\tempest_v3_top'.
Computing hashes of 298 cells of `\tempest_v3_top'.
Finding duplicate cells in `\tempest_v3_top'.
Removed a total of 0 cells.

5.13.20. Executing OPT_DFF pass (perform DFF optimizations).

5.13.21. Executing OPT_CLEAN pass (remove unused cells and wires).
Finding unused cells or wires in module \tempest_v3_top..

5.13.22. Executing OPT_EXPR pass (perform const folding).
Optimizing module tempest_v3_top.

5.13.23. Finished fast OPT passes. (There is nothing left to do.)

5.14. Executing WREDUCE pass (reducing word size of cells).
Removed top 1 bits (of 6) from port B of cell tempest_v3_top.$eq$build/top_noinj.v:148$102 ($eq).
Removed top 5 bits (of 6) from port B of cell tempest_v3_top.$add$build/top_noinj.v:149$103 ($add).
Removed top 1 bits (of 3) from port B of cell tempest_v3_top.$procmux$1841_CMP0 ($eq).
Removed top 1 bits (of 3) from port B of cell tempest_v3_top.$procmux$1842_CMP0 ($eq).
Removed top 2 bits (of 3) from port B of cell tempest_v3_top.$procmux$1843_CMP0 ($eq).
Removed top 41 bits (of 64) from port B of cell tempest_v3_top.$flatten\u_round.\u_andmix.$or$rtl/andmix4.v:22$515 ($or).
Removed top 47 bits (of 64) from port B of cell tempest_v3_top.$flatten\u_round.\u_andmix.$or$rtl/andmix4.v:22$452 ($or).
Removed top 33 bits (of 64) from port B of cell tempest_v3_top.$flatten\u_round.\u_andmix.$or$rtl/andmix4.v:22$242 ($or).
Removed top 45 bits (of 64) from port B of cell tempest_v3_top.$flatten\u_round.\u_andmix.$or$rtl/andmix4.v:22$333 ($or).
Removed top 57 bits (of 64) from port B of cell tempest_v3_top.$flatten\u_round.\u_andmix.$or$rtl/andmix4.v:22$508 ($or).
Removed top 11 bits (of 64) from port B of cell tempest_v3_top.$flatten\u_round.\u_andmix.$or$rtl/andmix4.v:22$249 ($or).
Removed top 59 bits (of 64) from port B of cell tempest_v3_top.$flatten\u_round.\u_andmix.$or$rtl/andmix4.v:22$424 ($or).
Removed top 50 bits (of 64) from port B of cell tempest_v3_top.$flatten\u_round.\u_andmix.$or$rtl/andmix4.v:22$375 ($or).
Removed top 47 bits (of 64) from port B of cell tempest_v3_top.$flatten\u_round.\u_andmix.$or$rtl/andmix4.v:22$256 ($or).
Removed top 11 bits (of 64) from port B of cell tempest_v3_top.$flatten\u_round.\u_andmix.$or$rtl/andmix4.v:22$501 ($or).
Removed top 33 bits (of 64) from port B of cell tempest_v3_top.$flatten\u_round.\u_andmix.$or$rtl/andmix4.v:22$340 ($or).
Removed top 21 bits (of 64) from port B of cell tempest_v3_top.$flatten\u_round.\u_andmix.$or$rtl/andmix4.v:22$263 ($or).
Removed top 11 bits (of 64) from port B of cell tempest_v3_top.$flatten\u_round.\u_andmix.$or$rtl/andmix4.v:22$445 ($or).
Removed top 47 bits (of 64) from port B of cell tempest_v3_top.$flatten\u_round.\u_andmix.$or$rtl/andmix4.v:22$494 ($or).
Removed top 57 bits (of 64) from port B of cell tempest_v3_top.$flatten\u_round.\u_andmix.$or$rtl/andmix4.v:22$270 ($or).
Removed top 50 bits (of 64) from port B of cell tempest_v3_top.$flatten\u_round.\u_andmix.$or$rtl/andmix4.v:22$403 ($or).
Removed top 11 bits (of 64) from port B of cell tempest_v3_top.$flatten\u_round.\u_andmix.$or$rtl/andmix4.v:22$347 ($or).
Removed top 41 bits (of 64) from port B of cell tempest_v3_top.$flatten\u_round.\u_andmix.$or$rtl/andmix4.v:22$277 ($or).
Removed top 11 bits (of 64) from port B of cell tempest_v3_top.$flatten\u_round.\u_andmix.$or$rtl/andmix4.v:22$487 ($or).
Removed top 57 bits (of 64) from port B of cell tempest_v3_top.$flatten\u_round.\u_andmix.$or$rtl/andmix4.v:22$410 ($or).
Removed top 59 bits (of 64) from port B of cell tempest_v3_top.$flatten\u_round.\u_andmix.$or$rtl/andmix4.v:22$284 ($or).
Removed top 33 bits (of 64) from port B of cell tempest_v3_top.$flatten\u_round.\u_andmix.$or$rtl/andmix4.v:22$438 ($or).
Removed top 33 bits (of 64) from port B of cell tempest_v3_top.$flatten\u_round.\u_andmix.$or$rtl/andmix4.v:22$480 ($or).
Removed top 45 bits (of 64) from port B of cell tempest_v3_top.$flatten\u_round.\u_andmix.$or$rtl/andmix4.v:22$291 ($or).
Removed top 48 bits (of 64) from port B of cell tempest_v3_top.$flatten\u_round.\u_andmix.$or$rtl/andmix4.v:22$354 ($or).
Removed top 48 bits (of 64) from port B of cell tempest_v3_top.$flatten\u_round.\u_andmix.$or$rtl/andmix4.v:22$382 ($or).
Removed top 47 bits (of 64) from port B of cell tempest_v3_top.$flatten\u_round.\u_andmix.$or$rtl/andmix4.v:22$298 ($or).
Removed top 45 bits (of 64) from port B of cell tempest_v3_top.$flatten\u_round.\u_andmix.$or$rtl/andmix4.v:22$473 ($or).
Removed top 41 bits (of 64) from port B of cell tempest_v3_top.$flatten\u_round.\u_andmix.$or$rtl/andmix4.v:22$417 ($or).
Removed top 21 bits (of 64) from port B of cell tempest_v3_top.$flatten\u_round.\u_andmix.$or$rtl/andmix4.v:22$305 ($or).
Removed top 50 bits (of 64) from port B of cell tempest_v3_top.$flatten\u_round.\u_andmix.$or$rtl/andmix4.v:22$361 ($or).
Removed top 59 bits (of 64) from port B of cell tempest_v3_top.$flatten\u_round.\u_andmix.$or$rtl/andmix4.v:22$466 ($or).
Removed top 57 bits (of 64) from port B of cell tempest_v3_top.$flatten\u_round.\u_andmix.$or$rtl/andmix4.v:22$312 ($or).
Removed top 45 bits (of 64) from port B of cell tempest_v3_top.$flatten\u_round.\u_andmix.$or$rtl/andmix4.v:22$431 ($or).
Removed top 48 bits (of 64) from port B of cell tempest_v3_top.$flatten\u_round.\u_andmix.$or$rtl/andmix4.v:22$396 ($or).
Removed top 41 bits (of 64) from port B of cell tempest_v3_top.$flatten\u_round.\u_andmix.$or$rtl/andmix4.v:22$319 ($or).
Removed top 21 bits (of 64) from port B of cell tempest_v3_top.$flatten\u_round.\u_andmix.$or$rtl/andmix4.v:22$459 ($or).
Removed top 48 bits (of 64) from port B of cell tempest_v3_top.$flatten\u_round.\u_andmix.$or$rtl/andmix4.v:22$368 ($or).
Removed top 59 bits (of 64) from port B of cell tempest_v3_top.$flatten\u_round.\u_andmix.$or$rtl/andmix4.v:22$326 ($or).
Removed top 50 bits (of 64) from port B of cell tempest_v3_top.$flatten\u_round.\u_andmix.$or$rtl/andmix4.v:22$389 ($or).
Removed top 38 bits (of 64) from port B of cell tempest_v3_top.$flatten\u_round.$or$rtl/round_function.v:19$959 ($or).
Removed top 37 bits (of 64) from port B of cell tempest_v3_top.$flatten\u_round.$or$rtl/round_function.v:19$783 ($or).
Removed top 33 bits (of 64) from port B of cell tempest_v3_top.$flatten\u_round.$or$rtl/round_function.v:19$854 ($or).
Removed top 38 bits (of 64) from port B of cell tempest_v3_top.$flatten\u_round.$or$rtl/round_function.v:19$875 ($or).
Removed top 57 bits (of 64) from port B of cell tempest_v3_top.$flatten\u_round.$or$rtl/round_function.v:19$776 ($or).
Removed top 57 bits (of 64) from port B of cell tempest_v3_top.$flatten\u_round.$or$rtl/round_function.v:19$966 ($or).
Removed top 38 bits (of 64) from port B of cell tempest_v3_top.$flatten\u_round.$or$rtl/round_function.v:19$931 ($or).
Removed top 47 bits (of 64) from port B of cell tempest_v3_top.$flatten\u_round.$or$rtl/round_function.v:19$769 ($or).
Removed top 45 bits (of 64) from port B of cell tempest_v3_top.$flatten\u_round.$or$rtl/round_function.v:19$825 ($or).
Removed top 45 bits (of 64) from port B of cell tempest_v3_top.$flatten\u_round.$or$rtl/round_function.v:19$973 ($or).
Removed top 49 bits (of 64) from port B of cell tempest_v3_top.$flatten\u_round.$or$rtl/round_function.v:19$762 ($or).
Removed top 57 bits (of 64) from port B of cell tempest_v3_top.$flatten\u_round.$or$rtl/round_function.v:19$910 ($or).
Removed top 45 bits (of 64) from port B of cell tempest_v3_top.$flatten\u_round.$or$rtl/round_function.v:19$847 ($or).
Removed top 55 bits (of 64) from port B of cell tempest_v3_top.$flatten\u_round.$or$rtl/round_function.v:19$755 ($or).
Removed top 61 bits (of 64) from port B of cell tempest_v3_top.$flatten\u_round.$or$rtl/round_function.v:19$980 ($or).
Removed top 33 bits (of 64) from port B of cell tempest_v3_top.$flatten\u_round.$or$rtl/round_function.v:19$748 ($or).
Removed top 57 bits (of 64) from port B of cell tempest_v3_top.$flatten\u_round.$or$rtl/round_function.v:19$938 ($or).
Removed top 55 bits (of 64) from port B of cell tempest_v3_top.$flatten\u_round.$or$rtl/round_function.v:19$987 ($or).
Removed top 51 bits (of 64) from port B of cell tempest_v3_top.$flatten\u_round.$or$rtl/round_function.v:19$741 ($or).
Removed top 21 bits (of 64) from port B of cell tempest_v3_top.$flatten\u_round.$or$rtl/round_function.v:19$861 ($or).
Removed top 59 bits (of 64) from port B of cell tempest_v3_top.$flatten\u_round.$or$rtl/round_function.v:19$811 ($or).
Removed top 35 bits (of 64) from port B of cell tempest_v3_top.$flatten\u_round.$or$rtl/round_function.v:19$734 ($or).
Removed top 59 bits (of 64) from port B of cell tempest_v3_top.$flatten\u_round.$or$rtl/round_function.v:19$994 ($or).
Removed top 45 bits (of 64) from port B of cell tempest_v3_top.$flatten\u_round.$or$rtl/round_function.v:19$917 ($or).
Removed top 45 bits (of 64) from port B of cell tempest_v3_top.$flatten\u_round.$or$rtl/round_function.v:19$945 ($or).
Removed top 53 bits (of 64) from port B of cell tempest_v3_top.$flatten\u_round.$or$rtl/round_function.v:19$1001 ($or).
Removed top 41 bits (of 64) from port B of cell tempest_v3_top.$flatten\u_round.$or$rtl/round_function.v:19$720 ($or).
Removed top 11 bits (of 64) from port B of cell tempest_v3_top.$flatten\u_round.$or$rtl/round_function.v:19$804 ($or).
Removed top 57 bits (of 64) from port B of cell tempest_v3_top.$flatten\u_round.$or$rtl/round_function.v:19$840 ($or).
Removed top 53 bits (of 64) from port B of cell tempest_v3_top.$flatten\u_round.$or$rtl/round_function.v:19$713 ($or).
Removed top 55 bits (of 64) from port B of cell tempest_v3_top.$flatten\u_round.$or$rtl/round_function.v:19$1008 ($or).
Removed top 38 bits (of 64) from port B of cell tempest_v3_top.$flatten\u_round.$or$rtl/round_function.v:19$903 ($or).
Removed top 39 bits (of 64) from port B of cell tempest_v3_top.$flatten\u_round.$or$rtl/round_function.v:19$706 ($or).
Removed top 51 bits (of 64) from port B of cell tempest_v3_top.$flatten\u_round.$or$rtl/round_function.v:19$1015 ($or).
Removed top 59 bits (of 64) from port B of cell tempest_v3_top.$flatten\u_round.$or$rtl/round_function.v:19$699 ($or).
Removed top 42 bits (of 64) from port B of cell tempest_v3_top.$flatten\u_round.$or$rtl/round_function.v:19$952 ($or).
Removed top 42 bits (of 64) from port B of cell tempest_v3_top.$flatten\u_round.$or$rtl/round_function.v:19$924 ($or).
Removed top 47 bits (of 64) from port B of cell tempest_v3_top.$flatten\u_round.$or$rtl/round_function.v:19$692 ($or).
Removed top 53 bits (of 64) from port B of cell tempest_v3_top.$flatten\u_round.$or$rtl/round_function.v:19$1022 ($or).
Removed top 43 bits (of 64) from port B of cell tempest_v3_top.$flatten\u_round.$or$rtl/round_function.v:19$790 ($or).
Removed top 51 bits (of 64) from port B of cell tempest_v3_top.$flatten\u_round.$or$rtl/round_function.v:19$833 ($or).
Removed top 47 bits (of 64) from port B of cell tempest_v3_top.$flatten\u_round.$or$rtl/round_function.v:19$1029 ($or).
Removed top 37 bits (of 64) from port B of cell tempest_v3_top.$flatten\u_round.$xor$rtl/round_function.v:64$654 ($xor).
Removed top 45 bits (of 64) from port B of cell tempest_v3_top.$flatten\u_round.$or$rtl/round_function.v:19$889 ($or).
Removed top 29 bits (of 64) from port B of cell tempest_v3_top.$flatten\u_round.$xor$rtl/round_function.v:63$651 ($xor).
Removed top 42 bits (of 64) from port B of cell tempest_v3_top.$flatten\u_round.$or$rtl/round_function.v:19$868 ($or).
Removed top 23 bits (of 64) from port B of cell tempest_v3_top.$flatten\u_round.$xor$rtl/round_function.v:62$648 ($xor).
Removed top 42 bits (of 64) from port B of cell tempest_v3_top.$flatten\u_round.$or$rtl/round_function.v:19$896 ($or).
Removed top 17 bits (of 64) from port B of cell tempest_v3_top.$flatten\u_round.$xor$rtl/round_function.v:61$645 ($xor).
Removed top 57 bits (of 64) from port B of cell tempest_v3_top.$flatten\u_round.$or$rtl/round_function.v:19$882 ($or).
Removed top 38 bits (of 64) from port B of cell tempest_v3_top.$flatten\u_output.$or$rtl/output_function.v:22$1207 ($or).
Removed top 32 bits (of 64) from port B of cell tempest_v3_top.$flatten\u_output.$xor$rtl/output_function.v:37$1156 ($xor).
Removed top 11 bits (of 64) from port B of cell tempest_v3_top.$flatten\u_output.$or$rtl/output_function.v:22$1223 ($or).
Removed top 45 bits (of 64) from port B of cell tempest_v3_top.$flatten\u_output.$or$rtl/output_function.v:22$1152 ($or).
Removed top 59 bits (of 64) from port B of cell tempest_v3_top.$flatten\u_output.$or$rtl/output_function.v:22$1149 ($or).
Removed top 50 bits (of 64) from port B of cell tempest_v3_top.$flatten\u_output.$or$rtl/output_function.v:22$1215 ($or).
Removed top 41 bits (of 64) from port B of cell tempest_v3_top.$flatten\u_output.$or$rtl/output_function.v:22$1144 ($or).
Removed top 47 bits (of 64) from port B of cell tempest_v3_top.$flatten\u_output.$or$rtl/output_function.v:22$1228 ($or).
Removed top 42 bits (of 64) from port B of cell tempest_v3_top.$flatten\u_output.$or$rtl/output_function.v:22$1204 ($or).
Removed top 57 bits (of 64) from port B of cell tempest_v3_top.$flatten\u_output.$or$rtl/output_function.v:22$1141 ($or).
Removed top 21 bits (of 64) from port B of cell tempest_v3_top.$flatten\u_output.$or$rtl/output_function.v:22$1231 ($or).
Removed top 21 bits (of 64) from port B of cell tempest_v3_top.$flatten\u_output.$or$rtl/output_function.v:22$1136 ($or).
Removed top 47 bits (of 64) from port B of cell tempest_v3_top.$flatten\u_output.$or$rtl/output_function.v:22$1133 ($or).
Removed top 48 bits (of 64) from port B of cell tempest_v3_top.$flatten\u_output.$or$rtl/output_function.v:22$1212 ($or).
Removed top 11 bits (of 64) from port B of cell tempest_v3_top.$flatten\u_output.$or$rtl/output_function.v:22$1128 ($or).
Removed top 57 bits (of 64) from port B of cell tempest_v3_top.$flatten\u_output.$or$rtl/output_function.v:22$1236 ($or).
Removed top 33 bits (of 64) from port B of cell tempest_v3_top.$flatten\u_output.$or$rtl/output_function.v:22$1125 ($or).
Removed top 41 bits (of 64) from port B of cell tempest_v3_top.$flatten\u_output.$or$rtl/output_function.v:22$1239 ($or).
Removed top 50 bits (of 64) from port B of cell tempest_v3_top.$flatten\u_output.$or$rtl/output_function.v:22$1120 ($or).
Removed top 48 bits (of 64) from port B of cell tempest_v3_top.$flatten\u_output.$or$rtl/output_function.v:22$1117 ($or).
Removed top 48 bits (of 64) from port B of cell tempest_v3_top.$flatten\u_output.$or$rtl/output_function.v:22$1198 ($or).
Removed top 38 bits (of 64) from port B of cell tempest_v3_top.$flatten\u_output.$or$rtl/output_function.v:22$1112 ($or).
Removed top 59 bits (of 64) from port B of cell tempest_v3_top.$flatten\u_output.$or$rtl/output_function.v:22$1244 ($or).
Removed top 33 bits (of 64) from port B of cell tempest_v3_top.$flatten\u_output.$or$rtl/output_function.v:22$1220 ($or).
Removed top 42 bits (of 64) from port B of cell tempest_v3_top.$flatten\u_output.$or$rtl/output_function.v:22$1109 ($or).
Removed top 32 bits (of 64) from port B of cell tempest_v3_top.$flatten\u_output.$or$rtl/output_function.v:22$1195 ($or).
Removed top 45 bits (of 64) from port B of cell tempest_v3_top.$flatten\u_output.$or$rtl/output_function.v:22$1247 ($or).
Removed top 48 bits (of 64) from port B of cell tempest_v3_top.$flatten\u_output.$or$rtl/output_function.v:22$1103 ($or).
Removed top 32 bits (of 64) from port B of cell tempest_v3_top.$flatten\u_output.$or$rtl/output_function.v:22$1100 ($or).
Removed top 32 bits (of 64) from port B of cell tempest_v3_top.$flatten\u_output.$xor$rtl/output_function.v:37$1251 ($xor).

5.15. Executing PEEPOPT pass (run peephole optimizers).

5.16. Executing OPT_CLEAN pass (remove unused cells and wires).
Finding unused cells or wires in module \tempest_v3_top..

5.17. Executing SHARE pass (SAT-based resource sharing).

5.18. Executing TECHMAP pass (map to technology primitives).

5.18.1. Executing Verilog-2005 frontend: F:\lunwen\tools\oss-cad-suite\bin\../share/yosys/cmp2lut.v
Parsing Verilog input from `F:\lunwen\tools\oss-cad-suite\bin\../share/yosys/cmp2lut.v' to AST representation.
Generating RTLIL representation for module `\_90_lut_cmp_'.
Successfully finished Verilog frontend.

5.18.2. Continuing TECHMAP pass.
No more expansions possible.
<suppressed ~6 debug messages>

5.19. Executing OPT_EXPR pass (perform const folding).
Optimizing module tempest_v3_top.

5.20. Executing OPT_CLEAN pass (remove unused cells and wires).
Finding unused cells or wires in module \tempest_v3_top..

5.21. Executing ALUMACC pass (create $alu and $macc cells).
Extracting $alu and $macc cells in module tempest_v3_top:
  creating $macc model for $add$build/top_noinj.v:149$103 ($add).
  creating $alu model for $macc $add$build/top_noinj.v:149$103.
  creating $alu cell for $add$build/top_noinj.v:149$103: $auto$alumacc.cc:548:replace_alu$2163
  created 1 $alu and 0 $macc cells.

5.22. Executing OPT pass (performing simple optimizations).

5.22.1. Executing OPT_EXPR pass (perform const folding).
Optimizing module tempest_v3_top.

5.22.2. Executing OPT_MERGE pass (detect identical cells).
Finding identical cells in module `\tempest_v3_top'.
Computing hashes of 298 cells of `\tempest_v3_top'.
Finding duplicate cells in `\tempest_v3_top'.
Removed a total of 0 cells.

5.22.3. Executing OPT_MUXTREE pass (detect dead branches in mux trees).
Running muxtree optimizer on module \tempest_v3_top..
  Creating internal representation of mux trees.
  Evaluating internal representation of mux trees.
  Analyzing evaluation results.
Removed 0 multiplexer ports.
<suppressed ~19 debug messages>

5.22.4. Executing OPT_REDUCE pass (consolidate $*mux and $reduce_* inputs).
  Optimizing cells in module \tempest_v3_top.
Performed a total of 0 changes.

5.22.5. Executing OPT_MERGE pass (detect identical cells).
Finding identical cells in module `\tempest_v3_top'.
Computing hashes of 298 cells of `\tempest_v3_top'.
Finding duplicate cells in `\tempest_v3_top'.
Removed a total of 0 cells.

5.22.6. Executing OPT_DFF pass (perform DFF optimizations).

5.22.7. Executing OPT_CLEAN pass (remove unused cells and wires).
Finding unused cells or wires in module \tempest_v3_top..

5.22.8. Executing OPT_EXPR pass (perform const folding).
Optimizing module tempest_v3_top.

5.22.9. Finished fast OPT passes. (There is nothing left to do.)

5.23. Executing MEMORY pass.

5.23.1. Executing OPT_MEM pass (optimize memories).
Performed a total of 0 transformations.

5.23.2. Executing OPT_MEM_PRIORITY pass (removing unnecessary memory write priority relations).
Performed a total of 0 transformations.

5.23.3. Executing OPT_MEM_FEEDBACK pass (finding memory read-to-write feedback paths).

5.23.4. Executing MEMORY_BMUX2ROM pass (converting muxes to ROMs).

5.23.5. Executing MEMORY_DFF pass (merging $dff cells to $memrd).

5.23.6. Executing OPT_CLEAN pass (remove unused cells and wires).
Finding unused cells or wires in module \tempest_v3_top..

5.23.7. Executing MEMORY_SHARE pass (consolidating $memrd/$memwr cells).

5.23.8. Executing OPT_MEM_WIDEN pass (optimize memories where all ports are wide).
Performed a total of 0 transformations.

5.23.9. Executing OPT_CLEAN pass (remove unused cells and wires).
Finding unused cells or wires in module \tempest_v3_top..

5.23.10. Executing MEMORY_COLLECT pass (generating $mem cells).

5.24. Executing OPT_CLEAN pass (remove unused cells and wires).
Finding unused cells or wires in module \tempest_v3_top..

5.25. Executing MEMORY_LIBMAP pass (mapping memories to cells).

5.26. Executing TECHMAP pass (map to technology primitives).

5.26.1. Executing Verilog-2005 frontend: F:\lunwen\tools\oss-cad-suite\bin\../share/yosys/ice40/brams_map.v
Parsing Verilog input from `F:\lunwen\tools\oss-cad-suite\bin\../share/yosys/ice40/brams_map.v' to AST representation.
Generating RTLIL representation for module `$__ICE40_RAM4K_'.
Successfully finished Verilog frontend.

5.26.2. Executing Verilog-2005 frontend: F:\lunwen\tools\oss-cad-suite\bin\../share/yosys/ice40/spram_map.v
Parsing Verilog input from `F:\lunwen\tools\oss-cad-suite\bin\../share/yosys/ice40/spram_map.v' to AST representation.
Generating RTLIL representation for module `$__ICE40_SPRAM_'.
Successfully finished Verilog frontend.

5.26.3. Continuing TECHMAP pass.
No more expansions possible.
<suppressed ~4 debug messages>

5.27. Executing ICE40_BRAMINIT pass.

5.28. Executing OPT pass (performing simple optimizations).

5.28.1. Executing OPT_EXPR pass (perform const folding).
Optimizing module tempest_v3_top.
<suppressed ~52 debug messages>

5.28.2. Executing OPT_MERGE pass (detect identical cells).
Finding identical cells in module `\tempest_v3_top'.
Computing hashes of 293 cells of `\tempest_v3_top'.
Finding duplicate cells in `\tempest_v3_top'.
Removed a total of 0 cells.

5.28.3. Executing OPT_DFF pass (perform DFF optimizations).

5.28.4. Executing OPT_CLEAN pass (remove unused cells and wires).
Finding unused cells or wires in module \tempest_v3_top..
Removed 0 unused cells and 21 unused wires.
<suppressed ~1 debug messages>

5.28.5. Finished fast OPT passes.

5.29. Executing MEMORY_MAP pass (converting memories to logic and flip-flops).

5.30. Executing OPT pass (performing simple optimizations).

5.30.1. Executing OPT_EXPR pass (perform const folding).
Optimizing module tempest_v3_top.

5.30.2. Executing OPT_MERGE pass (detect identical cells).
Finding identical cells in module `\tempest_v3_top'.
Computing hashes of 293 cells of `\tempest_v3_top'.
Finding duplicate cells in `\tempest_v3_top'.
Removed a total of 0 cells.

5.30.3. Executing OPT_MUXTREE pass (detect dead branches in mux trees).
Running muxtree optimizer on module \tempest_v3_top..
  Creating internal representation of mux trees.
  Evaluating internal representation of mux trees.
  Analyzing evaluation results.
Removed 0 multiplexer ports.
<suppressed ~14 debug messages>

5.30.4. Executing OPT_REDUCE pass (consolidate $*mux and $reduce_* inputs).
  Optimizing cells in module \tempest_v3_top.
Performed a total of 0 changes.

5.30.5. Executing OPT_MERGE pass (detect identical cells).
Finding identical cells in module `\tempest_v3_top'.
Computing hashes of 293 cells of `\tempest_v3_top'.
Finding duplicate cells in `\tempest_v3_top'.
Removed a total of 0 cells.

5.30.6. Executing OPT_DFF pass (perform DFF optimizations).

5.30.7. Executing OPT_CLEAN pass (remove unused cells and wires).
Finding unused cells or wires in module \tempest_v3_top..

5.30.8. Executing OPT_EXPR pass (perform const folding).
Optimizing module tempest_v3_top.

5.30.9. Finished fast OPT passes. (There is nothing left to do.)

5.31. Executing ICE40_WRAPCARRY pass (wrap carries).

5.32. Executing TECHMAP pass (map to technology primitives).

5.32.1. Executing Verilog-2005 frontend: F:\lunwen\tools\oss-cad-suite\bin\../share/yosys/techmap.v
Parsing Verilog input from `F:\lunwen\tools\oss-cad-suite\bin\../share/yosys/techmap.v' to AST representation.
Generating RTLIL representation for module `\_90_simplemap_bool_ops'.
Generating RTLIL representation for module `\_90_simplemap_reduce_ops'.
Generating RTLIL representation for module `\_90_simplemap_logic_ops'.
Generating RTLIL representation for module `\_90_simplemap_compare_ops'.
Generating RTLIL representation for module `\_90_simplemap_various'.
Generating RTLIL representation for module `\_90_simplemap_registers'.
Generating RTLIL representation for module `\_90_shift_ops_shr_shl_sshl_sshr'.
Generating RTLIL representation for module `\_90_shift_shiftx'.
Generating RTLIL representation for module `\_90_fa'.
Generating RTLIL representation for module `\_90_lcu_brent_kung'.
Generating RTLIL representation for module `\_90_alu'.
Generating RTLIL representation for module `\_90_macc'.
Generating RTLIL representation for module `\_90_alumacc'.
Generating RTLIL representation for module `$__div_mod_u'.
Generating RTLIL representation for module `$__div_mod_trunc'.
Generating RTLIL representation for module `\_90_div'.
Generating RTLIL representation for module `\_90_mod'.
Generating RTLIL representation for module `$__div_mod_floor'.
Generating RTLIL representation for module `\_90_divfloor'.
Generating RTLIL representation for module `\_90_modfloor'.
Generating RTLIL representation for module `\_90_pow'.
Generating RTLIL representation for module `\_90_demux'.
Generating RTLIL representation for module `\_90_lut'.
Generating RTLIL representation for module `$connect'.
Generating RTLIL representation for module `$input_port'.
Successfully finished Verilog frontend.

5.32.2. Executing Verilog-2005 frontend: F:\lunwen\tools\oss-cad-suite\bin\../share/yosys/ice40/arith_map.v
Parsing Verilog input from `F:\lunwen\tools\oss-cad-suite\bin\../share/yosys/ice40/arith_map.v' to AST representation.
Generating RTLIL representation for module `\_80_ice40_alu'.
Successfully finished Verilog frontend.

5.32.3. Continuing TECHMAP pass.
Using extmapper simplemap for cells of type $xor.
Using template $paramod$32efbfac1c4dc57230cf86180788fdfd12e3b511\_80_ice40_alu for cells of type $alu.
Using extmapper simplemap for cells of type $reduce_and.
Using extmapper simplemap for cells of type $reduce_bool.
Using extmapper simplemap for cells of type $ne.
Using extmapper simplemap for cells of type $adffe.
Using extmapper simplemap for cells of type $not.
Using extmapper simplemap for cells of type $dffe.
Using extmapper simplemap for cells of type $reduce_or.
Using extmapper simplemap for cells of type $eq.
Using extmapper simplemap for cells of type $mux.
Using extmapper simplemap for cells of type $pmux.
Using extmapper simplemap for cells of type $logic_not.
Using extmapper simplemap for cells of type $adff.
Using extmapper simplemap for cells of type $and.
Using extmapper simplemap for cells of type $or.
Using extmapper simplemap for cells of type $pos.
No more expansions possible.
<suppressed ~391 debug messages>

5.33. Executing OPT pass (performing simple optimizations).

5.33.1. Executing OPT_EXPR pass (perform const folding).
Optimizing module tempest_v3_top.
<suppressed ~7362 debug messages>

5.33.2. Executing OPT_MERGE pass (detect identical cells).
Finding identical cells in module `\tempest_v3_top'.
Computing hashes of 10344 cells of `\tempest_v3_top'.
Finding duplicate cells in `\tempest_v3_top'.
Computing hashes of 10331 cells of `\tempest_v3_top'.
Finding duplicate cells in `\tempest_v3_top'.
Computing hashes of 10330 cells of `\tempest_v3_top'.
Finding duplicate cells in `\tempest_v3_top'.
<suppressed ~42 debug messages>
Removed a total of 14 cells.

5.33.3. Executing OPT_DFF pass (perform DFF optimizations).

5.33.4. Executing OPT_CLEAN pass (remove unused cells and wires).
Finding unused cells or wires in module \tempest_v3_top..
Removed 3 unused cells and 174 unused wires.
<suppressed ~4 debug messages>

5.33.5. Finished fast OPT passes.

5.34. Executing ICE40_OPT pass (performing simple optimizations).

5.34.1. Running ICE40 specific optimizations.
Optimized $__ICE40_CARRY_WRAPPER cell back to logic (without SB_CARRY) tempest_v3_top.$auto$alumacc.cc:548:replace_alu$2163.slice[0].carry: CO=\cnt [0]

5.34.2. Executing OPT_EXPR pass (perform const folding).
Optimizing module tempest_v3_top.

5.34.3. Executing OPT_MERGE pass (detect identical cells).
Finding identical cells in module `\tempest_v3_top'.
Computing hashes of 10327 cells of `\tempest_v3_top'.
Finding duplicate cells in `\tempest_v3_top'.
Removed a total of 0 cells.

5.34.4. Executing OPT_DFF pass (perform DFF optimizations).

5.34.5. Executing OPT_CLEAN pass (remove unused cells and wires).
Finding unused cells or wires in module \tempest_v3_top..

5.34.6. Rerunning OPT passes. (Removed registers in this run.)

5.34.7. Running ICE40 specific optimizations.

5.34.8. Executing OPT_EXPR pass (perform const folding).
Optimizing module tempest_v3_top.

5.34.9. Executing OPT_MERGE pass (detect identical cells).
Finding identical cells in module `\tempest_v3_top'.
Computing hashes of 10327 cells of `\tempest_v3_top'.
Finding duplicate cells in `\tempest_v3_top'.
Removed a total of 0 cells.

5.34.10. Executing OPT_DFF pass (perform DFF optimizations).

5.34.11. Executing OPT_CLEAN pass (remove unused cells and wires).
Finding unused cells or wires in module \tempest_v3_top..

5.34.12. Finished OPT passes. (There is nothing left to do.)

5.35. Executing DFFLEGALIZE pass (convert FFs to types supported by the target).

5.36. Executing TECHMAP pass (map to technology primitives).

5.36.1. Executing Verilog-2005 frontend: F:\lunwen\tools\oss-cad-suite\bin\../share/yosys/ice40/ff_map.v
Parsing Verilog input from `F:\lunwen\tools\oss-cad-suite\bin\../share/yosys/ice40/ff_map.v' to AST representation.
Generating RTLIL representation for module `$_DFF_N_'.
Generating RTLIL representation for module `$_DFF_P_'.
Generating RTLIL representation for module `$_DFFE_NP_'.
Generating RTLIL representation for module `$_DFFE_PP_'.
Generating RTLIL representation for module `$_DFF_NP0_'.
Generating RTLIL representation for module `$_DFF_NP1_'.
Generating RTLIL representation for module `$_DFF_PP0_'.
Generating RTLIL representation for module `$_DFF_PP1_'.
Generating RTLIL representation for module `$_DFFE_NP0P_'.
Generating RTLIL representation for module `$_DFFE_NP1P_'.
Generating RTLIL representation for module `$_DFFE_PP0P_'.
Generating RTLIL representation for module `$_DFFE_PP1P_'.
Generating RTLIL representation for module `$_SDFF_NP0_'.
Generating RTLIL representation for module `$_SDFF_NP1_'.
Generating RTLIL representation for module `$_SDFF_PP0_'.
Generating RTLIL representation for module `$_SDFF_PP1_'.
Generating RTLIL representation for module `$_SDFFCE_NP0P_'.
Generating RTLIL representation for module `$_SDFFCE_NP1P_'.
Generating RTLIL representation for module `$_SDFFCE_PP0P_'.
Generating RTLIL representation for module `$_SDFFCE_PP1P_'.
Successfully finished Verilog frontend.

5.36.2. Continuing TECHMAP pass.
Using template $_DFF_PP0_ for cells of type $_DFF_PP0_.
Using template $_DFFE_PP0P_ for cells of type $_DFFE_PP0P_.
Using template $_DFFE_PP_ for cells of type $_DFFE_PP_.
No more expansions possible.
<suppressed ~736 debug messages>

5.37. Executing OPT_EXPR pass (perform const folding).
Optimizing module tempest_v3_top.

5.38. Executing SIMPLEMAP pass (map simple cells to gate primitives).
Mapping tempest_v3_top.$auto$alumacc.cc:548:replace_alu$2163.slice[0].carry ($lut).

5.39. Executing ICE40_OPT pass (performing simple optimizations).

5.39.1. Running ICE40 specific optimizations.

5.39.2. Executing OPT_EXPR pass (perform const folding).
Optimizing module tempest_v3_top.
<suppressed ~49 debug messages>

5.39.3. Executing OPT_MERGE pass (detect identical cells).
Finding identical cells in module `\tempest_v3_top'.
Computing hashes of 10785 cells of `\tempest_v3_top'.
Finding duplicate cells in `\tempest_v3_top'.
Computing hashes of 10327 cells of `\tempest_v3_top'.
Finding duplicate cells in `\tempest_v3_top'.
<suppressed ~1374 debug messages>
Removed a total of 458 cells.

5.39.4. Executing OPT_DFF pass (perform DFF optimizations).

5.39.5. Executing OPT_CLEAN pass (remove unused cells and wires).
Finding unused cells or wires in module \tempest_v3_top..
Removed 0 unused cells and 4488 unused wires.
<suppressed ~1 debug messages>

5.39.6. Rerunning OPT passes. (Removed registers in this run.)

5.39.7. Running ICE40 specific optimizations.

5.39.8. Executing OPT_EXPR pass (perform const folding).
Optimizing module tempest_v3_top.

5.39.9. Executing OPT_MERGE pass (detect identical cells).
Finding identical cells in module `\tempest_v3_top'.
Computing hashes of 10327 cells of `\tempest_v3_top'.
Finding duplicate cells in `\tempest_v3_top'.
Removed a total of 0 cells.

5.39.10. Executing OPT_DFF pass (perform DFF optimizations).

5.39.11. Executing OPT_CLEAN pass (remove unused cells and wires).
Finding unused cells or wires in module \tempest_v3_top..

5.39.12. Finished OPT passes. (There is nothing left to do.)

5.40. Executing CHECK pass (checking for obvious problems).
Checking module tempest_v3_top...
Found and reported 0 problems.

5.41. Executing TECHMAP pass (map to technology primitives).

5.41.1. Executing Verilog-2005 frontend: F:\lunwen\tools\oss-cad-suite\bin\../share/yosys/ice40/latches_map.v
Parsing Verilog input from `F:\lunwen\tools\oss-cad-suite\bin\../share/yosys/ice40/latches_map.v' to AST representation.
Generating RTLIL representation for module `$_DLATCH_N_'.
Generating RTLIL representation for module `$_DLATCH_P_'.
Successfully finished Verilog frontend.

5.41.2. Continuing TECHMAP pass.
No more expansions possible.
<suppressed ~4 debug messages>

5.42. Executing Verilog-2005 frontend: F:\lunwen\tools\oss-cad-suite\bin\../share/yosys/ice40/abc9_model.v
Parsing Verilog input from `F:\lunwen\tools\oss-cad-suite\bin\../share/yosys/ice40/abc9_model.v' to AST representation.
Generating RTLIL representation for module `$__ICE40_CARRY_WRAPPER'.
Successfully finished Verilog frontend.

5.43. Executing ABC9 pass.

5.43.1. Executing ABC9_OPS pass (helper functions for ABC9).

5.43.2. Executing ABC9_OPS pass (helper functions for ABC9).

5.43.3. Executing PROC pass (convert processes to netlists).

5.43.3.1. Executing PROC_CLEAN pass (remove empty switches from decision trees).
Cleaned up 0 empty switches.

5.43.3.2. Executing PROC_RMDEAD pass (remove dead branches from decision trees).
Marked 1 switch rules as full_case in process $proc$F:\lunwen\tools\oss-cad-suite\bin\../share/yosys/ice40/cells_sim.v:662$1443 in module SB_DFFER.
Removed a total of 0 dead cases.

5.43.3.3. Executing PROC_PRUNE pass (remove redundant assignments in processes).
Removed 0 redundant assignments.
Promoted 1 assignment to connection.

5.43.3.4. Executing PROC_INIT pass (extract init attributes).
Found init rule in `\SB_DFFER.$proc$F:\lunwen\tools\oss-cad-suite\bin\../share/yosys/ice40/cells_sim.v:660$1446'.
  Set init value: \Q = 1'0

5.43.3.5. Executing PROC_ARST pass (detect async resets in processes).
Found async reset \R in `\SB_DFFER.$proc$F:\lunwen\tools\oss-cad-suite\bin\../share/yosys/ice40/cells_sim.v:662$1443'.

5.43.3.6. Executing PROC_ROM pass (convert switches to ROMs).
Converted 0 switches.
<suppressed ~1 debug messages>

5.43.3.7. Executing PROC_MUX pass (convert decision trees to multiplexers).
Creating decoders for process `\SB_DFFER.$proc$F:\lunwen\tools\oss-cad-suite\bin\../share/yosys/ice40/cells_sim.v:660$1446'.
Creating decoders for process `\SB_DFFER.$proc$F:\lunwen\tools\oss-cad-suite\bin\../share/yosys/ice40/cells_sim.v:662$1443'.
     1/1: $0\Q[0:0]

5.43.3.8. Executing PROC_DLATCH pass (convert process syncs to latches).

5.43.3.9. Executing PROC_DFF pass (convert process syncs to FFs).
Creating register for signal `\SB_DFFER.\Q' using process `\SB_DFFER.$proc$F:\lunwen\tools\oss-cad-suite\bin\../share/yosys/ice40/cells_sim.v:662$1443'.
  created $adff cell `$procdff$22444' with positive edge clock and positive level reset.

5.43.3.10. Executing PROC_MEMWR pass (convert process memory writes to cells).

5.43.3.11. Executing PROC_CLEAN pass (remove empty switches from decision trees).
Removing empty process `SB_DFFER.$proc$F:\lunwen\tools\oss-cad-suite\bin\../share/yosys/ice40/cells_sim.v:660$1446'.
Found and cleaned up 1 empty switch in `\SB_DFFER.$proc$F:\lunwen\tools\oss-cad-suite\bin\../share/yosys/ice40/cells_sim.v:662$1443'.
Removing empty process `SB_DFFER.$proc$F:\lunwen\tools\oss-cad-suite\bin\../share/yosys/ice40/cells_sim.v:662$1443'.
Cleaned up 1 empty switch.

5.43.4. Executing PROC pass (convert processes to netlists).

5.43.4.1. Executing PROC_CLEAN pass (remove empty switches from decision trees).
Cleaned up 0 empty switches.

5.43.4.2. Executing PROC_RMDEAD pass (remove dead branches from decision trees).
Marked 1 switch rules as full_case in process $proc$F:\lunwen\tools\oss-cad-suite\bin\../share/yosys/ice40/cells_sim.v:406$1427 in module SB_DFFR.
Removed a total of 0 dead cases.

5.43.4.3. Executing PROC_PRUNE pass (remove redundant assignments in processes).
Removed 1 redundant assignment.
Promoted 1 assignment to connection.

5.43.4.4. Executing PROC_INIT pass (extract init attributes).
Found init rule in `\SB_DFFR.$proc$F:\lunwen\tools\oss-cad-suite\bin\../share/yosys/ice40/cells_sim.v:404$1429'.
  Set init value: \Q = 1'0

5.43.4.5. Executing PROC_ARST pass (detect async resets in processes).
Found async reset \R in `\SB_DFFR.$proc$F:\lunwen\tools\oss-cad-suite\bin\../share/yosys/ice40/cells_sim.v:406$1427'.

5.43.4.6. Executing PROC_ROM pass (convert switches to ROMs).
Converted 0 switches.

5.43.4.7. Executing PROC_MUX pass (convert decision trees to multiplexers).
Creating decoders for process `\SB_DFFR.$proc$F:\lunwen\tools\oss-cad-suite\bin\../share/yosys/ice40/cells_sim.v:404$1429'.
Creating decoders for process `\SB_DFFR.$proc$F:\lunwen\tools\oss-cad-suite\bin\../share/yosys/ice40/cells_sim.v:406$1427'.
     1/1: $0\Q[0:0]

5.43.4.8. Executing PROC_DLATCH pass (convert process syncs to latches).

5.43.4.9. Executing PROC_DFF pass (convert process syncs to FFs).
Creating register for signal `\SB_DFFR.\Q' using process `\SB_DFFR.$proc$F:\lunwen\tools\oss-cad-suite\bin\../share/yosys/ice40/cells_sim.v:406$1427'.
  created $adff cell `$procdff$22447' with positive edge clock and positive level reset.

5.43.4.10. Executing PROC_MEMWR pass (convert process memory writes to cells).

5.43.4.11. Executing PROC_CLEAN pass (remove empty switches from decision trees).
Removing empty process `SB_DFFR.$proc$F:\lunwen\tools\oss-cad-suite\bin\../share/yosys/ice40/cells_sim.v:404$1429'.
Removing empty process `SB_DFFR.$proc$F:\lunwen\tools\oss-cad-suite\bin\../share/yosys/ice40/cells_sim.v:406$1427'.
Cleaned up 0 empty switches.

5.43.5. Executing SCC pass (detecting logic loops).
Found 0 SCCs in module tempest_v3_top.
Found 0 SCCs.

5.43.6. Executing ABC9_OPS pass (helper functions for ABC9).

5.43.7. Executing TECHMAP pass (map to technology primitives).

5.43.7.1. Executing Verilog-2005 frontend: F:\lunwen\tools\oss-cad-suite\bin\../share/yosys/techmap.v
Parsing Verilog input from `F:\lunwen\tools\oss-cad-suite\bin\../share/yosys/techmap.v' to AST representation.
Generating RTLIL representation for module `\_90_simplemap_bool_ops'.
Generating RTLIL representation for module `\_90_simplemap_reduce_ops'.
Generating RTLIL representation for module `\_90_simplemap_logic_ops'.
Generating RTLIL representation for module `\_90_simplemap_compare_ops'.
Generating RTLIL representation for module `\_90_simplemap_various'.
Generating RTLIL representation for module `\_90_simplemap_registers'.
Generating RTLIL representation for module `\_90_shift_ops_shr_shl_sshl_sshr'.
Generating RTLIL representation for module `\_90_shift_shiftx'.
Generating RTLIL representation for module `\_90_fa'.
Generating RTLIL representation for module `\_90_lcu_brent_kung'.
Generating RTLIL representation for module `\_90_alu'.
Generating RTLIL representation for module `\_90_macc'.
Generating RTLIL representation for module `\_90_alumacc'.
Generating RTLIL representation for module `$__div_mod_u'.
Generating RTLIL representation for module `$__div_mod_trunc'.
Generating RTLIL representation for module `\_90_div'.
Generating RTLIL representation for module `\_90_mod'.
Generating RTLIL representation for module `$__div_mod_floor'.
Generating RTLIL representation for module `\_90_divfloor'.
Generating RTLIL representation for module `\_90_modfloor'.
Generating RTLIL representation for module `\_90_pow'.
Generating RTLIL representation for module `\_90_demux'.
Generating RTLIL representation for module `\_90_lut'.
Generating RTLIL representation for module `$connect'.
Generating RTLIL representation for module `$input_port'.
Successfully finished Verilog frontend.

5.43.7.2. Continuing TECHMAP pass.
No more expansions possible.
<suppressed ~132 debug messages>

5.43.8. Executing OPT pass (performing simple optimizations).

5.43.8.1. Executing OPT_EXPR pass (perform const folding).
Optimizing module SB_DFFER.
Optimizing module SB_DFFR.

5.43.8.2. Executing OPT_MERGE pass (detect identical cells).
Finding identical cells in module `\SB_DFFER'.
Computing hashes of 2 cells of `\SB_DFFER'.
Finding duplicate cells in `\SB_DFFER'.
Finding identical cells in module `\SB_DFFR'.
Computing hashes of 2 cells of `\SB_DFFR'.
Finding duplicate cells in `\SB_DFFR'.
Removed a total of 0 cells.

5.43.8.3. Executing OPT_MUXTREE pass (detect dead branches in mux trees).
Running muxtree optimizer on module \SB_DFFER..
  Creating internal representation of mux trees.
  No muxes found in this module.
Running muxtree optimizer on module \SB_DFFR..
  Creating internal representation of mux trees.
  No muxes found in this module.
Removed 0 multiplexer ports.

5.43.8.4. Executing OPT_REDUCE pass (consolidate $*mux and $reduce_* inputs).
  Optimizing cells in module \SB_DFFER.
  Optimizing cells in module \SB_DFFR.
Performed a total of 0 changes.

5.43.8.5. Executing OPT_MERGE pass (detect identical cells).
Finding identical cells in module `\SB_DFFER'.
Computing hashes of 2 cells of `\SB_DFFER'.
Finding duplicate cells in `\SB_DFFER'.
Finding identical cells in module `\SB_DFFR'.
Computing hashes of 2 cells of `\SB_DFFR'.
Finding duplicate cells in `\SB_DFFR'.
Removed a total of 0 cells.

5.43.8.6. Executing OPT_DFF pass (perform DFF optimizations).

5.43.8.7. Executing OPT_CLEAN pass (remove unused cells and wires).
Finding unused cells or wires in module \SB_DFFER..
Finding unused cells or wires in module \SB_DFFR..

5.43.8.8. Executing OPT_EXPR pass (perform const folding).
Optimizing module SB_DFFER.
Optimizing module SB_DFFR.

5.43.8.9. Finished fast OPT passes. (There is nothing left to do.)

5.43.9. Executing TECHMAP pass (map to technology primitives).

5.43.9.1. Executing Verilog-2005 frontend: F:\lunwen\tools\oss-cad-suite\bin\../share/yosys/abc9_map.v
Parsing Verilog input from `F:\lunwen\tools\oss-cad-suite\bin\../share/yosys/abc9_map.v' to AST representation.
Successfully finished Verilog frontend.

5.43.9.2. Continuing TECHMAP pass.
Using template SB_DFFR for cells of type SB_DFFR.
Using template SB_DFFER for cells of type SB_DFFER.
No more expansions possible.
<suppressed ~462 debug messages>

5.43.10. Executing Verilog-2005 frontend: F:\lunwen\tools\oss-cad-suite\bin\../share/yosys/abc9_model.v
Parsing Verilog input from `F:\lunwen\tools\oss-cad-suite\bin\../share/yosys/abc9_model.v' to AST representation.
Generating RTLIL representation for module `$__ABC9_DELAY'.
Generating RTLIL representation for module `$__ABC9_SCC_BREAKER'.
Generating RTLIL representation for module `$__DFF_N__$abc9_flop'.
Generating RTLIL representation for module `$__DFF_P__$abc9_flop'.
Successfully finished Verilog frontend.

5.43.11. Executing ABC9_OPS pass (helper functions for ABC9).
<suppressed ~258 debug messages>

5.43.12. Executing ABC9_OPS pass (helper functions for ABC9).

5.43.13. Executing ABC9_OPS pass (helper functions for ABC9).
<suppressed ~2 debug messages>

5.43.14. Executing TECHMAP pass (map to technology primitives).

5.43.14.1. Executing Verilog-2005 frontend: F:\lunwen\tools\oss-cad-suite\bin\../share/yosys/techmap.v
Parsing Verilog input from `F:\lunwen\tools\oss-cad-suite\bin\../share/yosys/techmap.v' to AST representation.
Generating RTLIL representation for module `\_90_simplemap_bool_ops'.
Generating RTLIL representation for module `\_90_simplemap_reduce_ops'.
Generating RTLIL representation for module `\_90_simplemap_logic_ops'.
Generating RTLIL representation for module `\_90_simplemap_compare_ops'.
Generating RTLIL representation for module `\_90_simplemap_various'.
Generating RTLIL representation for module `\_90_simplemap_registers'.
Generating RTLIL representation for module `\_90_shift_ops_shr_shl_sshl_sshr'.
Generating RTLIL representation for module `\_90_shift_shiftx'.
Generating RTLIL representation for module `\_90_fa'.
Generating RTLIL representation for module `\_90_lcu_brent_kung'.
Generating RTLIL representation for module `\_90_alu'.
Generating RTLIL representation for module `\_90_macc'.
Generating RTLIL representation for module `\_90_alumacc'.
Generating RTLIL representation for module `$__div_mod_u'.
Generating RTLIL representation for module `$__div_mod_trunc'.
Generating RTLIL representation for module `\_90_div'.
Generating RTLIL representation for module `\_90_mod'.
Generating RTLIL representation for module `$__div_mod_floor'.
Generating RTLIL representation for module `\_90_divfloor'.
Generating RTLIL representation for module `\_90_modfloor'.
Generating RTLIL representation for module `\_90_pow'.
Generating RTLIL representation for module `\_90_demux'.
Generating RTLIL representation for module `\_90_lut'.
Generating RTLIL representation for module `$connect'.
Generating RTLIL representation for module `$input_port'.
Successfully finished Verilog frontend.

5.43.14.2. Continuing TECHMAP pass.
Using template $paramod$__ICE40_CARRY_WRAPPER\LUT=16'0110100110010110\I3_IS_CI=1'1 for cells of type $paramod$__ICE40_CARRY_WRAPPER\LUT=16'0110100110010110\I3_IS_CI=1'1.
Using template SB_CARRY for cells of type SB_CARRY.
Using template $paramod\SB_LUT4\LUT_INIT=16'0110100110010110 for cells of type SB_LUT4.
Using extmapper simplemap for cells of type $mux.
Using extmapper simplemap for cells of type $logic_or.
Using extmapper simplemap for cells of type $logic_and.
No more expansions possible.
<suppressed ~152 debug messages>

5.43.15. Executing OPT pass (performing simple optimizations).

5.43.15.1. Executing OPT_EXPR pass (perform const folding).
Optimizing module tempest_v3_top.
<suppressed ~4 debug messages>

5.43.15.2. Executing OPT_MERGE pass (detect identical cells).
Finding identical cells in module `\tempest_v3_top'.
Computing hashes of 30 cells of `\tempest_v3_top'.
Finding duplicate cells in `\tempest_v3_top'.
Computing hashes of 20 cells of `\tempest_v3_top'.
Finding duplicate cells in `\tempest_v3_top'.
Computing hashes of 18 cells of `\tempest_v3_top'.
Finding duplicate cells in `\tempest_v3_top'.
<suppressed ~29 debug messages>
Removed a total of 12 cells.

5.43.15.3. Executing OPT_MUXTREE pass (detect dead branches in mux trees).
Running muxtree optimizer on module \tempest_v3_top..
  Creating internal representation of mux trees.
  No muxes found in this module.
Removed 0 multiplexer ports.

5.43.15.4. Executing OPT_REDUCE pass (consolidate $*mux and $reduce_* inputs).
  Optimizing cells in module \tempest_v3_top.
Performed a total of 0 changes.

5.43.15.5. Executing OPT_MERGE pass (detect identical cells).
Finding identical cells in module `\tempest_v3_top'.
Computing hashes of 18 cells of `\tempest_v3_top'.
Finding duplicate cells in `\tempest_v3_top'.
Removed a total of 0 cells.

5.43.15.6. Executing OPT_DFF pass (perform DFF optimizations).

5.43.15.7. Executing OPT_CLEAN pass (remove unused cells and wires).
Finding unused cells or wires in module \tempest_v3_top..
Removed 0 unused cells and 24 unused wires.
<suppressed ~1 debug messages>

5.43.15.8. Executing OPT_EXPR pass (perform const folding).
Optimizing module tempest_v3_top.

5.43.15.9. Rerunning OPT passes. (Maybe there is more to do..)

5.43.15.10. Executing OPT_MUXTREE pass (detect dead branches in mux trees).
Running muxtree optimizer on module \tempest_v3_top..
  Creating internal representation of mux trees.
  No muxes found in this module.
Removed 0 multiplexer ports.

5.43.15.11. Executing OPT_REDUCE pass (consolidate $*mux and $reduce_* inputs).
  Optimizing cells in module \tempest_v3_top.
Performed a total of 0 changes.

5.43.15.12. Executing OPT_MERGE pass (detect identical cells).
Finding identical cells in module `\tempest_v3_top'.
Computing hashes of 18 cells of `\tempest_v3_top'.
Finding duplicate cells in `\tempest_v3_top'.
Removed a total of 0 cells.

5.43.15.13. Executing OPT_DFF pass (perform DFF optimizations).

5.43.15.14. Executing OPT_CLEAN pass (remove unused cells and wires).
Finding unused cells or wires in module \tempest_v3_top..

5.43.15.15. Executing OPT_EXPR pass (perform const folding).
Optimizing module tempest_v3_top.

5.43.15.16. Finished fast OPT passes. (There is nothing left to do.)

5.43.16. Executing AIGMAP pass (map logic to AIG).
Module tempest_v3_top: replaced 7 cells with 43 new cells, skipped 11 cells.
  replaced 2 cell types:
       5 $_MUX_
       2 $_OR_
  not replaced 3 cell types:
       2 $_AND_
       1 $_NOT_
       8 $specify2

5.43.17. Executing AIGMAP pass (map logic to AIG).
Module tempest_v3_top: replaced 6652 cells with 45718 new cells, skipped 4389 cells.
  replaced 3 cell types:
     294 $_MUX_
     282 $_OR_
    6076 $_XOR_
  not replaced 10 cell types:
    2727 $_AND_
     226 $_NOT_
       3 $scopeinfo
     256 $paramod$__ABC9_DELAY\DELAY=32'00000000000000000000000000010101
     256 SB_DFFE
       1 SB_DFFR
     457 SB_DFFER
       1 SB_DFFR_$abc9_byp
     457 SB_DFFER_$abc9_byp
       5 $paramod$__ICE40_CARRY_WRAPPER\LUT=16'0110100110010110\I3_IS_CI=1'1

5.43.17.1. Executing ABC9_OPS pass (helper functions for ABC9).

5.43.17.2. Executing ABC9_OPS pass (helper functions for ABC9).

5.43.17.3. Executing XAIGER backend.
<suppressed ~725 debug messages>
Extracted 22119 AND gates and 51179 wires from module `tempest_v3_top' to a netlist network with 1101 inputs and 850 outputs.

5.43.17.4. Executing ABC9_EXE pass (technology mapping using ABC9).

5.43.17.5. Executing ABC9.
Running ABC command: "<yosys-exe-dir>/yosys-abc" -s -f <abc-temp-dir>/abc.script 2>&1
ABC: ======== ABC command line "source <abc-temp-dir>/abc.script"
ABC: + read_lut <abc-temp-dir>/input.lut 
ABC: + read_box <abc-temp-dir>/input.box 
ABC: + &read <abc-temp-dir>/input.xaig 
ABC: + &ps 
ABC: <abc-temp-dir>/input : i/o =   1101/    850  and =   22075  lev =   66 (   9.21)  mem = 0.31 MB  box = 719  bb = 714
ABC: Warning: AIG with boxes has internal fanout in 0 complex flops and 1 carries.
ABC: + &scorr 
ABC: Warning: The network is combinational.
ABC: + &sweep 
ABC: + &dc2 
ABC: + &dch -f -r 
ABC: + &ps 
ABC: <abc-temp-dir>/input : i/o =   1101/    850  and =   39599  lev =   59 (   8.12)  mem = 0.51 MB  ch = 5521  box = 719  bb = 714
ABC: cst =       0  cls =   5181  lit =    5521  unused =   30722  proof =     0
ABC: Warning: AIG with boxes has internal fanout in 0 complex flops and 1 carries.
ABC: + &if -W 250 -v 
ABC: K = 4. Memory (bytes): Truth =    0. Cut =   64. Obj =  144. Set =  672. CutMin = no
ABC: Node =   39599.  Ch =  5181.  Total mem =    6.63 MB. Peak cut mem =    0.38 MB.
ABC: P:  Del = 11459.00.  Ar =    7877.0.  Edge =    29740.  Cut =   421710.  T =     0.03 sec
ABC: P:  Del = 11438.00.  Ar =    7835.0.  Edge =    29778.  Cut =   413653.  T =     0.03 sec
ABC: P:  Del = 11438.00.  Ar =    7481.0.  Edge =    26184.  Cut =   428597.  T =     0.03 sec
ABC: F:  Del = 11438.00.  Ar =    7370.0.  Edge =    25737.  Cut =   204160.  T =     0.01 sec
ABC: A:  Del = 11438.00.  Ar =    7310.0.  Edge =    25075.  Cut =   202475.  T =     0.02 sec
ABC: A:  Del = 11438.00.  Ar =    7299.0.  Edge =    25022.  Cut =   182620.  T =     0.01 sec
ABC: Total time =     0.14 sec
ABC: + &write -n <abc-temp-dir>/output.aig 
ABC: + &mfs 
ABC: + &ps -l 
ABC: <abc-temp-dir>/input : i/o =   1101/    850  and =   56666  lev =   70 (   9.73)  mem = 0.71 MB  box = 719  bb = 714
ABC: Mapping (K=4)  :  lut =   7006  edge =   23884  lev =   18 (2.77)  levB =   19  mem = 0.38 MB
ABC: LUT = 7006 : 2=929 13.3 %  3=2282 32.6 %  4=3795 54.2 %  Ave = 3.41
ABC: Warning: AIG with boxes has internal fanout in 0 complex flops and 1 carries.
ABC: + &write -n <abc-temp-dir>/output.aig 
ABC: + &verify 
ABC: Networks are equivalent.  Time =     2.34 sec
ABC: + time 
ABC: elapse: 11.98 seconds, total: 11.98 seconds

5.43.17.6. Executing AIGER frontend.
<suppressed ~11 debug messages>
Removed 101860 unused cells and 105733 unused wires.

5.43.17.7. Executing ABC_OPS_REINTEGRATE pass (reintegrate ABC mapped design into module).
ABC RESULTS:              $lut cells:     7007
ABC RESULTS:   \SB_DFFR_$abc9_byp cells:        1
ABC RESULTS:   \SB_DFFER_$abc9_byp cells:      457
ABC RESULTS:   $paramod$__ICE40_CARRY_WRAPPER\LUT=16'0110100110010110\I3_IS_CI=1'1 cells:        5
ABC RESULTS:           input signals:      467
ABC RESULTS:          output signals:      275
<suppressed ~3902 debug messages>
Removing temp directory.

5.43.18. Executing TECHMAP pass (map to technology primitives).

5.43.18.1. Executing Verilog-2005 frontend: F:\lunwen\tools\oss-cad-suite\bin\../share/yosys/abc9_unmap.v
Parsing Verilog input from `F:\lunwen\tools\oss-cad-suite\bin\../share/yosys/abc9_unmap.v' to AST representation.
Generating RTLIL representation for module `$__DFF_x__$abc9_flop'.
Generating RTLIL representation for module `$__ABC9_SCC_BREAKER'.
Successfully finished Verilog frontend.

5.43.18.2. Continuing TECHMAP pass.
Using template SB_DFFER_$abc9_byp for cells of type SB_DFFER_$abc9_byp.
Using template $paramod$__ICE40_CARRY_WRAPPER\LUT=16'0110100110010110\I3_IS_CI=1'1 for cells of type $paramod$__ICE40_CARRY_WRAPPER\LUT=16'0110100110010110\I3_IS_CI=1'1.
Using template SB_DFFR_$abc9_byp for cells of type SB_DFFR_$abc9_byp.
No more expansions possible.
<suppressed ~471 debug messages>

5.44. Executing ICE40_WRAPCARRY pass (wrap carries).

5.45. Executing TECHMAP pass (map to technology primitives).

5.45.1. Executing Verilog-2005 frontend: F:\lunwen\tools\oss-cad-suite\bin\../share/yosys/ice40/ff_map.v
Parsing Verilog input from `F:\lunwen\tools\oss-cad-suite\bin\../share/yosys/ice40/ff_map.v' to AST representation.
Generating RTLIL representation for module `$_DFF_N_'.
Generating RTLIL representation for module `$_DFF_P_'.
Generating RTLIL representation for module `$_DFFE_NP_'.
Generating RTLIL representation for module `$_DFFE_PP_'.
Generating RTLIL representation for module `$_DFF_NP0_'.
Generating RTLIL representation for module `$_DFF_NP1_'.
Generating RTLIL representation for module `$_DFF_PP0_'.
Generating RTLIL representation for module `$_DFF_PP1_'.
Generating RTLIL representation for module `$_DFFE_NP0P_'.
Generating RTLIL representation for module `$_DFFE_NP1P_'.
Generating RTLIL representation for module `$_DFFE_PP0P_'.
Generating RTLIL representation for module `$_DFFE_PP1P_'.
Generating RTLIL representation for module `$_SDFF_NP0_'.
Generating RTLIL representation for module `$_SDFF_NP1_'.
Generating RTLIL representation for module `$_SDFF_PP0_'.
Generating RTLIL representation for module `$_SDFF_PP1_'.
Generating RTLIL representation for module `$_SDFFCE_NP0P_'.
Generating RTLIL representation for module `$_SDFFCE_NP1P_'.
Generating RTLIL representation for module `$_SDFFCE_PP0P_'.
Generating RTLIL representation for module `$_SDFFCE_PP1P_'.
Successfully finished Verilog frontend.

5.45.2. Continuing TECHMAP pass.
No more expansions possible.
<suppressed ~22 debug messages>
Removed 366 unused cells and 54820 unused wires.

5.46. Executing OPT_LUT pass (optimize LUTs).
Discovering LUTs.
Number of LUTs:     7012
  1-LUT                1
  2-LUT              930
  3-LUT             2286
  4-LUT             3795
  with \SB_CARRY    (#0)    4
  with \SB_CARRY    (#1)    4

Eliminating LUTs.
Number of LUTs:     7012
  1-LUT                1
  2-LUT              930
  3-LUT             2286
  4-LUT             3795
  with \SB_CARRY    (#0)    4
  with \SB_CARRY    (#1)    4

Combining LUTs.
Number of LUTs:     7007
  1-LUT                1
  2-LUT              924
  3-LUT             2283
  4-LUT             3799
  with \SB_CARRY    (#0)    4
  with \SB_CARRY    (#1)    4

Eliminated 0 LUTs.
Combined 5 LUTs.
<suppressed ~23845 debug messages>

5.47. Executing TECHMAP pass (map to technology primitives).

5.47.1. Executing Verilog-2005 frontend: F:\lunwen\tools\oss-cad-suite\bin\../share/yosys/ice40/cells_map.v
Parsing Verilog input from `F:\lunwen\tools\oss-cad-suite\bin\../share/yosys/ice40/cells_map.v' to AST representation.
Generating RTLIL representation for module `$lut'.
Successfully finished Verilog frontend.

5.47.2. Continuing TECHMAP pass.
Using template $paramod$lut\WIDTH=32'00000000000000000000000000000011\LUT=8'00000100 for cells of type $lut.
Using template $paramod$9d707d218adbd63b6f9a0c79d7ee037306fb6296$lut for cells of type $lut.
Using template $paramod$1dd9694e5dfe8713c76031a8da37890fe3706d96$lut for cells of type $lut.
Using template $paramod$lut\WIDTH=32'00000000000000000000000000000010\LUT=4'1001 for cells of type $lut.
Using template $paramod$4282def8dbd6df3d1248ad282c629bee684502c2$lut for cells of type $lut.
Using template $paramod$fd904e9e35cfd343a9df248824bd3f1408724879$lut for cells of type $lut.
Using template $paramod$1dc1ebf58638f2b5a7bd16d3cbf70d85280d0255$lut for cells of type $lut.
Using template $paramod$lut\WIDTH=32'00000000000000000000000000000010\LUT=4'0110 for cells of type $lut.
Using template $paramod$8d7e631403a80aa650e318c82a10887417c8ada0$lut for cells of type $lut.
Using template $paramod$lut\WIDTH=32'00000000000000000000000000000011\LUT=8'01111000 for cells of type $lut.
Using template $paramod$lut\WIDTH=32'00000000000000000000000000000011\LUT=8'01101001 for cells of type $lut.
Using template $paramod$3a0b4cdedfd1d4a50b6128c5b34eaf4295ec8865$lut for cells of type $lut.
Using template $paramod$8dea978432b975a06d487b3763d4d556f8d362b4$lut for cells of type $lut.
Using template $paramod$lut\WIDTH=32'00000000000000000000000000000011\LUT=8'01010110 for cells of type $lut.
Using template $paramod$93ac58a16159c20e0077de7d3d595e64807258d5$lut for cells of type $lut.
Using template $paramod$59cbafa4d23a5052ba15eb113e52d55476cf45ac$lut for cells of type $lut.
Using template $paramod$286d6b18e782cb14d345c8422500571fedf77570$lut for cells of type $lut.
Using template $paramod$ca1d48527df516f209cb40a6149324209c84bc69$lut for cells of type $lut.
Using template $paramod$lut\WIDTH=32'00000000000000000000000000000011\LUT=8'01101010 for cells of type $lut.
Using template $paramod$lut\WIDTH=32'00000000000000000000000000000011\LUT=8'01101100 for cells of type $lut.
Using template $paramod$2bdfdda73873e8931790d872b72220895e67fee5$lut for cells of type $lut.
Using template $paramod$cd32cfde602a94b80aa21c2c24adfaee74ee23f3$lut for cells of type $lut.
Using template $paramod$lut\WIDTH=32'00000000000000000000000000000011\LUT=8'10011010 for cells of type $lut.
Using template $paramod$0ff0701fa7307c511b76c9daa95f87e048e89d50$lut for cells of type $lut.
Using template $paramod$lut\WIDTH=32'00000000000000000000000000000011\LUT=8'10010110 for cells of type $lut.
Using template $paramod$78e1751931755f088c8bc676bcbc3bb642c26bfc$lut for cells of type $lut.
Using template $paramod$61c387311e0b7b1481f282cf3d339bc22e86cf60$lut for cells of type $lut.
Using template $paramod$8a94e7524777a0b4753b783db2e99d719294f40f$lut for cells of type $lut.
Using template $paramod$lut\WIDTH=32'00000000000000000000000000000010\LUT=4'0010 for cells of type $lut.
Using template $paramod$729aa850e969bb9bb1c205734876853e142656d4$lut for cells of type $lut.
Using template $paramod$bb74623f36a3b8e72cd793ac21892a7fe0f2d9aa$lut for cells of type $lut.
Using template $paramod$7c03b26c73478ecb1b7fb0017db3d8ee4c9a9376$lut for cells of type $lut.
Using template $paramod$dc49096963428cfbc07739b6a212e07ad5030b62$lut for cells of type $lut.
Using template $paramod$deb4f121bbf3d55ed9a98f692fd112e0918f51b5$lut for cells of type $lut.
Using template $paramod$lut\WIDTH=32'00000000000000000000000000000011\LUT=8'01001011 for cells of type $lut.
Using template $paramod$bbb025a7143abfecd6f973e9ba56c94a2975a4f4$lut for cells of type $lut.
Using template $paramod$50b99034fbf984a51c265442496081454147f31e$lut for cells of type $lut.
Using template $paramod$be5308abcd11e5d87888ef8da44ef0b0d06a59e3$lut for cells of type $lut.
Using template $paramod$ff7561cfb7d3ae7112e6974b98c96c3d891737ce$lut for cells of type $lut.
Using template $paramod$bd3bf709159bdc54ad609699f0a1d973b3608b4c$lut for cells of type $lut.
Using template $paramod$34381cfcbc83cddaa163bf4909fba3e7f04244d9$lut for cells of type $lut.
Using template $paramod$f6470d2922644dfddf4d3b6031decef3dbd73dd6$lut for cells of type $lut.
Using template $paramod$lut\WIDTH=32'00000000000000000000000000000011\LUT=8'01100101 for cells of type $lut.
Using template $paramod$lut\WIDTH=32'00000000000000000000000000000011\LUT=8'11000110 for cells of type $lut.
Using template $paramod$2e242b3870fd1c78b14e7f95ffa17bf0b3a3339c$lut for cells of type $lut.
Using template $paramod$2f2b9b736b3ea0a0b958cef6434418c8f6a25d02$lut for cells of type $lut.
Using template $paramod$98d40e23bb57d56e14345fb0942003de3e361f25$lut for cells of type $lut.
Using template $paramod$681f5698b726521154bb82fdd031cea775896186$lut for cells of type $lut.
Using template $paramod$lut\WIDTH=32'00000000000000000000000000000011\LUT=8'10100110 for cells of type $lut.
Using template $paramod$6da36b00000992020b7b7eba5fbe42bbd326035f$lut for cells of type $lut.
Using template $paramod$a067ca065a0e8fdac308d6893e69914865d54ec4$lut for cells of type $lut.
Using template $paramod$3bcd6314de23180573ecc5a7e6c63581f0c5beef$lut for cells of type $lut.
Using template $paramod$lut\WIDTH=32'00000000000000000000000000000010\LUT=4'0001 for cells of type $lut.
Using template $paramod$6035268c8e128d0cd52fe1220f467fa985fea195$lut for cells of type $lut.
Using template $paramod$lut\WIDTH=32'00000000000000000000000000000011\LUT=8'11001001 for cells of type $lut.
Using template $paramod$0e3b92163337f2e219624ed5cc4f8fbb4537d621$lut for cells of type $lut.
Using template $paramod$2d07c1a6c53c7b878509360922c4fa5ebedc3011$lut for cells of type $lut.
Using template $paramod$lut\WIDTH=32'00000000000000000000000000000011\LUT=8'01011001 for cells of type $lut.
Using template $paramod$5ed059b4e4d917104a14ca4288ca3f18f1408bd6$lut for cells of type $lut.
Using template $paramod$f70269f202d4dce0365aebaed07094a4216142a8$lut for cells of type $lut.
Using template $paramod$d715d2e1f6a9d477d103079941e34b8ab3168104$lut for cells of type $lut.
Using template $paramod$lut\WIDTH=32'00000000000000000000000000000010\LUT=4'1000 for cells of type $lut.
Using template $paramod$lut\WIDTH=32'00000000000000000000000000000011\LUT=8'11100001 for cells of type $lut.
Using template $paramod$lut\WIDTH=32'00000000000000000000000000000011\LUT=8'01100011 for cells of type $lut.
Using template $paramod$74896d5916b54059928d3e3a06a0d62a2b582a8d$lut for cells of type $lut.
Using template $paramod$1f3b67373a23476b64a6ed61bde9dbe9df1086de$lut for cells of type $lut.
Using template $paramod$c92106469089edeb8ad4d6daf5067879a8f6ba9f$lut for cells of type $lut.
Using template $paramod$bca52bc9f7edd73160c86be7a013550d6d7a8e2e$lut for cells of type $lut.
Using template $paramod$ca8f22bcd60a7f9ff326fb6688026c34f5df0032$lut for cells of type $lut.
Using template $paramod$lut\WIDTH=32'00000000000000000000000000000011\LUT=8'10010101 for cells of type $lut.
Using template $paramod$lut\WIDTH=32'00000000000000000000000000000011\LUT=8'10101001 for cells of type $lut.
Using template $paramod$cd8975dc11fa0a0f43767c66f462c08cafafa82c$lut for cells of type $lut.
Using template $paramod$024f437069ede126a08cbaf2540201977a378569$lut for cells of type $lut.
Using template $paramod$a7defd4f918862a5b442f9ecbddab049665c36c4$lut for cells of type $lut.
Using template $paramod$lut\WIDTH=32'00000000000000000000000000000010\LUT=4'0100 for cells of type $lut.
Using template $paramod$926ac55185a9de8a4c1953873edc4431dd68554a$lut for cells of type $lut.
Using template $paramod$dd127436abbc41edb2e1e10a83badcff5e9c460c$lut for cells of type $lut.
Using template $paramod$2991a9166162362f9843a52417028067813fc539$lut for cells of type $lut.
Using template $paramod$lut\WIDTH=32'00000000000000000000000000000011\LUT=8'00001001 for cells of type $lut.
Using template $paramod$lut\WIDTH=32'00000000000000000000000000000011\LUT=8'10010011 for cells of type $lut.
Using template $paramod$93785b9c731eec5233cca020cc98b38141190c08$lut for cells of type $lut.
Using template $paramod$lut\WIDTH=32'00000000000000000000000000000011\LUT=8'00011110 for cells of type $lut.
Using template $paramod$7c5a3d511aa176f539f3540f0d04f1b021fadbdc$lut for cells of type $lut.
Using template $paramod$lut\WIDTH=32'00000000000000000000000000000011\LUT=8'11010010 for cells of type $lut.
Using template $paramod$bbb10333e84a7e80f65e1494ebbfbf3f28568fcd$lut for cells of type $lut.
Using template $paramod$lut\WIDTH=32'00000000000000000000000000000011\LUT=8'00101101 for cells of type $lut.
Using template $paramod$6c15da6150ce36eeff7fb8c09f7ef22f5448d679$lut for cells of type $lut.
Using template $paramod$4f12c68fe152bf82a50c813cc37cc632b89530ed$lut for cells of type $lut.
Using template $paramod$c6705c2d9a5ca1e5236b47844e83005fc173deff$lut for cells of type $lut.
Using template $paramod$lut\WIDTH=32'00000000000000000000000000000011\LUT=8'00010100 for cells of type $lut.
Using template $paramod$4ac73e90cabe3fd5423b3897754e1be51d1645fa$lut for cells of type $lut.
Using template $paramod$0d6e3afd4225413c0e953b9459bc1aeb0629f6aa$lut for cells of type $lut.
Using template $paramod$lut\WIDTH=32'00000000000000000000000000000011\LUT=8'10000111 for cells of type $lut.
Using template $paramod$1863aeb740e7fb1767b114ad39b422c808f8f804$lut for cells of type $lut.
Using template $paramod$69f20e0703606f2ffd2ee27cd26f815bd5eeb6e9$lut for cells of type $lut.
Using template $paramod$lut\WIDTH=32'00000000000000000000000000000011\LUT=8'00110110 for cells of type $lut.
Using template $paramod$dae8f9b502bd1460fd180a1c0b20d573cb3bdfaa$lut for cells of type $lut.
Using template $paramod$243fb93e736df5581df7bafa378886f2bdf5bea9$lut for cells of type $lut.
Using template $paramod$c67ff654dfa9062d61db52bd013fb1271e5b9a9b$lut for cells of type $lut.
Using template $paramod$12434f4a8e55e534078df6b9696209b9a296bae3$lut for cells of type $lut.
Using template $paramod$f857bdfd499f2d260fec7676092360e160d92149$lut for cells of type $lut.
Using template $paramod$4cf5305612d86489c1a6171729557670bf08582e$lut for cells of type $lut.
Using template $paramod$5b70de4dbb323ec22c925aa2fcc3326145cab098$lut for cells of type $lut.
Using template $paramod$lut\WIDTH=32'00000000000000000000000000000011\LUT=8'00111001 for cells of type $lut.
Using template $paramod$7c6c6ce6eec04b633fb1f430574af2ae67241051$lut for cells of type $lut.
Using template $paramod$c9baf19a346f9036c5c5e1d377838949e9012aa7$lut for cells of type $lut.
Using template $paramod$1fff5319c6207c37a9251fb095cb96f366bee03b$lut for cells of type $lut.
Using template $paramod$lut\WIDTH=32'00000000000000000000000000000011\LUT=8'00010010 for cells of type $lut.
Using template $paramod$81a1c70a44627b4583ef634127f9138f86659a4c$lut for cells of type $lut.
Using template $paramod$069bb99fc8f293eec7931733dfd3002c879eb85e$lut for cells of type $lut.
Using template $paramod$e6c2f84b29bee64f450d97e51b4fe307777f0652$lut for cells of type $lut.
Using template $paramod$lut\WIDTH=32'00000000000000000000000000000011\LUT=8'10110100 for cells of type $lut.
Using template $paramod$lut\WIDTH=32'00000000000000000000000000000011\LUT=8'10000010 for cells of type $lut.
Using template $paramod$1d4a327b02ed7b028f4cbbe9bcac5deafa28f891$lut for cells of type $lut.
Using template $paramod$edc5a73130589b9210f4bdf92e14bdcacac8945d$lut for cells of type $lut.
Using template $paramod$acf49cb7bd2805dee4b4ebb218aa5924b1be7704$lut for cells of type $lut.
Using template $paramod$8512f4fb47fa9596f76cdbe5b407a5b54df368e7$lut for cells of type $lut.
Using template $paramod$lut\WIDTH=32'00000000000000000000000000000011\LUT=8'10010000 for cells of type $lut.
Using template $paramod$b100a2813ddd931f73400dfa54acf6ca20bdc473$lut for cells of type $lut.
Using template $paramod$704cad882e2bedddf5c55ef18de55c67afe1e0ec$lut for cells of type $lut.
Using template $paramod$92afac897911da1dc254bd3c6e12c64f5bc1695c$lut for cells of type $lut.
Using template $paramod$70aaf70eb32e221098b6eb52bf2b64b3c0b4a0fb$lut for cells of type $lut.
Using template $paramod$7f86a259a7cf46ca8099838af83e6a0981877ae2$lut for cells of type $lut.
Using template $paramod$719d0dace9d118de2fd3c5c8744df93c19c0e362$lut for cells of type $lut.
Using template $paramod$4c43cf175bd76f8d26cc73c9b4047ff5d933c5cf$lut for cells of type $lut.
Using template $paramod$lut\WIDTH=32'00000000000000000000000000000011\LUT=8'01100000 for cells of type $lut.
Using template $paramod$169bf68e953e827bab2f6f090984d165d97aa187$lut for cells of type $lut.
Using template $paramod$8d7a8d6e3356de09670738ba85f2c6b874f6b06d$lut for cells of type $lut.
Using template $paramod$756e343993bd5e009f08ff62427951337f479341$lut for cells of type $lut.
Using template $paramod$8bc9d8bb010fde4f7259d795c99fd2918f8dec5b$lut for cells of type $lut.
Using template $paramod$dcf74ea60b40cd0aa363a776abdc322b17dbfc0b$lut for cells of type $lut.
Using template $paramod$5e19963734365966b4afcab25a0f2e06c307eb2d$lut for cells of type $lut.
Using template $paramod$6100b7bb55ca0d268b8c6c13d0fce051de8aae98$lut for cells of type $lut.
Using template $paramod$lut\WIDTH=32'00000000000000000000000000000011\LUT=8'00000110 for cells of type $lut.
Using template $paramod$4f1bcbe11a1b33991deaceb473e010a2e7751bcf$lut for cells of type $lut.
Using template $paramod$53fd454bfdaecc21c78867f89d71c0235ecfe0a3$lut for cells of type $lut.
Using template $paramod$288ab8481316136ea3e3f683d345747dffb4c3c5$lut for cells of type $lut.
Using template $paramod$c1fb529d4c7062138a3eb24bdd225005a2bb75d8$lut for cells of type $lut.
Using template $paramod$81713d6af336cf73f9d112535bcb15fab9b04ef0$lut for cells of type $lut.
Using template $paramod$12cf840dcfda317ed4aaeef1854f713a535efc4e$lut for cells of type $lut.
Using template $paramod$lut\WIDTH=32'00000000000000000000000000000011\LUT=8'01000001 for cells of type $lut.
Using template $paramod$5eb0904e012d234de8f46a2296b2ab500602ad08$lut for cells of type $lut.
Using template $paramod$lut\WIDTH=32'00000000000000000000000000000011\LUT=8'00100001 for cells of type $lut.
Using template $paramod$4fa195531fc3dc57f5dff196f51111bc0053d75a$lut for cells of type $lut.
Using template $paramod$dc8eb389b2fc3ec6a78d93ff9b548b7fd27b6950$lut for cells of type $lut.
Using template $paramod$lut\WIDTH=32'00000000000000000000000000000011\LUT=8'01110011 for cells of type $lut.
Using template $paramod$708ff7e971fdbc9b041ef4977b41c8d828262923$lut for cells of type $lut.
Using template $paramod$fe94d8c9e91265ab708c60526b99157e8dad92bb$lut for cells of type $lut.
Using template $paramod$7f0c33ebaba0ede46854143fc6bff56677faafba$lut for cells of type $lut.
Using template $paramod$345d08ce071870a92a617c8482d0191994f827b9$lut for cells of type $lut.
Using template $paramod$981e9b70dcf2be1e16d990e6a9acee8c7a633f38$lut for cells of type $lut.
Using template $paramod$134458e13b2ec5a23accad8b751be8f873cf0023$lut for cells of type $lut.
Using template $paramod$165099389eb8a4939f42ee248b3d52273cc32a8a$lut for cells of type $lut.
Using template $paramod$ca57666f1236a8144091e90ff71c30858835882a$lut for cells of type $lut.
Using template $paramod$lut\WIDTH=32'00000000000000000000000000000010\LUT=4'1110 for cells of type $lut.
Using template $paramod$lut\WIDTH=32'00000000000000000000000000000011\LUT=8'00000010 for cells of type $lut.
Using template $paramod$lut\WIDTH=32'00000000000000000000000000000011\LUT=8'11111110 for cells of type $lut.
Using template $paramod$lut\WIDTH=32'00000000000000000000000000000010\LUT=4'1101 for cells of type $lut.
Using template $paramod$fcce5d284ca65bea69b62c5c7687dae6f5215d2f$lut for cells of type $lut.
Using template $paramod$4bf23d45a3e7588698f930a3e47a1038c7a957ee$lut for cells of type $lut.
Using template $paramod$b9d8b7e91a2c68da033af948ea0bd8bdebbaf6b2$lut for cells of type $lut.
Using template $paramod$1c1208033be3248b429eac87e081dceb4829c767$lut for cells of type $lut.
Using template $paramod$lut\WIDTH=32'00000000000000000000000000000011\LUT=8'00101000 for cells of type $lut.
Using template $paramod$lut\WIDTH=32'00000000000000000000000000000011\LUT=8'00100011 for cells of type $lut.
Using template $paramod$lut\WIDTH=32'00000000000000000000000000000011\LUT=8'10001111 for cells of type $lut.
Using template $paramod$lut\WIDTH=32'00000000000000000000000000000011\LUT=8'10011100 for cells of type $lut.
Using template $paramod$8cc3490ab42a63312b8ab36121eb7c9227093866$lut for cells of type $lut.
Using template $paramod$293ec5cf99a22418e4605f981d71d968485e2172$lut for cells of type $lut.
Using template $paramod$b74813021f8a6c7b2d60a3775130f8205ab14de4$lut for cells of type $lut.
Using template $paramod$61dc9aba6758f16e2d911765e65cbc255291c27d$lut for cells of type $lut.
Using template $paramod$f13b7bd4effc9b6d1cf804b8e5f87138a5b1c1f4$lut for cells of type $lut.
Using template $paramod$4bfd45f02ed7fecec5d39674ef87475cddf8f14d$lut for cells of type $lut.
Using template $paramod$abe49a8651c76e132887c038a6a3edc4f0ac6712$lut for cells of type $lut.
Using template $paramod$cb32832b462590ba6b4bda2fe4ab0e2da1abc198$lut for cells of type $lut.
Using template $paramod$fd24ba8adbaf0b75005db1aa455afcfc2d436527$lut for cells of type $lut.
Using template $paramod$24cb03f785a7266405db948962b05e5cdc54d8ab$lut for cells of type $lut.
Using template $paramod$9749a72623ffeb0da03674bad641afecefb354e8$lut for cells of type $lut.
Using template $paramod$679c0497bd344cd028193ec8906efb780eb00cd8$lut for cells of type $lut.
Using template $paramod$lut\WIDTH=32'00000000000000000000000000000011\LUT=8'00110010 for cells of type $lut.
Using template $paramod$lut\WIDTH=32'00000000000000000000000000000011\LUT=8'01001111 for cells of type $lut.
Using template $paramod$c28a8b7ce0535d090c4cfb52e9c74affd52b110c$lut for cells of type $lut.
Using template $paramod$aab54572d5ffecd31253b36e73e9cb718d05be34$lut for cells of type $lut.
Using template $paramod$lut\WIDTH=32'00000000000000000000000000000011\LUT=8'11110110 for cells of type $lut.
Using template $paramod$lut\WIDTH=32'00000000000000000000000000000011\LUT=8'00110111 for cells of type $lut.
Using template $paramod$lut\WIDTH=32'00000000000000000000000000000011\LUT=8'11111001 for cells of type $lut.
Using template $paramod$b2413b28513b8adc3fa81604e30e466cb60b4e87$lut for cells of type $lut.
Using template $paramod$6de58470e8a10bf14e7ed09eb9980cedb5777c25$lut for cells of type $lut.
Using template $paramod$lut\WIDTH=32'00000000000000000000000000000001\LUT=2'01 for cells of type $lut.
Using template $paramod$81d8a60fd95b1a9f9ef71c12a774ae6988cb9fd5$lut for cells of type $lut.
No more expansions possible.
<suppressed ~9467 debug messages>
Removed 0 unused cells and 16992 unused wires.

5.48. Executing AUTONAME pass.
Renamed 11641 objects in module tempest_v3_top.
<suppressed ~11641 debug messages>

5.49. Executing HIERARCHY pass (managing design hierarchy).
Attribute `top' found on module `tempest_v3_top'. Setting top module to tempest_v3_top.

5.49.1. Analyzing design hierarchy..
Top module:  \tempest_v3_top

5.49.2. Analyzing design hierarchy..
Top module:  \tempest_v3_top
Removed 0 unused modules.

5.50. Printing statistics.

=== tempest_v3_top ===

        +----------Local Count, excluding submodules.
        | 
     4071 wires
    23912 wire bits
     4071 public wires
    23912 public wire bits
        8 ports
      517 port bits
        3 cells
        3   $scopeinfo
     7725 submodules
        4   SB_CARRY
      256   SB_DFFE
      457   SB_DFFER
        1   SB_DFFR
     7007   SB_LUT4

=== design hierarchy ===

        +----------Count including submodules.
        | 
        3 tempest_v3_top

        +----------Count including submodules.
        | 
     4071 wires
    23912 wire bits
     4071 public wires
    23912 public wire bits
        8 ports
      517 port bits
        - memories
        - memory bits
        - processes
        3 cells
        3   $scopeinfo
     7725 submodules
        4   SB_CARRY
      256   SB_DFFE
      457   SB_DFFER
        1   SB_DFFR
     7007   SB_LUT4

5.51. Executing CHECK pass (checking for obvious problems).
Checking module tempest_v3_top...
Found and reported 0 problems.

6. Printing statistics.

=== tempest_v3_top ===

        +----------Local Count, excluding submodules.
        | 
     4071 wires
    23912 wire bits
     4071 public wires
    23912 public wire bits
        8 ports
      517 port bits
     7728 cells
        3   $scopeinfo
        4   SB_CARRY
      256   SB_DFFE
      457   SB_DFFER
        1   SB_DFFR
     7007   SB_LUT4

End of script. Logfile hash: 30e8280679
Yosys 0.67+146 (git sha1 468ba27d9-dirty, Release, GNU /usr/bin/x86_64-w64-mingw32-g++ 15.2.1)
Time spent: 1% 27x read_verilog (0 sec), 1% 27x opt_expr (0 sec), ...
