Warning: Use of default value for --package is deprecated. Please add '--package ct256' to arguments.
Warning: No PCF file specified; IO pins will be placed automatically

Info: Packing constants..
Info: Packing IOs..
Info: Packing LUT-FFs..
Info:     5269 LCs used as LUT4 only
Info:      646 LCs used as LUT4 and DFF
Info: Packing non-LUT FFs..
Info:      388 LCs used as DFF only
Info: Packing carries..
Info:        3 LCs used as CARRY only
Info: Packing indirect carry+LUT pairs...
Info:        1 LUTs merged into carry LCs
Info: Packing RAMs..
Info: Placing PLLs..
Info: Packing special functions..
Info: Packing PLLs..
Info: Promoting globals..
Info: promoting clk$SB_IO_IN (fanout 1034)
Info: promoting rst_n_SB_LUT4_I3_O [reset] (fanout 394)
Info: promoting busy_SB_LUT4_I3_O [cen] (fanout 128)
Info: promoting en_SB_LUT4_I0_O_SB_LUT4_I2_O_SB_LUT4_I3_1_O_SB_DFFER_E_Q_SB_DFFER_Q_1_D_SB_LUT4_I3_O [cen] (fanout 128)
Info: promoting rst_n_SB_LUT4_I1_O [cen] (fanout 128)
Info: promoting rst_n_SB_LUT4_I1_1_O [cen] (fanout 128)
Info: Constraining chains...
Info:        3 LCs used to legalise carry chains.
Info: Checksum: 0x9d2db41f

Info: Device utilisation:
Info: 	         ICESTORM_LC:    6310/   7680    82%
Info: 	        ICESTORM_RAM:       0/     32     0%
Info: 	               SB_IO:     199/    206    96%
Info: 	               SB_GB:       6/      8    75%
Info: 	        ICESTORM_PLL:       0/      2     0%
Info: 	         SB_WARMBOOT:       0/      1     0%

Info: Placed 0 cells based on constraints.
Info: Creating initial placement for remaining 6515 cells.
Info:   initial placement placed 500/6515 cells
Info:   initial placement placed 1000/6515 cells
Info:   initial placement placed 1500/6515 cells
Info:   initial placement placed 2000/6515 cells
Info:   initial placement placed 2500/6515 cells
Info:   initial placement placed 3000/6515 cells
Info:   initial placement placed 3500/6515 cells
Info:   initial placement placed 4000/6515 cells
Info:   initial placement placed 4500/6515 cells
Info:   initial placement placed 5000/6515 cells
Info:   initial placement placed 5500/6515 cells
Info:   initial placement placed 6000/6515 cells
Info:   initial placement placed 6500/6515 cells
Info:   initial placement placed 6515/6515 cells
Info: Initial placement time 0.01s
Info: Running simulated annealing placer.
Info:   at iteration #1: temp = 1.000000, timing cost = 13816, wirelen = 215484
Info:   at iteration #5: temp = 0.062500, timing cost = 11953, wirelen = 216043
Info:   at iteration #10: temp = 0.001953, timing cost = 12899, wirelen = 214822
Info:   at iteration #15: temp = 0.000356, timing cost = 10304, wirelen = 210304
Info:   at iteration #20: temp = 0.000210, timing cost = 13444, wirelen = 206935
Info:   at iteration #25: temp = 0.000153, timing cost = 9659, wirelen = 202671
Info:   at iteration #30: temp = 0.000125, timing cost = 11665, wirelen = 198658
Info:   at iteration #35: temp = 0.000107, timing cost = 9825, wirelen = 193795
Info:   at iteration #40: temp = 0.000092, timing cost = 9132, wirelen = 190602
Info:   at iteration #45: temp = 0.000079, timing cost = 11781, wirelen = 185526
Info:   at iteration #50: temp = 0.000071, timing cost = 12142, wirelen = 181542
Info:   at iteration #55: temp = 0.000067, timing cost = 10247, wirelen = 171024
Info:   at iteration #60: temp = 0.000064, timing cost = 10722, wirelen = 162505
Info:   at iteration #65: temp = 0.000061, timing cost = 9066, wirelen = 153246
Info:   at iteration #70: temp = 0.000058, timing cost = 7321, wirelen = 148192
Info:   at iteration #75: temp = 0.000055, timing cost = 9472, wirelen = 140845
Info:   at iteration #80: temp = 0.000052, timing cost = 10464, wirelen = 132620
Info:   at iteration #85: temp = 0.000047, timing cost = 8940, wirelen = 129296
Info:   at iteration #90: temp = 0.000045, timing cost = 8870, wirelen = 122465
Info:   at iteration #95: temp = 0.000045, timing cost = 9610, wirelen = 115110
Info:   at iteration #100: temp = 0.000040, timing cost = 8230, wirelen = 109220
Info:   at iteration #105: temp = 0.000040, timing cost = 10535, wirelen = 104263
Info:   at iteration #110: temp = 0.000036, timing cost = 7751, wirelen = 99519
Info:   at iteration #115: temp = 0.000035, timing cost = 8871, wirelen = 91967
Info:   at iteration #120: temp = 0.000033, timing cost = 8657, wirelen = 87836
Info:   at iteration #125: temp = 0.000031, timing cost = 8586, wirelen = 83919
Info:   at iteration #130: temp = 0.000030, timing cost = 9976, wirelen = 80091
Info:   at iteration #135: temp = 0.000028, timing cost = 10240, wirelen = 77171
Info:   at iteration #140: temp = 0.000027, timing cost = 9384, wirelen = 74055
Info: Legalising relative constraints...
Info:     moved 15 cells, 3 unplaced (after legalising chains)
Info:        average distance 0.400000
Info:        maximum distance 1.000000
Info:     moved 23 cells, 0 unplaced (after replacing ripped up cells)
Info:        average distance 0.629223
Info:        maximum distance 2.236068
Info:   at iteration #145: temp = 0.000024, timing cost = 8712, wirelen = 70937
Info:   at iteration #150: temp = 0.000023, timing cost = 8688, wirelen = 67642
Info:   at iteration #155: temp = 0.000021, timing cost = 8817, wirelen = 65389
Info:   at iteration #160: temp = 0.000020, timing cost = 8850, wirelen = 62667
Info:   at iteration #165: temp = 0.000018, timing cost = 8583, wirelen = 60117
Info:   at iteration #170: temp = 0.000016, timing cost = 9619, wirelen = 58469
Info:   at iteration #175: temp = 0.000014, timing cost = 8952, wirelen = 56643
Info:   at iteration #180: temp = 0.000013, timing cost = 8990, wirelen = 54709
Info:   at iteration #185: temp = 0.000010, timing cost = 8825, wirelen = 53090
Info:   at iteration #190: temp = 0.000008, timing cost = 8314, wirelen = 50239
Info:   at iteration #195: temp = 0.000005, timing cost = 8944, wirelen = 48840
Info:   at iteration #200: temp = 0.000003, timing cost = 9334, wirelen = 47559
Info:   at iteration #205: temp = 0.000001, timing cost = 8284, wirelen = 47154
Info:   at iteration #210: temp = 0.000000, timing cost = 8227, wirelen = 46993
Info:   at iteration #215: temp = 0.000000, timing cost = 8202, wirelen = 46913
Info:   at iteration #220: temp = 0.000000, timing cost = 8193, wirelen = 46883
Info:   at iteration #225: temp = 0.000000, timing cost = 8501, wirelen = 46870
Info:   at iteration #230: temp = 0.000000, timing cost = 8521, wirelen = 46871
Info:   at iteration #235: temp = 0.000000, timing cost = 8755, wirelen = 46859
Info:   at iteration #239: temp = 0.000000, timing cost = 8768, wirelen = 46862 
Info: SA placement time 46.61s

Info: Max frequency for clock 'clk$SB_IO_IN_$glb_clk': 36.37 MHz (FAIL at 48.00 MHz)

Info: Max delay <async>                       -> posedge clk$SB_IO_IN_$glb_clk: 10.82 ns
Info: Max delay posedge clk$SB_IO_IN_$glb_clk -> <async>                      : 3.65 ns

Info: Slack histogram:
Info:  legend: * represents 6 endpoint(s)
Info:          + represents [1,6) endpoint(s)
Info: [ -6660,  -5354) |***************+
Info: [ -5354,  -4048) |***************+
Info: [ -4048,  -2742) | 
Info: [ -2742,  -1436) |+
Info: [ -1436,   -130) |**+
Info: [  -130,   1176) |************************+
Info: [  1176,   2482) |*********************************+
Info: [  2482,   3788) |*******************+
Info: [  3788,   5094) |+
Info: [  5094,   6400) | 
Info: [  6400,   7706) | 
Info: [  7706,   9012) |****+
Info: [  9012,  10318) |****************************************************+
Info: [ 10318,  11624) |******************+
Info: [ 11624,  12930) |***********************************+
Info: [ 12930,  14236) |*********************************************+
Info: [ 14236,  15542) |************************************************************ 
Info: [ 15542,  16848) |********************************************************+
Info: [ 16848,  18154) |*****************+
Info: [ 18154,  19460) |******************************************************+
Info: Checksum: 0x57608671

Info: Routing..
Info: Setting up routing queue.
Info: Routing 21347 arcs.
Info:            |   (re-)routed arcs  |   delta    | remaining|       time spent     |
Info:    IterCnt |  w/ripup   wo/ripup |  w/r  wo/r |      arcs| batch(sec) total(sec)|
Info:       1000 |      199        800 |  199   800 |     20614|       0.80       0.80|
Info:       2000 |      544       1455 |  345   655 |     20082|       0.50       1.30|
Info:       3000 |      973       2026 |  429   571 |     19672|       0.44       1.74|
Info:       4000 |     1474       2525 |  501   499 |     19403|       0.49       2.22|
Info:       5000 |     2033       2966 |  559   441 |     19200|       0.56       2.78|
Info:       6000 |     2617       3382 |  584   416 |     19038|       0.59       3.37|
Info:       7000 |     3249       3750 |  632   368 |     18935|       0.51       3.88|
Info:       8000 |     3861       4138 |  612   388 |     18805|       0.54       4.42|
Info:       9000 |     4516       4483 |  655   345 |     18724|       0.53       4.95|
Info:      10000 |     5141       4858 |  625   375 |     18634|       0.59       5.54|
Info:      11000 |     5781       5218 |  640   360 |     18577|       0.58       6.12|
Info:      12000 |     6402       5597 |  621   379 |     18466|       0.49       6.61|
Info:      13000 |     7058       5941 |  656   344 |     18412|       0.50       7.11|
Info:      14000 |     7657       6342 |  599   401 |     18309|       0.49       7.60|
Info:      15000 |     8354       6645 |  697   303 |     18272|       0.56       8.16|
Info:      16000 |     9032       6967 |  678   322 |     18204|       0.54       8.70|
Info:      17000 |     9697       7302 |  665   335 |     18164|       0.47       9.17|
Info:      18000 |    10368       7631 |  671   329 |     18090|       0.51       9.68|
Info:      19000 |    11046       7953 |  678   322 |     18066|       0.52      10.20|
Info:      20000 |    11737       8262 |  691   309 |     18038|       0.46      10.66|
Info:      21000 |    12390       8609 |  653   347 |     17994|       0.50      11.16|
Info:      22000 |    13052       8947 |  662   338 |     17966|       0.65      11.81|
Info:      23000 |    13769       9230 |  717   283 |     17942|       0.52      12.33|
Info:      24000 |    14494       9505 |  725   275 |     17921|       0.52      12.85|
Info:      25000 |    15208       9791 |  714   286 |     17911|       0.48      13.33|
Info:      26000 |    15866      10133 |  658   342 |     17859|       0.49      13.82|
Info:      27000 |    16563      10436 |  697   303 |     17837|       0.52      14.35|
Info:      28000 |    17274      10725 |  711   289 |     17817|       0.53      14.87|
Info:      29000 |    17939      11060 |  665   335 |     17789|       0.48      15.35|
Info:      30000 |    18647      11352 |  708   292 |     17761|       0.63      15.98|
Info:      31000 |    19345      11654 |  698   302 |     17731|       0.44      16.42|
Info:      32000 |    20025      11974 |  680   320 |     17738|       0.52      16.94|
Info:      33000 |    20698      12301 |  673   327 |     17692|       0.46      17.40|
Info:      34000 |    21367      12632 |  669   331 |     17661|       0.54      17.94|
Info:      35000 |    22081      12918 |  714   286 |     17631|       0.54      18.48|
Info:      36000 |    22762      13237 |  681   319 |     17597|       0.49      18.97|
Info:      37000 |    23507      13492 |  745   255 |     17582|       0.45      19.42|
Info:      38000 |    24197      13802 |  690   310 |     17559|       0.51      19.93|
Info:      39000 |    24950      14049 |  753   247 |     17519|       0.39      20.32|
Info:      40000 |    25681      14318 |  731   269 |     17488|       0.48      20.80|
Info:      41000 |    26377      14622 |  696   304 |     17443|       0.53      21.33|
Info:      42000 |    27079      14920 |  702   298 |     17407|       0.42      21.75|
Info:      43000 |    27799      15200 |  720   280 |     17388|       0.52      22.27|
Info:      44000 |    28518      15481 |  719   281 |     17392|       0.49      22.75|
Info:      45000 |    29180      15819 |  662   338 |     17349|       0.48      23.23|
Info:      46000 |    29874      16125 |  694   306 |     17318|       0.53      23.76|
Info:      47000 |    30553      16446 |  679   321 |     17283|       0.44      24.20|
Info:      48000 |    31278      16721 |  725   275 |     17265|       0.66      24.86|
Info:      49000 |    31939      17060 |  661   339 |     17206|       0.54      25.40|
Info:      50000 |    32650      17349 |  711   289 |     17197|       0.52      25.92|
Info:      51000 |    33345      17654 |  695   305 |     17195|       0.57      26.49|
Info:      52000 |    34047      17952 |  702   298 |     17139|       0.61      27.10|
Info:      53000 |    34778      18221 |  731   269 |     17115|       0.47      27.57|
Info:      54000 |    35512      18487 |  734   266 |     17106|       0.53      28.10|
Info:      55000 |    36239      18760 |  727   273 |     17077|       0.48      28.58|
Info:      56000 |    36953      19046 |  714   286 |     17069|       0.53      29.11|
Info:      57000 |    37685      19314 |  732   268 |     17072|       0.56      29.67|
Info:      58000 |    38377      19622 |  692   308 |     17046|       0.54      30.21|
Info:      59000 |    39102      19897 |  725   275 |     17034|       0.51      30.72|
Info:      60000 |    39829      20170 |  727   273 |     17008|       0.51      31.23|
Info:      61000 |    40552      20447 |  723   277 |     17024|       0.50      31.74|
Info:      62000 |    41277      20722 |  725   275 |     16990|       0.46      32.20|
Info:      63000 |    41999      21000 |  722   278 |     16968|       0.48      32.67|
Info:      64000 |    42719      21280 |  720   280 |     16938|       0.52      33.20|
Info:      65000 |    43423      21576 |  704   296 |     16921|       0.56      33.75|
Info:      66000 |    44111      21888 |  688   312 |     16909|       0.41      34.16|
Info:      67000 |    44816      22183 |  705   295 |     16897|       0.44      34.60|
Info:      68000 |    45543      22456 |  727   273 |     16877|       0.55      35.14|
Info:      69000 |    46263      22736 |  720   280 |     16851|       0.49      35.64|
Info:      70000 |    47015      22984 |  752   248 |     16826|       0.53      36.17|
Info:      71000 |    47758      23241 |  743   257 |     16825|       0.46      36.63|
Info:      72000 |    48471      23528 |  713   287 |     16809|       0.46      37.09|
Info:      73000 |    49166      23833 |  695   305 |     16786|       0.53      37.61|
Info:      74000 |    49892      24107 |  726   274 |     16751|       0.60      38.21|
Info:      75000 |    50645      24354 |  753   247 |     16752|       0.47      38.68|
Info:      76000 |    51344      24655 |  699   301 |     16741|       0.63      39.31|
Info:      77000 |    52089      24910 |  745   255 |     16723|       0.65      39.97|
Info:      78000 |    52794      25205 |  705   295 |     16674|       0.56      40.53|
Info:      79000 |    53538      25461 |  744   256 |     16664|       0.55      41.07|
Info:      80000 |    54311      25688 |  773   227 |     16672|       0.61      41.69|
Info:      81000 |    55107      25892 |  796   204 |     16654|       0.53      42.21|
Info:      82000 |    55799      26200 |  692   308 |     16606|       0.60      42.81|
Info:      83000 |    56521      26478 |  722   278 |     16588|       0.73      43.55|
Info:      84000 |    57224      26775 |  703   297 |     16573|       0.67      44.22|
Info:      85000 |    57931      27068 |  707   293 |     16555|       0.60      44.82|
Info:      86000 |    58647      27352 |  716   284 |     16537|       0.42      45.24|
Info:      87000 |    59369      27630 |  722   278 |     16528|       0.46      45.70|
Info:      88000 |    60149      27850 |  780   220 |     16500|       0.50      46.21|
Info:      89000 |    60887      28112 |  738   262 |     16510|       0.64      46.84|
Info:      90000 |    61671      28328 |  784   216 |     16553|       0.65      47.49|
Info:      91000 |    62425      28574 |  754   246 |     16553|       0.66      48.15|
Info:      92000 |    63155      28844 |  730   270 |     16505|       0.52      48.67|
Info:      93000 |    63941      29058 |  786   214 |     16541|       0.66      49.33|
Info:      94000 |    64694      29305 |  753   247 |     16548|       0.69      50.02|
Info:      95000 |    65429      29570 |  735   265 |     16506|       0.59      50.61|
Info:      96000 |    66118      29881 |  689   311 |     16471|       0.76      51.36|
Info:      97000 |    66824      30175 |  706   294 |     16461|       0.53      51.89|
Info:      98000 |    67531      30468 |  707   293 |     16417|       0.69      52.58|
Info:      99000 |    68250      30749 |  719   281 |     16413|       0.54      53.12|
Info:     100000 |    68954      31045 |  704   296 |     16404|       0.56      53.68|
Info:     101000 |    69678      31321 |  724   276 |     16387|       0.53      54.21|
Info:     102000 |    70392      31607 |  714   286 |     16369|       0.54      54.75|
Info:     103000 |    71189      31810 |  797   203 |     16372|       0.53      55.28|
Info:     104000 |    71901      32098 |  712   288 |     16369|       0.61      55.89|
Info:     105000 |    72620      32379 |  719   281 |     16350|       0.55      56.44|
Info:     106000 |    73358      32641 |  738   262 |     16386|       0.67      57.11|
Info:     107000 |    74106      32893 |  748   252 |     16346|       0.60      57.71|
Info:     108000 |    74858      33141 |  752   248 |     16338|       0.63      58.34|
Info:     109000 |    75591      33408 |  733   267 |     16315|       0.78      59.12|
Info:     110000 |    76363      33636 |  772   228 |     16282|       0.54      59.66|
Info:     111000 |    77135      33864 |  772   228 |     16297|       0.58      60.24|
Info:     112000 |    77939      34060 |  804   196 |     16291|       0.64      60.88|
Info:     113000 |    78681      34318 |  742   258 |     16286|       0.59      61.47|
Info:     114000 |    79482      34517 |  801   199 |     16273|       0.62      62.09|
Info:     115000 |    80226      34773 |  744   256 |     16259|       0.59      62.68|
Info:     116000 |    80970      35029 |  744   256 |     16227|       0.62      63.30|
Info:     117000 |    81757      35242 |  787   213 |     16224|       0.61      63.91|
Info:     118000 |    82513      35486 |  756   244 |     16200|       0.66      64.57|
Info:     119000 |    83315      35684 |  802   198 |     16207|       0.56      65.13|
Info:     120000 |    84037      35962 |  722   278 |     16188|       0.49      65.62|
Info:     121000 |    84798      36201 |  761   239 |     16175|       0.59      66.20|
Info:     122000 |    85510      36489 |  712   288 |     16151|       0.64      66.84|
Info:     123000 |    86298      36701 |  788   212 |     16148|       0.59      67.43|
Info:     124000 |    87076      36923 |  778   222 |     16137|       0.54      67.97|
Info:     125000 |    87798      37201 |  722   278 |     16132|       0.75      68.72|
Info:     126000 |    88497      37502 |  699   301 |     16125|       0.54      69.26|
Info:     127000 |    89205      37794 |  708   292 |     16091|       0.34      69.60|
Info:     128000 |    89922      38077 |  717   283 |     16074|       0.63      70.23|
Info:     129000 |    90629      38370 |  707   293 |     16051|       0.57      70.80|
Info:     130000 |    91363      38636 |  734   266 |     16015|       0.43      71.23|
Info:     131000 |    92084      38915 |  721   279 |     15993|       0.66      71.90|
Info:     132000 |    92891      39108 |  807   193 |     16000|       0.67      72.57|
Info:     133000 |    93620      39379 |  729   271 |     15985|       0.63      73.19|
Info:     134000 |    94344      39655 |  724   276 |     15937|       0.49      73.68|
Info:     135000 |    95070      39929 |  726   274 |     15910|       0.61      74.29|
Info:     136000 |    95843      40156 |  773   227 |     15871|       0.83      75.12|
Info:     137000 |    96669      40330 |  826   174 |     15880|       0.58      75.70|
Info:     138000 |    97376      40623 |  707   293 |     15840|       0.88      76.58|
Info:     139000 |    98115      40884 |  739   261 |     15838|       0.73      77.31|
Info:     140000 |    98884      41115 |  769   231 |     15814|       0.51      77.82|
Info:     141000 |    99623      41376 |  739   261 |     15824|       0.59      78.41|
Info:     142000 |   100399      41600 |  776   224 |     15814|       0.50      78.91|
Info:     143000 |   101168      41831 |  769   231 |     15798|       0.48      79.39|
Info:     144000 |   101971      42028 |  803   197 |     15800|       0.42      79.81|
Info:     145000 |   102734      42265 |  763   237 |     15783|       0.60      80.41|
Info:     146000 |   103487      42512 |  753   247 |     15756|       0.43      80.84|
Info:     147000 |   104212      42787 |  725   275 |     15714|       0.70      81.54|
Info:     148000 |   104995      43004 |  783   217 |     15709|       0.55      82.08|
Info:     149000 |   105757      43242 |  762   238 |     15703|       0.59      82.68|
Info:     150000 |   106470      43529 |  713   287 |     15667|       0.63      83.30|
Info:     151000 |   107216      43783 |  746   254 |     15665|       0.75      84.05|
Info:     152000 |   107942      44057 |  726   274 |     15639|       0.62      84.67|
Info:     153000 |   108738      44261 |  796   204 |     15621|       0.54      85.21|
Info:     154000 |   109445      44554 |  707   293 |     15590|       0.73      85.93|
Info:     155000 |   110201      44798 |  756   244 |     15578|       0.59      86.53|
Info:     156000 |   111008      44991 |  807   193 |     15556|       0.66      87.19|
Info:     157000 |   111716      45283 |  708   292 |     15545|       0.60      87.79|
Info:     158000 |   112478      45521 |  762   238 |     15569|       0.66      88.45|
Info:     159000 |   113276      45723 |  798   202 |     15552|       0.56      89.01|
Info:     160000 |   114012      45987 |  736   264 |     15533|       0.58      89.58|
Info:     161000 |   114798      46201 |  786   214 |     15517|       0.68      90.26|
Info:     162000 |   115561      46438 |  763   237 |     15515|       0.68      90.94|
Info:     163000 |   116336      46663 |  775   225 |     15517|       0.60      91.54|
Info:     164000 |   117086      46913 |  750   250 |     15540|       0.93      92.47|
Info:     165000 |   117843      47156 |  757   243 |     15507|       0.64      93.11|
Info:     166000 |   118514      47485 |  671   329 |     15489|       0.61      93.72|
Info:     167000 |   119194      47805 |  680   320 |     15487|       0.39      94.11|
Info:     168000 |   119958      48041 |  764   236 |     15470|       0.61      94.71|
Info:     169000 |   120696      48303 |  738   262 |     15484|       0.70      95.41|
Info:     170000 |   121462      48537 |  766   234 |     15495|       0.92      96.33|
Info:     171000 |   122207      48792 |  745   255 |     15460|       0.55      96.88|
Info:     172000 |   122989      49010 |  782   218 |     15444|       0.61      97.48|
Info:     173000 |   123733      49266 |  744   256 |     15410|       0.48      97.96|
Info:     174000 |   124491      49508 |  758   242 |     15396|       0.68      98.65|
Info:     175000 |   125220      49779 |  729   271 |     15397|       0.64      99.29|
Info:     176000 |   125986      50013 |  766   234 |     15408|       0.88     100.16|
Info:     177000 |   126801      50198 |  815   185 |     15407|       0.70     100.87|
Info:     178000 |   127534      50465 |  733   267 |     15369|       0.72     101.59|
Info:     179000 |   128275      50724 |  741   259 |     15350|       0.60     102.19|
Info:     180000 |   129021      50978 |  746   254 |     15339|       0.58     102.77|
Info:     181000 |   129798      51201 |  777   223 |     15347|       0.47     103.24|
Info:     182000 |   130553      51446 |  755   245 |     15307|       0.56     103.80|
Info:     183000 |   131332      51667 |  779   221 |     15296|       0.55     104.35|
Info:     184000 |   132028      51971 |  696   304 |     15289|       0.63     104.97|
Info:     185000 |   132820      52179 |  792   208 |     15288|       0.61     105.59|
Info:     186000 |   133628      52371 |  808   192 |     15296|       0.62     106.20|
Info:     187000 |   134403      52596 |  775   225 |     15283|       0.78     106.98|
Info:     188000 |   135105      52894 |  702   298 |     15272|       0.62     107.61|
Info:     189000 |   135872      53127 |  767   233 |     15294|       0.73     108.34|
Info:     190000 |   136665      53334 |  793   207 |     15273|       0.44     108.79|
Info:     191000 |   137495      53504 |  830   170 |     15255|       0.73     109.52|
Info:     192000 |   138210      53789 |  715   285 |     15243|       0.74     110.25|
Info:     193000 |   138944      54055 |  734   266 |     15234|       0.64     110.90|
Info:     194000 |   139676      54323 |  732   268 |     15213|       0.83     111.72|
Info:     195000 |   140406      54593 |  730   270 |     15238|       0.95     112.67|
Info:     196000 |   141148      54851 |  742   258 |     15207|       0.70     113.38|
Info:     197000 |   141955      55044 |  807   193 |     15226|       1.01     114.39|
Info:     198000 |   142733      55266 |  778   222 |     15226|       0.80     115.19|
Info:     199000 |   143526      55473 |  793   207 |     15245|       0.68     115.87|
Info:     200000 |   144295      55704 |  769   231 |     15236|       0.84     116.71|
Info:     201000 |   145037      55962 |  742   258 |     15234|       0.85     117.56|
Info:     202000 |   145809      56190 |  772   228 |     15208|       0.64     118.20|
Info:     203000 |   146574      56425 |  765   235 |     15193|       0.61     118.81|
Info:     204000 |   147354      56645 |  780   220 |     15193|       0.51     119.32|
Info:     205000 |   148078      56921 |  724   276 |     15192|       0.64     119.97|
Info:     206000 |   148877      57122 |  799   201 |     15201|       0.74     120.71|
Info:     207000 |   149623      57376 |  746   254 |     15181|       0.51     121.22|
Info:     208000 |   150395      57604 |  772   228 |     15170|       0.68     121.90|
Info:     209000 |   151118      57881 |  723   277 |     15137|       1.19     123.09|
Info:     210000 |   151923      58076 |  805   195 |     15150|       0.77     123.86|
Info:     211000 |   152688      58311 |  765   235 |     15136|       0.70     124.56|
Info:     212000 |   153436      58563 |  748   252 |     15143|       0.91     125.47|
Info:     213000 |   154289      58710 |  853   147 |     15144|       0.90     126.37|
Info:     214000 |   155047      58952 |  758   242 |     15108|       0.75     127.12|
Info:     215000 |   155834      59165 |  787   213 |     15129|       0.93     128.05|
Info:     216000 |   156583      59416 |  749   251 |     15145|       0.97     129.02|
Info:     217000 |   157327      59672 |  744   256 |     15156|       0.75     129.77|
Info:     218000 |   158042      59957 |  715   285 |     15092|       0.68     130.45|
Info:     219000 |   158811      60188 |  769   231 |     15076|       0.62     131.07|
Info:     220000 |   159597      60402 |  786   214 |     15044|       0.95     132.02|
Info:     221000 |   160313      60686 |  716   284 |     15029|       0.71     132.73|
Info:     222000 |   161073      60926 |  760   240 |     15003|       0.63     133.35|
Info:     223000 |   161822      61177 |  749   251 |     15014|       0.89     134.24|
Info:     224000 |   162533      61466 |  711   289 |     14985|       0.57     134.81|
Info:     225000 |   163303      61696 |  770   230 |     14965|       0.52     135.33|
Info:     226000 |   164079      61920 |  776   224 |     14962|       0.76     136.09|
Info:     227000 |   164793      62206 |  714   286 |     14939|       0.72     136.81|
Info:     228000 |   165549      62450 |  756   244 |     14941|       0.90     137.71|
Info:     229000 |   166346      62653 |  797   203 |     14947|       0.83     138.55|
Info:     230000 |   167098      62901 |  752   248 |     14937|       0.83     139.38|
Info:     231000 |   167882      63117 |  784   216 |     14930|       0.73     140.11|
Info:     232000 |   168629      63370 |  747   253 |     14919|       0.61     140.73|
Info:     233000 |   169450      63549 |  821   179 |     14954|       1.34     142.06|
Info:     234000 |   170186      63813 |  736   264 |     14941|       1.13     143.19|
Info:     235000 |   170933      64066 |  747   253 |     14915|       0.83     144.02|
Info:     236000 |   171707      64292 |  774   226 |     14921|       1.05     145.07|
Info:     237000 |   172515      64484 |  808   192 |     14919|       0.91     145.98|
Info:     238000 |   173284      64715 |  769   231 |     14909|       0.77     146.75|
Info:     239000 |   174016      64983 |  732   268 |     14896|       0.70     147.45|
Info:     240000 |   174740      65259 |  724   276 |     14859|       0.62     148.07|
Info:     241000 |   175527      65472 |  787   213 |     14853|       0.77     148.84|
Info:     242000 |   176263      65736 |  736   264 |     14845|       0.72     149.55|
Info:     243000 |   177037      65962 |  774   226 |     14850|       0.71     150.27|
Info:     244000 |   177802      66197 |  765   235 |     14802|       0.85     151.12|
Info:     245000 |   178519      66480 |  717   283 |     14781|       0.63     151.74|
Info:     246000 |   179321      66678 |  802   198 |     14781|       0.52     152.27|
Info:     247000 |   180040      66959 |  719   281 |     14740|       0.62     152.89|
Info:     248000 |   180795      67204 |  755   245 |     14712|       0.45     153.33|
Info:     249000 |   181565      67434 |  770   230 |     14685|       0.94     154.27|
Info:     250000 |   182334      67665 |  769   231 |     14690|       0.71     154.98|
Info:     251000 |   183103      67896 |  769   231 |     14675|       0.99     155.97|
Info:     252000 |   183917      68082 |  814   186 |     14680|       0.72     156.69|
Info:     253000 |   184667      68332 |  750   250 |     14655|       0.68     157.37|
Info:     254000 |   185473      68526 |  806   194 |     14639|       0.84     158.21|
Info:     255000 |   186218      68781 |  745   255 |     14647|       0.87     159.08|
Info:     256000 |   186949      69050 |  731   269 |     14614|       0.73     159.81|
Info:     257000 |   187742      69257 |  793   207 |     14613|       0.62     160.43|
Info:     258000 |   188519      69480 |  777   223 |     14609|       0.70     161.13|
Info:     259000 |   189228      69771 |  709   291 |     14583|       0.61     161.74|
Info:     260000 |   189949      70050 |  721   279 |     14569|       0.68     162.42|
Info:     261000 |   190712      70287 |  763   237 |     14582|       0.81     163.23|
Info:     262000 |   191469      70530 |  757   243 |     14577|       1.00     164.23|
Info:     263000 |   192214      70785 |  745   255 |     14569|       1.11     165.34|
Info:     264000 |   192904      71095 |  690   310 |     14548|       0.57     165.91|
Info:     265000 |   193653      71346 |  749   251 |     14528|       0.72     166.63|
Info:     266000 |   194453      71546 |  800   200 |     14529|       0.68     167.31|
Info:     267000 |   195252      71747 |  799   201 |     14528|       0.81     168.12|
Info:     268000 |   196099      71900 |  847   153 |     14513|       0.67     168.79|
Info:     269000 |   196874      72125 |  775   225 |     14490|       0.62     169.41|
Info:     270000 |   197608      72391 |  734   266 |     14490|       0.69     170.10|
Info:     271000 |   198364      72635 |  756   244 |     14479|       0.62     170.73|
Info:     272000 |   199150      72849 |  786   214 |     14458|       0.78     171.50|
Info:     273000 |   199909      73090 |  759   241 |     14442|       0.61     172.11|
Info:     274000 |   200697      73302 |  788   212 |     14444|       1.07     173.18|
Info:     275000 |   201489      73510 |  792   208 |     14417|       0.66     173.84|
Info:     276000 |   202219      73780 |  730   270 |     14422|       0.71     174.55|
Info:     277000 |   202956      74043 |  737   263 |     14381|       0.71     175.25|
Info:     278000 |   203726      74273 |  770   230 |     14375|       0.71     175.97|
Info:     279000 |   204478      74521 |  752   248 |     14352|       0.60     176.57|
Info:     280000 |   205307      74692 |  829   171 |     14380|       0.87     177.44|
Info:     281000 |   206089      74910 |  782   218 |     14368|       0.70     178.14|
Info:     282000 |   206862      75137 |  773   227 |     14344|       0.66     178.80|
Info:     283000 |   207576      75423 |  714   286 |     14348|       0.76     179.56|
Info:     284000 |   208370      75629 |  794   206 |     14332|       0.76     180.32|
Info:     285000 |   209076      75923 |  706   294 |     14304|       0.75     181.07|
Info:     286000 |   209834      76165 |  758   242 |     14291|       0.79     181.86|
Info:     287000 |   210607      76392 |  773   227 |     14278|       0.74     182.61|
Info:     288000 |   211341      76658 |  734   266 |     14269|       1.00     183.60|
Info:     289000 |   212123      76876 |  782   218 |     14256|       1.00     184.60|
Info:     290000 |   212855      77144 |  732   268 |     14240|       0.78     185.38|
Info:     291000 |   213670      77329 |  815   185 |     14233|       0.60     185.99|
Info:     292000 |   214444      77555 |  774   226 |     14216|       0.93     186.92|
Info:     293000 |   215209      77790 |  765   235 |     14198|       0.98     187.89|
Info:     294000 |   215969      78030 |  760   240 |     14187|       0.60     188.49|
Info:     295000 |   216693      78306 |  724   276 |     14182|       0.98     189.47|
Info:     296000 |   217553      78446 |  860   140 |     14179|       1.05     190.52|
Info:     297000 |   218327      78672 |  774   226 |     14161|       1.00     191.52|
Info:     298000 |   219150      78849 |  823   177 |     14151|       1.24     192.76|
Info:     299000 |   219944      79055 |  794   206 |     14133|       0.67     193.43|
Info:     300000 |   220743      79256 |  799   201 |     14136|       1.44     194.87|
Info:     301000 |   221479      79520 |  736   264 |     14107|       1.53     196.40|
Info:     302000 |   222275      79724 |  796   204 |     14127|       1.07     197.46|
Info:     303000 |   223073      79926 |  798   202 |     14077|       0.43     197.89|
Info:     304000 |   223863      80136 |  790   210 |     14080|       1.48     199.37|
Info:     305000 |   224634      80365 |  771   229 |     14055|       0.96     200.34|
Info:     306000 |   225420      80579 |  786   214 |     14047|       0.64     200.97|
Info:     307000 |   226238      80761 |  818   182 |     14037|       0.99     201.96|
Info:     308000 |   227015      80984 |  777   223 |     14016|       0.65     202.61|
Info:     309000 |   227758      81241 |  743   257 |     14016|       1.58     204.19|
Info:     310000 |   228491      81508 |  733   267 |     14039|       1.03     205.22|
Info:     311000 |   229248      81751 |  757   243 |     14012|       0.97     206.20|
Info:     312000 |   230083      81916 |  835   165 |     14013|       0.77     206.97|
Info:     313000 |   230842      82157 |  759   241 |     14014|       0.65     207.62|
Info:     314000 |   231644      82355 |  802   198 |     14003|       0.93     208.55|
Info:     315000 |   232331      82668 |  687   313 |     14017|       1.47     210.02|
Info:     316000 |   233133      82866 |  802   198 |     13993|       1.00     211.02|
Info:     317000 |   233866      83133 |  733   267 |     13992|       0.99     212.01|
Info:     318000 |   234576      83423 |  710   290 |     13965|       0.68     212.68|
Info:     319000 |   235422      83577 |  846   154 |     13951|       0.66     213.34|
Info:     320000 |   236145      83854 |  723   277 |     13954|       0.56     213.90|
Info:     321000 |   236858      84141 |  713   287 |     13937|       1.07     214.97|
Info:     322000 |   237685      84314 |  827   173 |     13950|       1.09     216.06|
Info:     323000 |   238445      84554 |  760   240 |     13966|       2.62     218.68|
Info:     324000 |   239174      84825 |  729   271 |     13993|       1.12     219.80|
Info:     325000 |   239885      85114 |  711   289 |     13983|       1.02     220.82|
Info:     326000 |   240644      85355 |  759   241 |     13962|       0.76     221.58|
Info:     327000 |   241420      85579 |  776   224 |     13930|       0.76     222.33|
Info:     328000 |   242168      85831 |  748   252 |     13928|       1.02     223.35|
Info:     329000 |   242942      86057 |  774   226 |     13926|       1.01     224.36|
Info:     330000 |   243696      86303 |  754   246 |     13919|       0.76     225.11|
Info:     331000 |   244384      86615 |  688   312 |     13896|       0.87     225.99|
Info:     332000 |   245120      86879 |  736   264 |     13885|       1.19     227.18|
Info:     333000 |   245946      87053 |  826   174 |     13906|       1.17     228.35|
Info:     334000 |   246662      87337 |  716   284 |     13889|       1.27     229.62|
Info:     335000 |   247448      87551 |  786   214 |     13876|       0.90     230.52|
Info:     336000 |   248213      87786 |  765   235 |     13848|       0.84     231.36|
Info:     337000 |   248975      88024 |  762   238 |     13831|       0.72     232.08|
Info:     338000 |   249784      88215 |  809   191 |     13802|       0.53     232.61|
Info:     339000 |   250465      88534 |  681   319 |     13795|       0.81     233.42|
Info:     340000 |   251205      88794 |  740   260 |     13805|       1.10     234.52|
Info:     341000 |   252002      88997 |  797   203 |     13792|       1.68     236.20|
Info:     342000 |   252801      89198 |  799   201 |     13810|       1.29     237.50|
Info:     343000 |   253553      89446 |  752   248 |     13778|       0.82     238.31|
Info:     344000 |   254305      89694 |  752   248 |     13765|       0.56     238.87|
Info:     345000 |   255050      89949 |  745   255 |     13754|       1.45     240.33|
Info:     346000 |   255792      90207 |  742   258 |     13774|       0.92     241.25|
Info:     347000 |   256568      90431 |  776   224 |     13763|       0.89     242.14|
Info:     348000 |   257316      90683 |  748   252 |     13768|       0.90     243.04|
Info:     349000 |   258063      90936 |  747   253 |     13773|       0.96     244.00|
Info:     350000 |   258787      91212 |  724   276 |     13772|       0.68     244.68|
Info:     351000 |   259522      91477 |  735   265 |     13776|       0.91     245.59|
Info:     352000 |   260310      91689 |  788   212 |     13762|       0.94     246.53|
Info:     353000 |   261094      91905 |  784   216 |     13788|       1.58     248.11|
Info:     354000 |   261844      92155 |  750   250 |     13764|       1.33     249.43|
Info:     355000 |   262600      92399 |  756   244 |     13766|       1.59     251.02|
Info:     356000 |   263404      92595 |  804   196 |     13771|       1.44     252.46|
Info:     357000 |   264165      92834 |  761   239 |     13782|       1.21     253.68|
Info:     358000 |   264929      93070 |  764   236 |     13792|       1.53     255.20|
Info:     359000 |   265676      93323 |  747   253 |     13808|       1.09     256.29|
Info:     360000 |   266479      93520 |  803   197 |     13798|       1.51     257.80|
Info:     361000 |   267295      93704 |  816   184 |     13803|       1.03     258.83|
Info:     362000 |   268094      93905 |  799   201 |     13817|       1.17     260.00|
Info:     363000 |   268829      94170 |  735   265 |     13793|       1.09     261.09|
Info:     364000 |   269646      94353 |  817   183 |     13789|       1.41     262.50|
Info:     365000 |   270381      94618 |  735   265 |     13808|       0.93     263.43|
Info:     366000 |   271209      94790 |  828   172 |     13804|       1.30     264.73|
Info:     367000 |   271962      95037 |  753   247 |     13779|       0.72     265.45|
Info:     368000 |   272736      95263 |  774   226 |     13781|       1.21     266.66|
Info:     369000 |   273509      95490 |  773   227 |     13754|       1.09     267.75|
Info:     370000 |   274294      95705 |  785   215 |     13741|       0.96     268.71|
Info:     371000 |   275082      95917 |  788   212 |     13737|       0.93     269.65|
Info:     372000 |   275895      96104 |  813   187 |     13732|       0.93     270.58|
Info:     373000 |   276654      96345 |  759   241 |     13731|       1.34     271.92|
Info:     374000 |   277415      96584 |  761   239 |     13716|       1.80     273.72|
Info:     375000 |   278158      96841 |  743   257 |     13718|       0.94     274.67|
Info:     376000 |   278992      97007 |  834   166 |     13709|       0.55     275.22|
Info:     377000 |   279739      97260 |  747   253 |     13713|       0.84     276.06|
Info:     378000 |   280522      97477 |  783   217 |     13701|       1.02     277.09|
Info:     379000 |   281285      97714 |  763   237 |     13677|       1.25     278.34|
Info:     380000 |   281996      98003 |  711   289 |     13648|       0.71     279.04|
Info:     381000 |   282808      98191 |  812   188 |     13642|       0.70     279.74|
Info:     382000 |   283666      98333 |  858   142 |     13662|       0.93     280.67|
Info:     383000 |   284422      98577 |  756   244 |     13641|       1.10     281.77|
Info:     384000 |   285201      98798 |  779   221 |     13631|       1.10     282.87|
Info:     385000 |   285978      99021 |  777   223 |     13631|       0.81     283.67|
Info:     386000 |   286766      99233 |  788   212 |     13625|       0.76     284.44|
Info:     387000 |   287562      99437 |  796   204 |     13626|       1.05     285.49|
Info:     388000 |   288328      99671 |  766   234 |     13622|       0.91     286.40|
Info:     389000 |   289125      99874 |  797   203 |     13611|       1.18     287.58|
Info:     390000 |   289894     100105 |  769   231 |     13605|       0.99     288.58|
Info:     391000 |   290712     100287 |  818   182 |     13619|       1.11     289.68|
Info:     392000 |   291506     100493 |  794   206 |     13595|       1.15     290.84|
Info:     393000 |   292341     100658 |  835   165 |     13593|       0.87     291.71|
Info:     394000 |   293089     100910 |  748   252 |     13582|       0.67     292.38|
Info:     395000 |   293755     101244 |  666   334 |     13564|       1.17     293.55|
Info:     396000 |   294581     101418 |  826   174 |     13599|       2.82     296.37|
Info:     397000 |   295400     101599 |  819   181 |     13558|       1.67     298.04|
Info:     398000 |   296129     101870 |  729   271 |     13517|       0.85     298.89|
Info:     399000 |   296855     102144 |  726   274 |     13499|       1.54     300.42|
Info:     400000 |   297664     102335 |  809   191 |     13513|       0.84     301.26|
Info:     401000 |   298504     102495 |  840   160 |     13498|       1.19     302.45|
Info:     402000 |   299352     102647 |  848   152 |     13490|       1.54     304.00|
Info:     403000 |   300148     102851 |  796   204 |     13503|       1.28     305.28|
Info:     404000 |   300942     103057 |  794   206 |     13490|       1.38     306.65|
Info:     405000 |   301702     103297 |  760   240 |     13480|       0.82     307.47|
Info:     406000 |   302547     103452 |  845   155 |     13478|       1.20     308.67|
Info:     407000 |   303329     103670 |  782   218 |     13454|       0.91     309.59|
Info:     408000 |   304067     103932 |  738   262 |     13441|       1.05     310.64|
Info:     409000 |   304830     104169 |  763   237 |     13437|       1.17     311.81|
Info:     410000 |   305631     104368 |  801   199 |     13411|       1.80     313.61|
Info:     411000 |   306445     104554 |  814   186 |     13390|       1.04     314.65|
Info:     412000 |   307234     104765 |  789   211 |     13377|       0.57     315.22|
Info:     413000 |   307950     105049 |  716   284 |     13355|       1.48     316.70|
Info:     414000 |   308732     105267 |  782   218 |     13331|       1.39     318.09|
Info:     415000 |   309548     105451 |  816   184 |     13325|       1.57     319.66|
Info:     416000 |   310312     105687 |  764   236 |     13320|       1.26     320.92|
Info:     417000 |   311087     105912 |  775   225 |     13351|       1.53     322.45|
Info:     418000 |   311880     106119 |  793   207 |     13335|       0.83     323.28|
Info:     419000 |   312684     106315 |  804   196 |     13314|       1.13     324.41|
Info:     420000 |   313469     106530 |  785   215 |     13317|       0.92     325.33|
Info:     421000 |   314230     106769 |  761   239 |     13292|       0.71     326.03|
Info:     422000 |   315017     106982 |  787   213 |     13254|       1.07     327.10|
Info:     423000 |   315790     107209 |  773   227 |     13266|       0.82     327.92|
Info:     424000 |   316556     107443 |  766   234 |     13235|       1.04     328.96|
Info:     425000 |   317248     107751 |  692   308 |     13227|       1.66     330.62|
Info:     426000 |   318068     107931 |  820   180 |     13221|       0.81     331.43|
Info:     427000 |   318808     108191 |  740   260 |     13187|       1.36     332.79|
Info:     428000 |   319552     108447 |  744   256 |     13192|       1.56     334.35|
Info:     429000 |   320181     108818 |  629   371 |     13149|       1.10     335.45|
Info:     430000 |   320976     109023 |  795   205 |     13152|       1.00     336.45|
Info:     431000 |   321761     109238 |  785   215 |     13135|       1.34     337.78|
Info:     432000 |   322560     109439 |  799   201 |     13091|       1.46     339.25|
Info:     433000 |   323340     109659 |  780   220 |     13081|       1.70     340.94|
Info:     434000 |   324114     109885 |  774   226 |     13063|       1.83     342.77|
Info:     435000 |   324831     110168 |  717   283 |     13041|       2.12     344.89|
Info:     436000 |   325606     110393 |  775   225 |     13032|       0.93     345.82|
Info:     437000 |   326364     110635 |  758   242 |     12927|       1.29     347.10|
Info:     438000 |   326991     111008 |  627   373 |     12768|       0.85     347.96|
Info:     439000 |   327488     111511 |  497   503 |     12389|       1.47     349.43|
Info:     440000 |   327913     112086 |  425   575 |     11959|       3.13     352.55|
Info:     441000 |   328416     112583 |  503   497 |     11619|       3.65     356.21|
Info:     442000 |   329213     112786 |  797   203 |     11610|       1.41     357.62|
Info:     443000 |   329933     113066 |  720   280 |     11453|       0.55     358.17|
Info:     444000 |   330735     113264 |  802   198 |     11389|       1.16     359.33|
Info:     445000 |   331504     113495 |  769   231 |     11359|       1.33     360.66|
Info:     446000 |   332285     113714 |  781   219 |     11269|       1.03     361.69|
Info:     447000 |   333078     113921 |  793   207 |     11236|       0.77     362.46|
Info:     448000 |   333812     114187 |  734   266 |     11136|       0.33     362.80|
Info:     449000 |   334558     114441 |  746   254 |     11025|       0.56     363.36|
Info:     450000 |   335338     114661 |  780   220 |     10936|       0.53     363.89|
Info:     451000 |   336171     114828 |  833   167 |     10921|       0.45     364.34|
Info:     452000 |   336998     115001 |  827   173 |     10890|       0.44     364.78|
Info:     453000 |   337710     115289 |  712   288 |     10744|       0.61     365.39|
Info:     454000 |   338598     115401 |  888   112 |     10735|       0.22     365.61|
Info:     455000 |   339423     115576 |  825   175 |     10725|       0.98     366.59|
Info:     456000 |   340232     115767 |  809   191 |     10699|       0.72     367.32|
Info:     457000 |   341051     115948 |  819   181 |     10675|       0.19     367.51|
Info:     458000 |   341899     116100 |  848   152 |     10634|       0.26     367.77|
Info:     459000 |   342637     116362 |  738   262 |     10564|       0.49     368.26|
Info:     460000 |   343430     116569 |  793   207 |     10460|       0.48     368.74|
Info:     461000 |   344246     116753 |  816   184 |     10372|       0.33     369.06|
Info:     462000 |   345039     116960 |  793   207 |     10320|       0.56     369.63|
Info:     463000 |   345840     117159 |  801   199 |     10316|       0.68     370.31|
Info:     464000 |   346664     117335 |  824   176 |     10276|       0.88     371.19|
Info:     465000 |   347461     117538 |  797   203 |     10303|       1.79     372.98|
Info:     466000 |   348220     117779 |  759   241 |     10316|       0.92     373.90|
Info:     467000 |   348996     118003 |  776   224 |     10309|       5.09     378.99|
Info:     468000 |   349789     118210 |  793   207 |     10274|       1.46     380.45|
Info:     469000 |   350613     118386 |  824   176 |     10273|       1.20     381.65|
Info:     470000 |   351398     118601 |  785   215 |     10256|       0.69     382.33|
Info:     471000 |   352217     118782 |  819   181 |     10266|       0.95     383.29|
Info:     472000 |   352961     119038 |  744   256 |     10224|       0.91     384.20|
Info:     473000 |   353772     119227 |  811   189 |     10126|       0.34     384.53|
Info:     474000 |   354550     119449 |  778   222 |     10120|       2.61     387.14|
Info:     475000 |   355323     119676 |  773   227 |     10113|       1.12     388.27|
Info:     476000 |   356058     119941 |  735   265 |     10111|       1.03     389.30|
Info:     477000 |   356827     120172 |  769   231 |     10061|       0.74     390.04|
Info:     478000 |   357622     120377 |  795   205 |     10010|       0.57     390.61|
Info:     479000 |   358427     120572 |  805   195 |      9948|       0.23     390.84|
Info:     480000 |   359242     120757 |  815   185 |      9923|       0.28     391.11|
Info:     481000 |   360050     120949 |  808   192 |      9880|       0.95     392.06|
Info:     482000 |   360851     121148 |  801   199 |      9940|       1.21     393.27|
Info:     483000 |   361644     121355 |  793   207 |      9943|       1.80     395.07|
Info:     484000 |   362419     121580 |  775   225 |      9865|       0.60     395.67|
Info:     485000 |   363272     121727 |  853   147 |      9853|       0.21     395.88|
Info:     486000 |   364070     121929 |  798   202 |      9827|       0.80     396.69|
Info:     487000 |   364880     122119 |  810   190 |      9789|       0.45     397.13|
Info:     488000 |   365658     122341 |  778   222 |      9760|       1.55     398.69|
Info:     489000 |   366496     122503 |  838   162 |      9774|       1.57     400.26|
Info:     490000 |   367204     122795 |  708   292 |      9790|       2.73     402.98|
Info:     491000 |   368017     122982 |  813   187 |      9813|       2.76     405.75|
Info:     492000 |   368786     123213 |  769   231 |      9785|       2.75     408.50|
Info:     493000 |   369643     123356 |  857   143 |      9750|       1.01     409.50|
Info:     494000 |   370427     123572 |  784   216 |      9698|       1.29     410.79|
Info:     495000 |   371269     123730 |  842   158 |      9674|       0.43     411.23|
Info:     496000 |   372073     123926 |  804   196 |      9644|       0.47     411.70|
Info:     497000 |   372882     124117 |  809   191 |      9617|       1.30     413.00|
Info:     498000 |   373738     124261 |  856   144 |      9602|       0.22     413.22|
Info:     499000 |   374592     124407 |  854   146 |      9589|       0.31     413.53|
Info:     500000 |   375329     124670 |  737   263 |      9561|       2.03     415.56|
Info:     501000 |   376091     124908 |  762   238 |      9516|       1.33     416.89|
Info:     502000 |   376865     125134 |  774   226 |      9496|       0.52     417.41|
Info:     503000 |   377688     125311 |  823   177 |      9485|       0.45     417.85|
Info:     504000 |   378484     125515 |  796   204 |      9439|       0.41     418.26|
Info:     505000 |   379274     125725 |  790   210 |      9464|       0.42     418.68|
Info:     506000 |   380080     125919 |  806   194 |      9405|       0.43     419.12|
Info:     507000 |   380903     126096 |  823   177 |      9329|       0.46     419.58|
Info:     508000 |   381670     126329 |  767   233 |      9315|       1.32     420.90|
Info:     509000 |   382489     126510 |  819   181 |      9322|       1.62     422.52|
Info:     510000 |   383220     126779 |  731   269 |      9326|       1.90     424.42|
Info:     511000 |   383976     127023 |  756   244 |      9373|       1.16     425.58|
Info:     512000 |   384815     127184 |  839   161 |      9413|       1.19     426.77|
Info:     513000 |   385623     127376 |  808   192 |      9409|       1.05     427.82|
Info:     514000 |   386463     127536 |  840   160 |      9403|       0.52     428.34|
Info:     515000 |   387332     127667 |  869   131 |      9434|       0.50     428.85|
Info:     516000 |   388097     127902 |  765   235 |      9448|       1.60     430.44|
Info:     517000 |   388782     128217 |  685   315 |      9355|       1.30     431.74|
Info:     518000 |   389641     128358 |  859   141 |      9334|       0.61     432.35|
Info:     519000 |   390430     128569 |  789   211 |      9316|       0.93     433.28|
Info:     520000 |   391197     128802 |  767   233 |      9302|       1.31     434.59|
Info:     521000 |   392042     128957 |  845   155 |      9303|       1.49     436.08|
Info:     522000 |   392877     129122 |  835   165 |      9281|       1.16     437.24|
Info:     523000 |   393653     129346 |  776   224 |      9293|       1.38     438.62|
Info:     524000 |   394447     129552 |  794   206 |      9269|       0.92     439.53|
Info:     525000 |   395223     129776 |  776   224 |      9182|       1.44     440.98|
Info:     526000 |   396044     129955 |  821   179 |      9134|       0.54     441.51|
Info:     527000 |   396865     130134 |  821   179 |      9123|       1.78     443.29|
Info:     528000 |   397668     130331 |  803   197 |      9077|       0.66     443.95|
Info:     529000 |   398478     130521 |  810   190 |      9073|       1.48     445.43|
Info:     530000 |   399264     130735 |  786   214 |      9101|       0.85     446.29|
Info:     531000 |   400111     130888 |  847   153 |      9092|       1.23     447.51|
Info:     532000 |   400855     131144 |  744   256 |      9092|       1.71     449.23|
Info:     533000 |   401585     131414 |  730   270 |      9043|       1.16     450.39|
Info:     534000 |   402467     131532 |  882   118 |      8994|       0.25     450.63|
Info:     535000 |   403284     131715 |  817   183 |      9013|       0.84     451.47|
Info:     536000 |   404143     131856 |  859   141 |      9048|       0.94     452.41|
Info:     537000 |   404905     132094 |  762   238 |      8984|       1.18     453.58|
Info:     538000 |   405733     132266 |  828   172 |      8968|       0.69     454.27|
Info:     539000 |   406554     132445 |  821   179 |      8931|       0.62     454.89|
Info:     540000 |   407423     132576 |  869   131 |      8911|       0.45     455.35|
Info:     541000 |   408229     132770 |  806   194 |      8913|       1.05     456.40|
Info:     542000 |   409036     132963 |  807   193 |      8924|       1.46     457.86|
Info:     543000 |   409922     133077 |  886   114 |      8939|       3.05     460.91|
Info:     544000 |   410761     133238 |  839   161 |      8893|       0.71     461.62|
Info:     545000 |   411591     133408 |  830   170 |      8904|       1.02     462.64|
Info:     546000 |   412292     133707 |  701   299 |      8824|       1.11     463.75|
Info:     547000 |   413128     133871 |  836   164 |      8785|       0.39     464.14|
Info:     548000 |   413845     134154 |  717   283 |      8771|       1.01     465.15|
Info:     549000 |   414657     134342 |  812   188 |      8774|       1.34     466.49|
Info:     550000 |   415481     134518 |  824   176 |      8789|       1.24     467.74|
Info:     551000 |   416244     134755 |  763   237 |      8777|       2.59     470.33|
Info:     552000 |   417073     134926 |  829   171 |      8754|       1.14     471.46|
Info:     553000 |   417877     135122 |  804   196 |      8778|       1.79     473.26|
Info:     554000 |   418704     135295 |  827   173 |      8738|       0.95     474.21|
Info:     555000 |   419535     135464 |  831   169 |      8728|       1.09     475.30|
Info:     556000 |   420328     135671 |  793   207 |      8745|       1.36     476.66|
Info:     557000 |   421133     135866 |  805   195 |      8739|       1.38     478.04|
Info:     558000 |   421921     136078 |  788   212 |      8751|       2.14     480.17|
Info:     559000 |   422598     136401 |  677   323 |      8734|       2.05     482.23|
Info:     560000 |   423370     136629 |  772   228 |      8692|       1.08     483.31|
Info:     561000 |   424196     136803 |  826   174 |      8620|       0.39     483.70|
Info:     562000 |   424975     137024 |  779   221 |      8549|       0.50     484.20|
Info:     563000 |   425811     137188 |  836   164 |      8523|       1.40     485.60|
Info:     564000 |   426616     137383 |  805   195 |      8460|       1.91     487.51|
Info:     565000 |   427439     137560 |  823   177 |      8437|       0.90     488.42|
Info:     566000 |   428255     137744 |  816   184 |      8404|       0.97     489.38|
Info:     567000 |   429068     137931 |  813   187 |      8396|       0.81     490.19|
Info:     568000 |   429837     138162 |  769   231 |      8392|       1.12     491.31|
Info:     569000 |   430696     138303 |  859   141 |      8369|       1.51     492.82|
Info:     570000 |   431560     138439 |  864   136 |      8375|       0.40     493.21|
Info:     571000 |   432387     138612 |  827   173 |      8358|       1.03     494.25|
Info:     572000 |   433241     138758 |  854   146 |      8348|       0.48     494.73|
Info:     573000 |   434013     138986 |  772   228 |      8366|       1.77     496.49|
Info:     574000 |   434824     139175 |  811   189 |      8335|       1.84     498.33|
Info:     575000 |   435634     139365 |  810   190 |      8313|       2.64     500.97|
Info:     576000 |   436476     139523 |  842   158 |      8308|       1.59     502.56|
Info:     577000 |   437360     139639 |  884   116 |      8294|       1.11     503.67|
Info:     578000 |   438197     139802 |  837   163 |      8321|       3.43     507.10|
Info:     579000 |   438990     140009 |  793   207 |      8326|       1.79     508.89|
Info:     580000 |   439797     140202 |  807   193 |      8300|       1.93     510.83|
Info:     581000 |   440623     140376 |  826   174 |      8301|       1.19     512.02|
Info:     582000 |   441398     140601 |  775   225 |      8296|       1.74     513.76|
Info:     583000 |   442194     140805 |  796   204 |      8256|       1.74     515.49|
Info:     584000 |   443051     140948 |  857   143 |      8255|       0.36     515.86|
Info:     585000 |   443800     141199 |  749   251 |      8245|       4.33     520.19|
Info:     586000 |   444596     141403 |  796   204 |      8196|       0.76     520.95|
Info:     587000 |   445442     141557 |  846   154 |      8175|       0.82     521.77|
Info:     588000 |   446206     141793 |  764   236 |      8186|       2.20     523.97|
Info:     589000 |   446985     142014 |  779   221 |      8185|       1.65     525.61|
Info:     590000 |   447794     142205 |  809   191 |      8165|       0.28     525.90|
Info:     591000 |   448677     142322 |  883   117 |      8129|       1.00     526.90|
Info:     592000 |   449553     142446 |  876   124 |      8088|       0.93     527.83|
Info:     593000 |   450401     142598 |  848   152 |      8093|       1.74     529.57|
Info:     594000 |   451225     142774 |  824   176 |      8053|       0.71     530.28|
Info:     595000 |   452103     142896 |  878   122 |      8031|       1.50     531.78|
Info:     596000 |   452969     143030 |  866   134 |      7988|       0.62     532.40|
Info:     597000 |   453788     143211 |  819   181 |      7971|       1.29     533.69|
Info:     598000 |   454628     143371 |  840   160 |      7942|       0.83     534.52|
Info:     599000 |   455489     143510 |  861   139 |      7905|       0.82     535.34|
Info:     600000 |   456320     143679 |  831   169 |      7896|       0.48     535.83|
Info:     601000 |   457118     143881 |  798   202 |      7915|       1.32     537.15|
Info:     602000 |   457955     144044 |  837   163 |      7905|       0.62     537.77|
Info:     603000 |   458714     144285 |  759   241 |      7912|       0.84     538.61|
Info:     604000 |   459559     144440 |  845   155 |      7911|       1.20     539.81|
Info:     605000 |   460384     144615 |  825   175 |      7885|       0.85     540.66|
Info:     606000 |   461189     144810 |  805   195 |      7921|       1.11     541.77|
Info:     607000 |   462062     144937 |  873   127 |      7955|       1.04     542.81|
Info:     608000 |   462816     145183 |  754   246 |      7954|       1.25     544.07|
Info:     609000 |   463615     145384 |  799   201 |      7889|       1.18     545.25|
Info:     610000 |   464435     145564 |  820   180 |      7856|       0.51     545.76|
Info:     611000 |   465212     145787 |  777   223 |      7865|       1.29     547.04|
Info:     612000 |   465968     146031 |  756   244 |      7851|       1.48     548.53|
Info:     613000 |   466846     146153 |  878   122 |      7835|       1.48     550.01|
Info:     614000 |   467674     146325 |  828   172 |      7778|       1.01     551.02|
Info:     615000 |   468564     146435 |  890   110 |      7758|       0.48     551.50|
Info:     616000 |   469396     146603 |  832   168 |      7737|       0.78     552.28|
Info:     617000 |   470296     146703 |  900   100 |      7806|       1.61     553.88|
Info:     618000 |   471153     146846 |  857   143 |      7834|       1.05     554.93|
Info:     619000 |   471928     147071 |  775   225 |      7783|       2.91     557.84|
Info:     620000 |   472750     147249 |  822   178 |      7743|       1.49     559.34|
Info:     621000 |   473613     147386 |  863   137 |      7745|       0.99     560.33|
Info:     622000 |   474469     147530 |  856   144 |      7777|       0.94     561.27|
Info:     623000 |   475259     147740 |  790   210 |      7740|       1.21     562.47|
Info:     624000 |   476127     147872 |  868   132 |      7725|       1.21     563.68|
Info:     625000 |   476971     148028 |  844   156 |      7695|       0.91     564.59|
Info:     626000 |   477832     148167 |  861   139 |      7653|       0.44     565.03|
Info:     627000 |   478665     148334 |  833   167 |      7640|       0.53     565.56|
Info:     628000 |   479415     148584 |  750   250 |      7608|       0.82     566.37|
Info:     629000 |   480262     148737 |  847   153 |      7584|       1.05     567.43|
Info:     630000 |   481142     148857 |  880   120 |      7545|       0.53     567.95|
Info:     631000 |   481980     149019 |  838   162 |      7543|       0.77     568.72|
Info:     632000 |   482748     149251 |  768   232 |      7518|       0.67     569.39|
Info:     633000 |   483582     149417 |  834   166 |      7508|       0.38     569.77|
Info:     634000 |   484413     149586 |  831   169 |      7479|       0.53     570.31|
Info:     635000 |   485207     149792 |  794   206 |      7447|       0.90     571.21|
Info:     636000 |   485954     150045 |  747   253 |      7451|       3.68     574.89|
Info:     637000 |   486792     150207 |  838   162 |      7463|       1.67     576.56|
Info:     638000 |   487673     150326 |  881   119 |      7480|       1.05     577.61|
Info:     639000 |   488514     150485 |  841   159 |      7435|       0.79     578.41|
Info:     640000 |   489356     150643 |  842   158 |      7419|       3.14     581.55|
Info:     641000 |   490115     150884 |  759   241 |      7427|       8.57     590.12|
Info:     642000 |   490948     151051 |  833   167 |      7403|       3.60     593.72|
Info:     643000 |   491786     151213 |  838   162 |      7392|       7.30     601.02|
Info:     644000 |   492633     151366 |  847   153 |      7353|      10.67     611.68|
Info:     645000 |   493515     151484 |  882   118 |      7307|       2.35     614.03|
Info:     646000 |   494288     151711 |  773   227 |      7336|       2.54     616.57|
Info:     647000 |   495123     151876 |  835   165 |      7323|       2.49     619.06|
Info:     648000 |   495925     152074 |  802   198 |      7310|       5.08     624.14|
Info:     649000 |   496649     152350 |  724   276 |      7283|       5.30     629.44|
Info:     650000 |   497455     152544 |  806   194 |      7278|       5.25     634.68|
Info:     651000 |   498230     152769 |  775   225 |      7259|       2.93     637.61|
Info:     652000 |   499120     152879 |  890   110 |      7241|       0.68     638.29|
Info:     653000 |   499853     153146 |  733   267 |      7254|       3.88     642.17|
Info:     654000 |   500674     153325 |  821   179 |      7246|       2.34     644.50|
Info:     655000 |   501501     153498 |  827   173 |      7194|       4.55     649.05|
Info:     656000 |   502266     153733 |  765   235 |      7203|       2.15     651.20|
Info:     657000 |   503095     153904 |  829   171 |      7142|       0.30     651.50|
Info:     658000 |   503871     154128 |  776   224 |      7114|       1.28     652.78|
Info:     659000 |   504624     154375 |  753   247 |      7088|       2.76     655.53|
Info:     660000 |   505464     154535 |  840   160 |      7079|       2.35     657.89|
Info:     661000 |   506303     154696 |  839   161 |      7060|       1.42     659.31|
Info:     662000 |   507115     154884 |  812   188 |      7050|       0.65     659.96|
Info:     663000 |   507889     155110 |  774   226 |      7022|       1.36     661.32|
Info:     664000 |   508763     155236 |  874   126 |      6992|       1.01     662.32|
Info:     665000 |   509648     155351 |  885   115 |      6968|       0.78     663.10|
Info:     666000 |   510542     155457 |  894   106 |      6943|       1.10     664.20|
Info:     667000 |   511389     155610 |  847   153 |      6958|       1.49     665.69|
Info:     668000 |   512226     155773 |  837   163 |      6923|       1.53     667.22|
Info:     669000 |   513046     155953 |  820   180 |      6931|       1.81     669.03|
Info:     670000 |   513793     156206 |  747   253 |      6927|       0.90     669.93|
Info:     671000 |   514627     156372 |  834   166 |      6930|       2.67     672.60|
Info:     672000 |   515449     156550 |  822   178 |      6928|       2.28     674.88|
Info:     673000 |   516294     156705 |  845   155 |      6940|       1.12     676.00|
Info:     674000 |   517184     156815 |  890   110 |      6929|       1.51     677.51|
Info:     675000 |   517982     157017 |  798   202 |      6909|       1.99     679.50|
Info:     676000 |   518804     157195 |  822   178 |      6926|       4.64     684.14|
Info:     677000 |   519672     157327 |  868   132 |      6889|       1.95     686.09|
Info:     678000 |   520567     157432 |  895   105 |      6871|       0.88     686.97|
Info:     679000 |   521395     157604 |  828   172 |      6886|       2.57     689.54|
Info:     680000 |   522227     157772 |  832   168 |      6910|       2.71     692.25|
Info:     681000 |   523088     157911 |  861   139 |      6908|       2.47     694.72|
Info:     682000 |   523935     158064 |  847   153 |      6937|       2.15     696.87|
Info:     683000 |   524752     158247 |  817   183 |      6886|       3.76     700.63|
Info:     684000 |   525551     158448 |  799   201 |      6841|       0.86     701.49|
Info:     685000 |   526299     158700 |  748   252 |      6862|       1.89     703.38|
Info:     686000 |   527075     158924 |  776   224 |      6859|       1.59     704.97|
Info:     687000 |   527872     159127 |  797   203 |      6845|       2.11     707.08|
Info:     688000 |   528588     159411 |  716   284 |      6830|       1.53     708.61|
Info:     689000 |   529469     159530 |  881   119 |      6824|       1.09     709.70|
Info:     690000 |   530327     159672 |  858   142 |      6777|       1.07     710.76|
Info:     691000 |   531180     159819 |  853   147 |      6797|       4.53     715.30|
Info:     692000 |   532001     159998 |  821   179 |      6768|       2.04     717.34|
Info:     693000 |   532861     160138 |  860   140 |      6711|       1.60     718.94|
Info:     694000 |   533636     160363 |  775   225 |      6733|       6.16     725.10|
Info:     695000 |   534479     160520 |  843   157 |      6689|       0.92     726.02|
Info:     696000 |   535351     160648 |  872   128 |      6649|       0.76     726.77|
Info:     697000 |   536181     160818 |  830   170 |      6617|       1.61     728.38|
Info:     698000 |   537060     160939 |  879   121 |      6574|       0.61     728.99|
Info:     699000 |   537890     161109 |  830   170 |      6523|       0.58     729.57|
Info:     700000 |   538684     161315 |  794   206 |      6505|       1.54     731.11|
Info:     701000 |   539503     161496 |  819   181 |      6511|       1.13     732.24|
Info:     702000 |   540332     161667 |  829   171 |      6502|       1.06     733.30|
Info:     703000 |   541152     161847 |  820   180 |      6504|       4.23     737.52|
Info:     704000 |   541952     162047 |  800   200 |      6510|       3.36     740.88|
Info:     705000 |   542760     162239 |  808   192 |      6510|       2.26     743.14|
Info:     706000 |   543595     162404 |  835   165 |      6522|       2.64     745.78|
Info:     707000 |   544356     162643 |  761   239 |      6543|       1.49     747.27|
Info:     708000 |   545078     162921 |  722   278 |      6566|       2.46     749.74|
Info:     709000 |   545891     163108 |  813   187 |      6594|       2.64     752.37|
Info:     710000 |   546614     163385 |  723   277 |      6553|       5.84     758.21|
Info:     711000 |   547462     163537 |  848   152 |      6558|       2.48     760.69|
Info:     712000 |   548278     163721 |  816   184 |      6538|      11.12     771.82|
Info:     713000 |   549160     163839 |  882   118 |      6512|       1.61     773.43|
Info:     714000 |   549869     164130 |  709   291 |      6492|       3.25     776.67|
Info:     715000 |   550694     164305 |  825   175 |      6486|       1.17     777.84|
Info:     716000 |   551544     164455 |  850   150 |      6403|       1.14     778.98|
Info:     717000 |   552354     164645 |  810   190 |      6397|       2.63     781.61|
Info:     718000 |   553216     164783 |  862   138 |      6381|       1.01     782.62|
Info:     719000 |   554056     164943 |  840   160 |      6372|       1.10     783.71|
Info:     720000 |   554940     165059 |  884   116 |      6366|       1.17     784.88|
Info:     721000 |   555706     165293 |  766   234 |      6374|       4.86     789.74|
Info:     722000 |   556608     165391 |  902    98 |      6379|       0.67     790.41|
Info:     723000 |   557399     165600 |  791   209 |      6370|      17.27     807.68|
Info:     724000 |   558225     165774 |  826   174 |      6357|       3.40     811.07|
Info:     725000 |   559007     165992 |  782   218 |      6341|       2.61     813.68|
Info:     726000 |   559813     166186 |  806   194 |      6289|       1.52     815.20|
Info:     727000 |   560680     166319 |  867   133 |      6288|       2.20     817.41|
Info:     728000 |   561549     166450 |  869   131 |      6279|       1.78     819.19|
Info:     729000 |   562383     166616 |  834   166 |      6242|       1.63     820.81|
Info:     730000 |   563220     166779 |  837   163 |      6202|       0.94     821.75|
Info:     731000 |   564032     166967 |  812   188 |      6142|       2.98     824.73|
Info:     732000 |   564840     167159 |  808   192 |      6148|       2.40     827.12|
Info:     733000 |   565718     167281 |  878   122 |      6151|       1.14     828.26|
Info:     734000 |   566477     167522 |  759   241 |      6142|       3.43     831.70|
Info:     735000 |   567330     167669 |  853   147 |      6136|       0.82     832.51|
Info:     736000 |   568156     167843 |  826   174 |      6132|       2.56     835.08|
Info:     737000 |   568968     168031 |  812   188 |      6117|       1.03     836.10|
Info:     738000 |   569800     168199 |  832   168 |      6118|       1.23     837.33|
Info:     739000 |   570652     168347 |  852   148 |      6103|       3.12     840.45|
Info:     740000 |   571499     168500 |  847   153 |      6114|       3.29     843.74|
Info:     741000 |   572310     168689 |  811   189 |      6086|       5.71     849.45|
Info:     742000 |   573115     168884 |  805   195 |      6054|       2.51     851.96|
Info:     743000 |   573891     169108 |  776   224 |      5943|       1.94     853.90|
Info:     744000 |   574629     169370 |  738   262 |      5857|       3.11     857.01|
Info:     745000 |   575387     169612 |  758   242 |      5797|       7.20     864.21|
Info:     746000 |   576129     169870 |  742   258 |      5717|       2.70     866.91|
Info:     747000 |   576854     170145 |  725   275 |      5593|      10.84     877.76|
Info:     748000 |   577514     170485 |  660   340 |      5492|      17.83     895.59|
Info:     749000 |   578136     170863 |  622   378 |      5260|       2.50     898.08|
Info:     750000 |   578748     171251 |  612   388 |      5135|       8.49     906.57|
Info:     751000 |   579261     171738 |  513   487 |      4878|       4.48     911.05|
Info:     752000 |   579762     172237 |  501   499 |      4743|       3.06     914.11|
Info:     753000 |   580118     172881 |  356   644 |      4502|       1.88     915.99|
Info:     754000 |   580596     173403 |  478   522 |      4372|       3.15     919.14|
Info:     755000 |   581115     173884 |  519   481 |      4219|       3.90     923.04|
Info:     756000 |   581639     174358 |  524   474 |      4074|       9.23     932.27|
Info:     757000 |   582545     174452 |  906    94 |      4123|       3.94     936.22|
Info:     758000 |   583238     174759 |  693   307 |      4092|       3.07     939.28|
Info:     759000 |   583729     175268 |  491   509 |      3994|       2.58     941.86|
Info:     760000 |   584434     175563 |  705   295 |      3940|       3.96     945.81|
Info:     761000 |   584975     176022 |  541   459 |      3792|       3.24     949.05|
Info:     762000 |   585754     176243 |  779   221 |      3816|       2.32     951.38|
Info:     763000 |   586430     176567 |  676   324 |      3746|       2.20     953.58|
Info:     764000 |   586920     177077 |  490   510 |      3639|       3.04     956.62|
Info:     765000 |   587472     177525 |  552   448 |      3570|       3.35     959.96|
Info:     766000 |   587983     178014 |  511   489 |      3414|       2.69     962.65|
Info:     767000 |   588841     178156 |  858   142 |      3448|       7.25     969.90|
Info:     768000 |   589507     178490 |  666   334 |      3400|      14.27     984.17|
Info:     769000 |   590057     178940 |  550   450 |      3284|       8.93     993.11|
Info:     770000 |   590729     179268 |  672   328 |      3200|       2.38     995.49|
Info:     771000 |   591406     179591 |  677   323 |      3126|       5.81    1001.30|
Info:     772000 |   592169     179828 |  763   237 |      3094|      11.93    1013.22|
Info:     773000 |   592879     180118 |  710   290 |      3066|       5.49    1018.71|
Info:     774000 |   593779     180218 |  900   100 |      3043|       6.32    1025.03|
Info:     775000 |   594420     180577 |  641   359 |      2969|      22.98    1048.01|
Info:     776000 |   594947     181050 |  527   473 |      2789|       3.38    1051.39|
Info:     777000 |   595376     181620 |  429   570 |      2719|       2.76    1054.14|
Info:     778000 |   595865     182131 |  489   511 |      2487|       2.59    1056.73|
Info:     779000 |   596449     182547 |  584   416 |      2393|       2.22    1058.96|
Info:     780000 |   597012     182984 |  563   437 |      2255|       4.43    1063.39|
Info:     781000 |   597675     183317 |  663   333 |      2181|       8.54    1071.93|
Info:     782000 |   598283     183709 |  608   392 |      2038|       9.62    1081.55|
Info:     783000 |   599118     183874 |  835   165 |      2109|      20.23    1101.78|
Info:     784000 |   599900     184092 |  782   218 |      2078|      12.35    1114.13|
Info:     785000 |   600578     184414 |  678   322 |      2040|      16.41    1130.54|
Info:     786000 |   601234     184758 |  656   344 |      1926|      26.78    1157.33|
Info:     787000 |   601950     185042 |  716   284 |      1809|       6.19    1163.52|
Info:     788000 |   602611     185381 |  661   339 |      1779|      19.93    1183.45|
Info:     789000 |   603321     185671 |  710   290 |      1739|       3.70    1187.15|
Info:     790000 |   604023     185969 |  702   298 |      1705|       7.44    1194.59|
Info:     791000 |   604833     186159 |  810   190 |      1720|       2.06    1196.64|
Info:     792000 |   605631     186361 |  798   202 |      1738|       1.33    1197.97|
Info:     793000 |   606442     186550 |  811   189 |      1707|       3.59    1201.56|
Info:     794000 |   607096     186896 |  654   346 |      1637|       3.51    1205.07|
Info:     795000 |   607604     187388 |  508   492 |      1559|       5.10    1210.17|
Info:     796000 |   608285     187707 |  681   319 |      1482|       5.31    1215.48|
Info:     797000 |   608889     188103 |  604   396 |      1384|       9.43    1224.91|
Info:     798000 |   609656     188336 |  767   233 |      1367|       6.25    1231.17|
Info:     799000 |   610634     188358 |  978    22 |      1469|       5.48    1236.65|
Info:     800000 |   611373     188619 |  739   261 |      1517|       5.81    1242.45|
Info:     801000 |   612158     188834 |  785   215 |      1693|       4.47    1246.92|
Info:     802000 |   612829     189163 |  671   329 |      1596|      12.69    1259.60|
Info:     803000 |   613710     189282 |  881   119 |      1585|       4.87    1264.48|
Info:     804000 |   614579     189413 |  869   131 |      1601|       3.56    1268.04|
Info:     805000 |   615445     189547 |  866   134 |      1613|       5.57    1273.60|
Info:     806000 |   616324     189668 |  879   121 |      1608|       4.38    1277.99|
Info:     807000 |   617095     189897 |  771   229 |      1630|       2.82    1280.81|
Info:     808000 |   617938     190054 |  843   157 |      1651|       0.42    1281.22|
Info:     809000 |   618778     190214 |  840   160 |      1641|       0.90    1282.13|
Info:     810000 |   619571     190421 |  793   207 |      1747|       6.06    1288.19|
Info:     811000 |   620336     190656 |  765   235 |      1744|       2.69    1290.87|
Info:     812000 |   621095     190897 |  759   241 |      1750|       4.93    1295.81|
Info:     813000 |   621902     191090 |  807   193 |      1745|       6.15    1301.96|
Info:     814000 |   622644     191348 |  742   258 |      1744|       7.13    1309.09|
Info:     815000 |   623439     191553 |  795   205 |      1750|       8.49    1317.59|
Info:     816000 |   624157     191835 |  718   282 |      1693|       4.97    1322.55|
Info:     817000 |   624786     192206 |  629   371 |      1654|       5.06    1327.61|
Info:     818000 |   625462     192530 |  676   324 |      1608|       8.54    1336.15|
Info:     819000 |   626229     192763 |  767   233 |      1614|      17.52    1353.67|
Info:     820000 |   626889     193103 |  660   340 |      1559|       9.01    1362.67|
Info:     821000 |   627664     193328 |  775   225 |      1529|      10.70    1373.37|
Info:     822000 |   628258     193734 |  594   406 |      1426|       3.76    1377.13|
Info:     823000 |   628857     194135 |  599   401 |      1350|       6.60    1383.72|
Info:     824000 |   629493     194499 |  636   364 |      1295|       6.85    1390.58|
Info:     825000 |   630182     194810 |  689   311 |      1221|       6.93    1397.51|
Info:     826000 |   630885     195107 |  703   297 |      1165|       9.43    1406.94|
Info:     827000 |   631442     195550 |  557   443 |      1068|      10.81    1417.75|
Info:     828000 |   631990     196002 |  548   452 |      1013|       5.63    1423.39|
Info:     829000 |   632631     196361 |  641   359 |       940|       3.91    1427.30|
Info:     830000 |   633241     196751 |  610   390 |       914|      12.82    1440.11|
Info:     831000 |   633784     197208 |  543   457 |       816|       5.44    1445.56|
Info:     832000 |   634653     197339 |  869   131 |       809|       1.68    1447.23|
Info:     833000 |   635316     197676 |  663   337 |       792|       7.57    1454.81|
Info:     834000 |   636062     197930 |  746   254 |       812|       7.49    1462.29|
Info:     835000 |   636628     198364 |  566   434 |       741|       6.42    1468.72|
Info:     836000 |   637223     198769 |  595   405 |       666|       9.13    1477.84|
Info:     837000 |   637788     199204 |  565   435 |       614|       9.58    1487.42|
Info:     838000 |   638379     199613 |  591   409 |       610|       8.63    1496.05|
Info:     839000 |   638983     200009 |  604   396 |       583|       8.13    1504.18|
Info:     840000 |   639761     200231 |  778   222 |       638|       6.43    1510.61|
Info:     841000 |   640456     200536 |  695   305 |       662|      19.70    1530.31|
Info:     842000 |   641084     200908 |  628   372 |       576|       4.10    1534.41|
Info:     843000 |   641760     201232 |  676   324 |       601|       4.60    1539.00|
Info:     844000 |   642432     201560 |  672   328 |       551|       4.49    1543.50|
Info:     845000 |   643066     201926 |  634   366 |       494|       9.15    1552.64|
Info:     846000 |   643690     202302 |  624   376 |       485|       5.71    1558.35|
Info:     847000 |   644291     202701 |  601   399 |       418|      15.29    1573.64|
Info:     848000 |   645083     202909 |  792   208 |       402|      10.90    1584.53|
Info:     849000 |   645678     203314 |  595   405 |       382|      11.30    1595.84|
Info:     850000 |   646331     203661 |  653   347 |       361|      19.89    1615.73|
Info:     851000 |   646886     204106 |  555   445 |       341|      11.90    1627.63|
Info:     852000 |   647423     204569 |  537   463 |       320|       7.09    1634.72|
Info:     853000 |   648050     204942 |  627   373 |       306|      14.78    1649.50|
Info:     854000 |   648698     205294 |  648   352 |       307|      13.80    1663.30|
Info:     855000 |   649303     205689 |  605   395 |       279|      14.44    1677.74|
Info:     856000 |   650114     205878 |  811   189 |       316|      18.78    1696.52|
Info:     857000 |   650931     206061 |  817   183 |       345|       6.49    1703.01|
Info:     858000 |   651771     206221 |  840   160 |       372|       7.86    1710.87|
Info:     859000 |   652501     206491 |  730   270 |       389|       4.85    1715.72|
Info:     860000 |   653229     206763 |  728   272 |       346|      12.03    1727.75|
Info:     861000 |   653940     207052 |  711   289 |       310|      11.98    1739.73|
Info:     862000 |   654646     207346 |  706   294 |       324|      11.37    1751.10|
Info:     863000 |   655221     207771 |  575   425 |       256|       6.19    1757.29|
Info:     864000 |   655857     208135 |  636   364 |       209|      18.57    1775.86|
Info:     865000 |   656500     208492 |  643   357 |       193|       9.21    1785.07|
Info:     866000 |   657247     208745 |  747   253 |       275|       6.05    1791.12|
Info:     867000 |   657909     209083 |  662   338 |       186|       8.35    1799.47|
Info:     868000 |   658571     209421 |  662   338 |       155|      11.40    1810.87|
Info:     869000 |   659130     209862 |  559   441 |       148|      16.55    1827.43|
Info:     870000 |   659768     210224 |  638   362 |       110|      14.96    1842.39|
Info:     871000 |   660479     210513 |  711   289 |       105|      21.84    1864.23|
Info:     872000 |   661009     210983 |  530   470 |        91|       8.12    1872.35|
Info:     873000 |   661733     211259 |  724   276 |       107|      24.21    1896.56|
Info:     874000 |   662347     211645 |  614   386 |        84|      15.68    1912.24|
Info:     875000 |   663052     211940 |  705   295 |        57|      14.49    1926.73|
Info:     876000 |   663638     212354 |  586   414 |        41|      21.73    1948.46|
Info:     877000 |   664326     212666 |  688   312 |        45|      25.44    1973.90|
Info:     878000 |   665066     212926 |  740   260 |        49|      17.42    1991.32|
Info:     879000 |   665724     213268 |  658   342 |        43|      20.58    2011.90|
Info:     880000 |   666479     213513 |  755   245 |        11|      10.37    2022.27|
Info:     881000 |   667249     213743 |  770   230 |        25|      10.13    2032.39|
Info:     882000 |   668043     213949 |  794   206 |        36|       3.99    2036.39|
Info:     883000 |   668957     214035 |  914    86 |        65|       0.37    2036.75|
Info:     884000 |   669747     214245 |  790   210 |        67|       2.68    2039.43|
Info:     885000 |   670396     214596 |  649   351 |        14|       7.29    2046.72|
Info:     885380 |   670670     214703 |  274   107 |         0|       2.87    2049.59|
Info: Routing complete.
Info: Router1 time 2049.59s
Info: Checksum: 0xa7c40e23

Info: Critical path report for clock 'clk$SB_IO_IN_$glb_clk' (posedge -> posedge):
Info:       type curr  total name
Info:   clk-to-q  0.54  0.54 Source o0_SB_LUT4_O_21_I2_SB_LUT4_O_1_I2_SB_LUT4_O_I3_SB_LUT4_O_I3_SB_LUT4_O_I3_SB_LUT4_I3_I2_SB_LUT4_O_I2_SB_LUT4_I2_I3_SB_LUT4_I2_O_SB_LUT4_O_I2_SB_LUT4_O_I2_SB_LUT4_O_I3_SB_LUT4_O_I3_SB_LUT4_I3_O_SB_LUT4_I3_O_SB_LUT4_I2_O_SB_LUT4_O_57_I3_SB_LUT4_O_1_I3_SB_LUT4_O_I3_SB_LUT4_I2_O_SB_LUT4_O_5_LC.O
Info:    routing  0.96  1.50 Net o0_SB_LUT4_O_21_I2_SB_LUT4_O_1_I2_SB_LUT4_O_I3_SB_LUT4_O_I3_SB_LUT4_O_I3_SB_LUT4_O_I3_SB_LUT4_I3_I2_SB_LUT4_I3_O_SB_LUT4_O_1_I1_SB_LUT4_O_I3_SB_LUT4_I3_I2_SB_LUT4_O_I1_SB_LUT4_I0_I3_SB_LUT4_I3_O_SB_LUT4_O_I1[2] (20,28) -> (21,29)
Info:                          Sink o0_SB_LUT4_O_21_I2_SB_LUT4_O_1_I2_SB_LUT4_O_I3_SB_LUT4_O_I3_SB_LUT4_O_I3_SB_LUT4_O_I3_SB_LUT4_I3_I2_SB_LUT4_I3_O_SB_LUT4_O_1_I1_SB_LUT4_O_I3_SB_LUT4_I3_I2_SB_LUT4_O_I1_SB_LUT4_I0_I3_SB_LUT4_I0_I2_SB_LUT4_I2_I3_SB_LUT4_I2_O_SB_LUT4_I2_I3_SB_LUT4_O_2_LC.I2
Info:                          Defined in:
Info:                               F:\lunwen\tools\oss-cad-suite\bin\../share/yosys/ice40/cells_map.v:6.21-6.22
Info:      logic  0.38  1.88 Source o0_SB_LUT4_O_21_I2_SB_LUT4_O_1_I2_SB_LUT4_O_I3_SB_LUT4_O_I3_SB_LUT4_O_I3_SB_LUT4_O_I3_SB_LUT4_I3_I2_SB_LUT4_I3_O_SB_LUT4_O_1_I1_SB_LUT4_O_I3_SB_LUT4_I3_I2_SB_LUT4_O_I1_SB_LUT4_I0_I3_SB_LUT4_I0_I2_SB_LUT4_I2_I3_SB_LUT4_I2_O_SB_LUT4_I2_I3_SB_LUT4_O_2_LC.O
Info:    routing  3.26  5.13 Net o0_SB_LUT4_O_21_I2_SB_LUT4_O_1_I2_SB_LUT4_O_I3_SB_LUT4_O_I3_SB_LUT4_O_I3_SB_LUT4_I3_I2_SB_LUT4_O_I2_SB_LUT4_I2_I3_SB_LUT4_I2_O_SB_LUT4_O_I2_SB_LUT4_O_I2_SB_LUT4_O_1_I3_SB_LUT4_O_I3_SB_LUT4_O_I3_SB_LUT4_O_I3_SB_LUT4_O_I2_SB_LUT4_O_I1_SB_LUT4_I3_O_SB_LUT4_O_I3[3] (21,29) -> (18,16)
Info:                          Sink o0_SB_LUT4_O_21_I2_SB_LUT4_O_1_I2_SB_LUT4_O_I3_SB_LUT4_O_I3_SB_LUT4_O_I3_SB_LUT4_O_I3_SB_LUT4_I3_I2_SB_LUT4_I3_O_SB_LUT4_O_1_I1_SB_LUT4_O_I3_SB_LUT4_I3_I2_SB_LUT4_O_I1_SB_LUT4_I3_O_SB_LUT4_O_1_I0_SB_LUT4_I1_O_SB_LUT4_I2_O_SB_LUT4_O_I3_SB_LUT4_I3_O_SB_LUT4_O_LC.I2
Info:                          Defined in:
Info:                               F:\lunwen\tools\oss-cad-suite\bin\../share/yosys/ice40/cells_map.v:6.21-6.22
Info:      logic  0.38  5.51 Source o0_SB_LUT4_O_21_I2_SB_LUT4_O_1_I2_SB_LUT4_O_I3_SB_LUT4_O_I3_SB_LUT4_O_I3_SB_LUT4_O_I3_SB_LUT4_I3_I2_SB_LUT4_I3_O_SB_LUT4_O_1_I1_SB_LUT4_O_I3_SB_LUT4_I3_I2_SB_LUT4_O_I1_SB_LUT4_I3_O_SB_LUT4_O_1_I0_SB_LUT4_I1_O_SB_LUT4_I2_O_SB_LUT4_O_I3_SB_LUT4_I3_O_SB_LUT4_O_LC.O
Info:    routing  1.90  7.42 Net o0_SB_LUT4_O_21_I2_SB_LUT4_O_1_I2_SB_LUT4_O_I3_SB_LUT4_O_I3_SB_LUT4_O_I3_SB_LUT4_I3_I2_SB_LUT4_O_I2_SB_LUT4_I2_I3_SB_LUT4_I2_O_SB_LUT4_O_I2_SB_LUT4_O_I2_SB_LUT4_O_I2_SB_LUT4_O_I3_SB_LUT4_O_I2_SB_LUT4_O_I3_SB_LUT4_O_I0_SB_LUT4_I3_O_SB_LUT4_O_1_I3_SB_LUT4_O_I3_SB_LUT4_O_I1[1] (18,16) -> (26,17)
Info:                          Sink o0_SB_LUT4_O_21_I2_SB_LUT4_O_1_I2_SB_LUT4_O_I3_SB_LUT4_O_I3_SB_LUT4_O_I3_SB_LUT4_I3_I2_SB_LUT4_O_I2_SB_LUT4_I2_I3_SB_LUT4_I2_O_SB_LUT4_O_I2_SB_LUT4_O_I2_SB_LUT4_O_1_I3_SB_LUT4_O_I3_SB_LUT4_O_I3_SB_LUT4_O_I3_SB_LUT4_O_I2_SB_LUT4_O_I2_SB_LUT4_I2_1_LC.I3
Info:                          Defined in:
Info:                               F:\lunwen\tools\oss-cad-suite\bin\../share/yosys/ice40/cells_map.v:6.21-6.22
Info:      logic  0.31  7.73 Source o0_SB_LUT4_O_21_I2_SB_LUT4_O_1_I2_SB_LUT4_O_I3_SB_LUT4_O_I3_SB_LUT4_O_I3_SB_LUT4_I3_I2_SB_LUT4_O_I2_SB_LUT4_I2_I3_SB_LUT4_I2_O_SB_LUT4_O_I2_SB_LUT4_O_I2_SB_LUT4_O_1_I3_SB_LUT4_O_I3_SB_LUT4_O_I3_SB_LUT4_O_I3_SB_LUT4_O_I2_SB_LUT4_O_I2_SB_LUT4_I2_1_LC.O
Info:    routing  0.59  8.32 Net o0_SB_LUT4_O_21_I2_SB_LUT4_O_1_I2_SB_LUT4_O_I3_SB_LUT4_O_I3_SB_LUT4_O_I3_SB_LUT4_I3_I2_SB_LUT4_O_I2_SB_LUT4_I2_I3_SB_LUT4_I2_O_SB_LUT4_O_I2_SB_LUT4_O_I2_SB_LUT4_O_1_I3_SB_LUT4_O_I3_SB_LUT4_O_I3_SB_LUT4_O_I3_SB_LUT4_O_I2_SB_LUT4_O_I2_SB_LUT4_I2_1_O[0] (26,17) -> (26,18)
Info:                          Sink o0_SB_LUT4_O_21_I2_SB_LUT4_O_1_I2_SB_LUT4_O_I3_SB_LUT4_O_I3_SB_LUT4_O_I3_SB_LUT4_I3_I2_SB_LUT4_O_I2_SB_LUT4_I2_I3_SB_LUT4_I2_O_SB_LUT4_O_I2_SB_LUT4_O_I2_SB_LUT4_O_1_I3_SB_LUT4_O_I3_SB_LUT4_I3_O_SB_LUT4_I3_O_SB_LUT4_O_I3_SB_LUT4_O_1_I2_SB_LUT4_O_I1_SB_LUT4_I3_O_SB_LUT4_O_I2_SB_LUT4_O_I2_SB_LUT4_O_I1_SB_LUT4_I3_O_SB_LUT4_O_1_I3_SB_LUT4_I2_1_I1_SB_LUT4_I1_O_SB_LUT4_O_2_LC.I1
Info:                          Defined in:
Info:                               F:\lunwen\tools\oss-cad-suite\bin\../share/yosys/ice40/cells_map.v:6.21-6.22
Info:      logic  0.40  8.72 Source o0_SB_LUT4_O_21_I2_SB_LUT4_O_1_I2_SB_LUT4_O_I3_SB_LUT4_O_I3_SB_LUT4_O_I3_SB_LUT4_I3_I2_SB_LUT4_O_I2_SB_LUT4_I2_I3_SB_LUT4_I2_O_SB_LUT4_O_I2_SB_LUT4_O_I2_SB_LUT4_O_1_I3_SB_LUT4_O_I3_SB_LUT4_I3_O_SB_LUT4_I3_O_SB_LUT4_O_I3_SB_LUT4_O_1_I2_SB_LUT4_O_I1_SB_LUT4_I3_O_SB_LUT4_O_I2_SB_LUT4_O_I2_SB_LUT4_O_I1_SB_LUT4_I3_O_SB_LUT4_O_1_I3_SB_LUT4_I2_1_I1_SB_LUT4_I1_O_SB_LUT4_O_2_LC.O
Info:    routing  1.27  9.99 Net o0_SB_LUT4_O_21_I2_SB_LUT4_O_1_I2_SB_LUT4_O_I3_SB_LUT4_O_I3_SB_LUT4_O_I3_SB_LUT4_I3_I2_SB_LUT4_O_I2_SB_LUT4_I2_I3_SB_LUT4_I2_O_SB_LUT4_O_I2_SB_LUT4_O_I2_SB_LUT4_O_1_I3_SB_LUT4_O_I3_SB_LUT4_I3_O_SB_LUT4_I3_O_SB_LUT4_O_I3_SB_LUT4_O_1_I2_SB_LUT4_O_I1_SB_LUT4_I3_O_SB_LUT4_O_I2_SB_LUT4_O_I2_SB_LUT4_O_I1_SB_LUT4_I3_O_SB_LUT4_O_1_I3_SB_LUT4_I2_1_I1_SB_LUT4_I1_O[3] (26,18) -> (24,17)
Info:                          Sink o0_SB_LUT4_O_21_I2_SB_LUT4_O_1_I2_SB_LUT4_O_I3_SB_LUT4_O_I3_SB_LUT4_O_I3_SB_LUT4_I3_I2_SB_LUT4_O_I2_SB_LUT4_I2_I3_SB_LUT4_I2_O_SB_LUT4_O_I2_SB_LUT4_O_I2_SB_LUT4_O_1_I3_SB_LUT4_O_I3_SB_LUT4_O_I3_SB_LUT4_O_I3_SB_LUT4_O_I2_SB_LUT4_I1_O_SB_LUT4_O_I2_SB_LUT4_I3_I2_SB_LUT4_I1_I2_SB_LUT4_I3_O_SB_LUT4_I1_LC.I3
Info:                          Defined in:
Info:                               F:\lunwen\tools\oss-cad-suite\bin\../share/yosys/ice40/cells_map.v:6.21-6.22
Info:      logic  0.31  10.31 Source o0_SB_LUT4_O_21_I2_SB_LUT4_O_1_I2_SB_LUT4_O_I3_SB_LUT4_O_I3_SB_LUT4_O_I3_SB_LUT4_I3_I2_SB_LUT4_O_I2_SB_LUT4_I2_I3_SB_LUT4_I2_O_SB_LUT4_O_I2_SB_LUT4_O_I2_SB_LUT4_O_1_I3_SB_LUT4_O_I3_SB_LUT4_O_I3_SB_LUT4_O_I3_SB_LUT4_O_I2_SB_LUT4_I1_O_SB_LUT4_O_I2_SB_LUT4_I3_I2_SB_LUT4_I1_I2_SB_LUT4_I3_O_SB_LUT4_I1_LC.O
Info:    routing  2.02  12.32 Net o0_SB_LUT4_O_21_I2_SB_LUT4_O_1_I2_SB_LUT4_O_I3_SB_LUT4_O_I3_SB_LUT4_O_I3_SB_LUT4_I3_I2_SB_LUT4_O_I2_SB_LUT4_I2_I3_SB_LUT4_I2_O_SB_LUT4_O_I2_SB_LUT4_O_I2_SB_LUT4_O_1_I3_SB_LUT4_O_I3_SB_LUT4_O_I0_SB_LUT4_I2_1_O_SB_LUT4_O_1_I1_SB_LUT4_I3_O_SB_LUT4_I2_I3_SB_LUT4_O_I3_SB_LUT4_I2_O_SB_LUT4_O_2_I3_SB_LUT4_O_1_I1_SB_LUT4_I3_O[2] (24,17) -> (26,8)
Info:                          Sink o0_SB_LUT4_O_21_I2_SB_LUT4_O_1_I2_SB_LUT4_O_I3_SB_LUT4_O_I3_SB_LUT4_O_I3_SB_LUT4_I3_I2_SB_LUT4_O_I2_SB_LUT4_I2_I3_SB_LUT4_I2_O_SB_LUT4_O_I2_SB_LUT4_O_I2_SB_LUT4_O_I2_SB_LUT4_O_I3_SB_LUT4_I2_O_SB_LUT4_O_I3_SB_LUT4_O_I3_SB_LUT4_I2_1_I3_SB_LUT4_O_I1_SB_LUT4_I3_O_SB_LUT4_O_LC.I2
Info:                          Defined in:
Info:                               F:\lunwen\tools\oss-cad-suite\bin\../share/yosys/ice40/cells_map.v:6.21-6.22
Info:      logic  0.38  12.70 Source o0_SB_LUT4_O_21_I2_SB_LUT4_O_1_I2_SB_LUT4_O_I3_SB_LUT4_O_I3_SB_LUT4_O_I3_SB_LUT4_I3_I2_SB_LUT4_O_I2_SB_LUT4_I2_I3_SB_LUT4_I2_O_SB_LUT4_O_I2_SB_LUT4_O_I2_SB_LUT4_O_I2_SB_LUT4_O_I3_SB_LUT4_I2_O_SB_LUT4_O_I3_SB_LUT4_O_I3_SB_LUT4_I2_1_I3_SB_LUT4_O_I1_SB_LUT4_I3_O_SB_LUT4_O_LC.O
Info:    routing  1.89  14.59 Net o0_SB_LUT4_O_21_I2_SB_LUT4_O_1_I2_SB_LUT4_O_I3_SB_LUT4_O_I3_SB_LUT4_O_I3_SB_LUT4_I3_I2_SB_LUT4_O_I2_SB_LUT4_I2_I3_SB_LUT4_I2_O_SB_LUT4_O_I2_SB_LUT4_O_I2_SB_LUT4_O_I2_SB_LUT4_O_I3_SB_LUT4_I2_O_SB_LUT4_O_I3_SB_LUT4_O_I3_SB_LUT4_I2_1_I3_SB_LUT4_O_I1_SB_LUT4_I3_O[2] (26,8) -> (22,2)
Info:                          Sink o0_SB_LUT4_O_21_I2_SB_LUT4_O_1_I2_SB_LUT4_O_I3_SB_LUT4_O_I3_SB_LUT4_O_I3_SB_LUT4_I3_I2_SB_LUT4_O_I2_SB_LUT4_I2_I3_SB_LUT4_I2_O_SB_LUT4_O_I2_SB_LUT4_O_I2_SB_LUT4_O_I2_SB_LUT4_O_I3_SB_LUT4_I2_I3_SB_LUT4_O_I3_SB_LUT4_I2_O_SB_LUT4_I2_O_SB_LUT4_I2_I3_SB_LUT4_O_I2_SB_LUT4_O_I2_SB_LUT4_I2_I3_SB_LUT4_I3_O_SB_LUT4_I3_O_SB_LUT4_O_1_LC.I3
Info:                          Defined in:
Info:                               F:\lunwen\tools\oss-cad-suite\bin\../share/yosys/ice40/cells_map.v:6.21-6.22
Info:      logic  0.31  14.91 Source o0_SB_LUT4_O_21_I2_SB_LUT4_O_1_I2_SB_LUT4_O_I3_SB_LUT4_O_I3_SB_LUT4_O_I3_SB_LUT4_I3_I2_SB_LUT4_O_I2_SB_LUT4_I2_I3_SB_LUT4_I2_O_SB_LUT4_O_I2_SB_LUT4_O_I2_SB_LUT4_O_I2_SB_LUT4_O_I3_SB_LUT4_I2_I3_SB_LUT4_O_I3_SB_LUT4_I2_O_SB_LUT4_I2_O_SB_LUT4_I2_I3_SB_LUT4_O_I2_SB_LUT4_O_I2_SB_LUT4_I2_I3_SB_LUT4_I3_O_SB_LUT4_I3_O_SB_LUT4_O_1_LC.O
Info:    routing  1.64  16.55 Net o0_SB_LUT4_O_21_I2_SB_LUT4_O_1_I2_SB_LUT4_O_I3_SB_LUT4_O_I3_SB_LUT4_O_I3_SB_LUT4_I3_I2_SB_LUT4_O_I2_SB_LUT4_I2_I3_SB_LUT4_I2_O_SB_LUT4_O_I2_SB_LUT4_O_I2_SB_LUT4_O_I2_SB_LUT4_O_I3_SB_LUT4_I2_I3_SB_LUT4_O_I3_SB_LUT4_I2_O_SB_LUT4_I2_O_SB_LUT4_I2_I3_SB_LUT4_O_I2_SB_LUT4_O_I2_SB_LUT4_I2_I3_SB_LUT4_I3_O_SB_LUT4_I3_O[2] (22,2) -> (20,9)
Info:                          Sink o0_SB_LUT4_O_21_I2_SB_LUT4_O_1_I2_SB_LUT4_O_I3_SB_LUT4_O_I3_SB_LUT4_O_I3_SB_LUT4_I3_I2_SB_LUT4_O_I2_SB_LUT4_I2_I3_SB_LUT4_I2_O_SB_LUT4_O_I2_SB_LUT4_O_I2_SB_LUT4_O_I3_SB_LUT4_O_I3_SB_LUT4_I3_O_SB_LUT4_I2_O_SB_LUT4_O_I2_SB_LUT4_O_LC.I2
Info:                          Defined in:
Info:                               F:\lunwen\tools\oss-cad-suite\bin\../share/yosys/ice40/cells_map.v:6.21-6.22
Info:      logic  0.38  16.93 Source o0_SB_LUT4_O_21_I2_SB_LUT4_O_1_I2_SB_LUT4_O_I3_SB_LUT4_O_I3_SB_LUT4_O_I3_SB_LUT4_I3_I2_SB_LUT4_O_I2_SB_LUT4_I2_I3_SB_LUT4_I2_O_SB_LUT4_O_I2_SB_LUT4_O_I2_SB_LUT4_O_I3_SB_LUT4_O_I3_SB_LUT4_I3_O_SB_LUT4_I2_O_SB_LUT4_O_I2_SB_LUT4_O_LC.O
Info:    routing  1.95  18.88 Net o0_SB_LUT4_O_21_I2_SB_LUT4_O_1_I2_SB_LUT4_O_I3_SB_LUT4_O_I3_SB_LUT4_O_I3_SB_LUT4_I3_I2_SB_LUT4_O_I2_SB_LUT4_I2_I3_SB_LUT4_I2_O_SB_LUT4_O_I2_SB_LUT4_O_I2_SB_LUT4_O_1_I2_SB_LUT4_O_I2_SB_LUT4_I2_I3_SB_LUT4_I3_O_SB_LUT4_I3_O_SB_LUT4_O_1_I2_SB_LUT4_O_I3_SB_LUT4_I1_O[2] (20,9) -> (14,10)
Info:                          Sink o0_SB_LUT4_O_21_I2_SB_LUT4_O_1_I2_SB_LUT4_O_I3_SB_LUT4_O_I3_SB_LUT4_O_I3_SB_LUT4_I3_I2_SB_LUT4_O_I2_SB_LUT4_I2_I3_SB_LUT4_I2_O_SB_LUT4_O_I2_SB_LUT4_O_I2_SB_LUT4_O_I3_SB_LUT4_O_I3_SB_LUT4_I3_O_SB_LUT4_I2_O_SB_LUT4_O_LC.I2
Info:                          Defined in:
Info:                               F:\lunwen\tools\oss-cad-suite\bin\../share/yosys/ice40/cells_map.v:6.21-6.22
Info:      logic  0.38  19.25 Source o0_SB_LUT4_O_21_I2_SB_LUT4_O_1_I2_SB_LUT4_O_I3_SB_LUT4_O_I3_SB_LUT4_O_I3_SB_LUT4_I3_I2_SB_LUT4_O_I2_SB_LUT4_I2_I3_SB_LUT4_I2_O_SB_LUT4_O_I2_SB_LUT4_O_I2_SB_LUT4_O_I3_SB_LUT4_O_I3_SB_LUT4_I3_O_SB_LUT4_I2_O_SB_LUT4_O_LC.O
Info:    routing  0.59  19.84 Net o0_SB_LUT4_O_21_I2_SB_LUT4_O_1_I2_SB_LUT4_O_I3_SB_LUT4_O_I3_SB_LUT4_O_I3_SB_LUT4_I3_I2_SB_LUT4_O_I2_SB_LUT4_I2_I3_SB_LUT4_I2_O_SB_LUT4_O_I2_SB_LUT4_O_I2_SB_LUT4_O_I3_SB_LUT4_O_I3_SB_LUT4_I3_O_SB_LUT4_I2_O[3] (14,10) -> (13,9)
Info:                          Sink o0_SB_LUT4_O_21_I2_SB_LUT4_O_1_I2_SB_LUT4_O_I3_SB_LUT4_O_I3_SB_LUT4_O_I3_SB_LUT4_I3_I2_SB_LUT4_O_I2_SB_LUT4_I2_I3_SB_LUT4_I2_O_SB_LUT4_O_I2_SB_LUT4_O_I2_SB_LUT4_O_I2_SB_LUT4_O_I3_SB_LUT4_I2_I3_SB_LUT4_I3_I2_SB_LUT4_O_I3_SB_LUT4_I3_O_SB_LUT4_I3_O_SB_LUT4_I3_I1_SB_LUT4_I3_O_SB_LUT4_I1_O_SB_LUT4_I3_O_SB_LUT4_O_LC.I3
Info:                          Defined in:
Info:                               F:\lunwen\tools\oss-cad-suite\bin\../share/yosys/ice40/cells_map.v:6.21-6.22
Info:      logic  0.31  20.16 Source o0_SB_LUT4_O_21_I2_SB_LUT4_O_1_I2_SB_LUT4_O_I3_SB_LUT4_O_I3_SB_LUT4_O_I3_SB_LUT4_I3_I2_SB_LUT4_O_I2_SB_LUT4_I2_I3_SB_LUT4_I2_O_SB_LUT4_O_I2_SB_LUT4_O_I2_SB_LUT4_O_I2_SB_LUT4_O_I3_SB_LUT4_I2_I3_SB_LUT4_I3_I2_SB_LUT4_O_I3_SB_LUT4_I3_O_SB_LUT4_I3_O_SB_LUT4_I3_I1_SB_LUT4_I3_O_SB_LUT4_I1_O_SB_LUT4_I3_O_SB_LUT4_O_LC.O
Info:    routing  1.59  21.75 Net o0_SB_LUT4_O_21_I2_SB_LUT4_O_1_I1_SB_LUT4_O_I2_SB_LUT4_O_I3_SB_LUT4_O_I3[1] (13,9) -> (11,5)
Info:                          Sink o0_SB_LUT4_O_21_I2_SB_LUT4_O_1_I2_SB_LUT4_O_I3_SB_LUT4_O_I3_SB_LUT4_I2_O_SB_LUT4_I2_O_SB_LUT4_I2_1_I3_SB_LUT4_O_I3_SB_LUT4_O_I2_SB_LUT4_O_I3_SB_LUT4_I3_O_SB_LUT4_O_1_I3_SB_LUT4_O_I2_SB_LUT4_I3_O_SB_LUT4_I3_O_SB_LUT4_O_1_LC.I1
Info:                          Defined in:
Info:                               F:\lunwen\tools\oss-cad-suite\bin\../share/yosys/ice40/cells_map.v:6.21-6.22
Info:      logic  0.40  22.15 Source o0_SB_LUT4_O_21_I2_SB_LUT4_O_1_I2_SB_LUT4_O_I3_SB_LUT4_O_I3_SB_LUT4_I2_O_SB_LUT4_I2_O_SB_LUT4_I2_1_I3_SB_LUT4_O_I3_SB_LUT4_O_I2_SB_LUT4_O_I3_SB_LUT4_I3_O_SB_LUT4_O_1_I3_SB_LUT4_O_I2_SB_LUT4_I3_O_SB_LUT4_I3_O_SB_LUT4_O_1_LC.O
Info:    routing  1.33  23.48 Net o0_SB_LUT4_O_21_I2_SB_LUT4_O_1_I2_SB_LUT4_O_I3_SB_LUT4_O_I3_SB_LUT4_I2_O_SB_LUT4_I2_O_SB_LUT4_I2_1_I3_SB_LUT4_O_I3_SB_LUT4_O_I2_SB_LUT4_O_I3_SB_LUT4_I3_O_SB_LUT4_O_1_I3_SB_LUT4_O_I2_SB_LUT4_I3_O_SB_LUT4_I3_O[0] (11,5) -> (10,2)
Info:                          Sink o0_SB_LUT4_O_48_I2_SB_LUT4_O_I0_SB_LUT4_O_I3_SB_LUT4_I1_O_SB_LUT4_O_I3_SB_LUT4_O_1_LC.I0
Info:                          Defined in:
Info:                               F:\lunwen\tools\oss-cad-suite\bin\../share/yosys/ice40/cells_map.v:6.21-6.22
Info:      logic  0.45  23.92 Source o0_SB_LUT4_O_48_I2_SB_LUT4_O_I0_SB_LUT4_O_I3_SB_LUT4_I1_O_SB_LUT4_O_I3_SB_LUT4_O_1_LC.O
Info:    routing  1.96  25.88 Net o0_SB_LUT4_O_21_I2_SB_LUT4_O_1_I2_SB_LUT4_O_I3_SB_LUT4_O_I3_SB_LUT4_I2_O_SB_LUT4_I2_O_SB_LUT4_I2_1_I3_SB_LUT4_O_I2[2] (10,2) -> (2,7)
Info:                          Sink o0_SB_LUT4_O_48_I2_SB_LUT4_O_I0_SB_LUT4_O_I3_SB_LUT4_I1_O_SB_LUT4_O_LC.I3
Info:                          Defined in:
Info:                               F:\lunwen\tools\oss-cad-suite\bin\../share/yosys/ice40/cells_map.v:6.21-6.22
Info:      logic  0.31  26.20 Source o0_SB_LUT4_O_48_I2_SB_LUT4_O_I0_SB_LUT4_O_I3_SB_LUT4_I1_O_SB_LUT4_O_LC.O
Info:    routing  0.59  26.79 Net o0_SB_LUT4_O_47_I2_SB_LUT4_O_I2[2] (2,7) -> (2,7)
Info:                          Sink o0_SB_LUT4_O_9_I3_SB_LUT4_O_1_LC.I2
Info:                          Defined in:
Info:                               F:\lunwen\tools\oss-cad-suite\bin\../share/yosys/ice40/cells_map.v:6.21-6.22
Info:      logic  0.38  27.17 Source o0_SB_LUT4_O_9_I3_SB_LUT4_O_1_LC.O
Info:    routing  1.64  28.81 Net o0_SB_LUT4_O_21_I2_SB_LUT4_O_1_I2_SB_LUT4_O_I3_SB_LUT4_O_I3_SB_LUT4_I2_O_SB_LUT4_I3_O_SB_LUT4_O_1_I3_SB_LUT4_I3_O_SB_LUT4_O_1_I2_SB_LUT4_I3_O_SB_LUT4_I2_O[1] (2,7) -> (5,2)
Info:                          Sink o0_SB_LUT4_O_44_LC.I1
Info:                          Defined in:
Info:                               F:\lunwen\tools\oss-cad-suite\bin\../share/yosys/ice40/cells_map.v:6.21-6.22
Info:      setup  0.42  29.23 Source o0_SB_LUT4_O_44_LC.I1
Info: 6.05 ns logic, 23.18 ns routing

Info: Critical path report for cross-domain path '<async>' -> 'posedge clk$SB_IO_IN_$glb_clk':
Info:       type curr  total name
Info:     source  0.00  0.00 Source load_sel[1]$sb_io.D_IN_0
Info:    routing  0.59  0.59 Net load_sel[1]$SB_IO_IN (33,5) -> (32,5)
Info:                          Sink load_sel_SB_LUT4_I3_LC.I2
Info:                          Defined in:
Info:                               build/tempest_v3_top_k2.v:20.25-20.33
Info:      logic  0.38  0.97 Source load_sel_SB_LUT4_I3_LC.O
Info:    routing  5.19  6.16 Net en_SB_LUT4_I0_O[0] (32,5) -> (16,25)
Info:                          Sink o0_SB_LUT4_O_21_I2_SB_LUT4_O_1_I2_SB_LUT4_O_I3_SB_LUT4_O_I3_SB_LUT4_O_I3_SB_LUT4_I3_I2_SB_LUT4_O_I2_SB_LUT4_I2_I3_SB_LUT4_I2_O_SB_LUT4_O_I2_SB_LUT4_O_I2_SB_LUT4_O_I3_SB_LUT4_O_I3_SB_LUT4_I3_O_SB_LUT4_I3_O_SB_LUT4_I2_O_SB_LUT4_O_10_I3_SB_LUT4_O_1_I3_SB_LUT4_O_I3_SB_LUT4_I3_O_SB_LUT4_I2_O_SB_LUT4_O_1_LC.I3
Info:                          Defined in:
Info:                               F:\lunwen\tools\oss-cad-suite\bin\../share/yosys/ice40/cells_map.v:6.21-6.22
Info:      logic  0.31  6.47 Source o0_SB_LUT4_O_21_I2_SB_LUT4_O_1_I2_SB_LUT4_O_I3_SB_LUT4_O_I3_SB_LUT4_O_I3_SB_LUT4_I3_I2_SB_LUT4_O_I2_SB_LUT4_I2_I3_SB_LUT4_I2_O_SB_LUT4_O_I2_SB_LUT4_O_I2_SB_LUT4_O_I3_SB_LUT4_O_I3_SB_LUT4_I3_O_SB_LUT4_I3_O_SB_LUT4_I2_O_SB_LUT4_O_10_I3_SB_LUT4_O_1_I3_SB_LUT4_O_I3_SB_LUT4_I3_O_SB_LUT4_I2_O_SB_LUT4_O_1_LC.O
Info:    routing  4.80  11.27 Net o0_SB_LUT4_O_21_I2_SB_LUT4_O_1_I2_SB_LUT4_O_I3_SB_LUT4_O_I3_SB_LUT4_O_I3_SB_LUT4_I3_I2_SB_LUT4_O_I2_SB_LUT4_I2_I3_SB_LUT4_I2_O_SB_LUT4_O_I2_SB_LUT4_O_I2_SB_LUT4_O_I3_SB_LUT4_O_I3_SB_LUT4_I3_O_SB_LUT4_I3_O_SB_LUT4_I2_O_SB_LUT4_O_10_I3_SB_LUT4_O_1_I3_SB_LUT4_O_I3_SB_LUT4_I3_O_SB_LUT4_I2_O[0] (16,25) -> (17,19)
Info:                          Sink o0_SB_LUT4_O_21_I2_SB_LUT4_O_1_I2_SB_LUT4_O_I3_SB_LUT4_O_I3_SB_LUT4_O_I3_SB_LUT4_I3_I2_SB_LUT4_O_I2_SB_LUT4_I2_I3_SB_LUT4_I2_O_SB_LUT4_O_I2_SB_LUT4_O_I2_SB_LUT4_O_I2_SB_LUT4_O_I3_SB_LUT4_I2_O_SB_LUT4_I3_O_SB_LUT4_O_1_I2_SB_LUT4_I3_O_SB_LUT4_I3_O_SB_LUT4_I3_O_SB_LUT4_O_22_LC.I0
Info:                          Defined in:
Info:                               F:\lunwen\tools\oss-cad-suite\bin\../share/yosys/ice40/cells_map.v:6.21-6.22
Info:      setup  0.47  11.74 Source o0_SB_LUT4_O_21_I2_SB_LUT4_O_1_I2_SB_LUT4_O_I3_SB_LUT4_O_I3_SB_LUT4_O_I3_SB_LUT4_I3_I2_SB_LUT4_O_I2_SB_LUT4_I2_I3_SB_LUT4_I2_O_SB_LUT4_O_I2_SB_LUT4_O_I2_SB_LUT4_O_I2_SB_LUT4_O_I3_SB_LUT4_I2_O_SB_LUT4_I3_O_SB_LUT4_O_1_I2_SB_LUT4_I3_O_SB_LUT4_I3_O_SB_LUT4_I3_O_SB_LUT4_O_22_LC.I0
Info: 1.16 ns logic, 10.58 ns routing

Info: Critical path report for cross-domain path 'posedge clk$SB_IO_IN_$glb_clk' -> '<async>':
Info:       type curr  total name
Info:   clk-to-q  0.54  0.54 Source o0_SB_LUT4_O_17_LC.O
Info:    routing  4.62  5.16 Net rnd_data[10]$SB_IO_OUT (5,6) -> (33,6)
Info:                          Sink rnd_data[10]$sb_io.D_OUT_0
Info:                          Defined in:
Info:                               build/tempest_v3_top_k2.v:55.16-55.28
Info: 0.54 ns logic, 4.62 ns routing

ERROR: Max frequency for clock 'clk$SB_IO_IN_$glb_clk': 34.21 MHz (FAIL at 48.00 MHz)

Info: Max delay <async>                       -> posedge clk$SB_IO_IN_$glb_clk: 11.74 ns
Info: Max delay posedge clk$SB_IO_IN_$glb_clk -> <async>                      : 5.16 ns

Info: Slack histogram:
Info:  legend: * represents 6 endpoint(s)
Info:          + represents [1,6) endpoint(s)
Info: [ -8396,  -7010) |**************+
Info: [ -7010,  -5624) |*************+
Info: [ -5624,  -4238) | 
Info: [ -4238,  -2852) |+
Info: [ -2852,  -1466) |***+
Info: [ -1466,    -80) |*******************+
Info: [   -80,   1306) |****************************+
Info: [  1306,   2692) |******************+
Info: [  2692,   4078) |****+
Info: [  4078,   5464) |+
Info: [  5464,   6850) |+
Info: [  6850,   8236) |**+
Info: [  8236,   9622) |***********+
Info: [  9622,  11008) |*****+
Info: [ 11008,  12394) |**************************+
Info: [ 12394,  13780) |************************************************************ 
Info: [ 13780,  15166) |**************************************************+
Info: [ 15166,  16552) |************************************************************ 
Info: [ 16552,  17938) |*************************************************+
Info: [ 17938,  19324) |*************************************************+
2 warnings, 1 error

Info: Program finished normally.
