
 /----------------------------------------------------------------------------\
 |  yosys -- Yosys Open SYnthesis Suite                                       |
 |  Copyright (C) 2012 - 2026  Claire Xenia Wolf <claire@yosyshq.com>         |
 |  Distributed under an ISC-like license, type "license" to see terms        |
 \----------------------------------------------------------------------------/
 Yosys 0.67+146 (git sha1 468ba27d9-dirty, Release, GNU /usr/bin/x86_64-w64-mingw32-g++ 15.2.1)

-- Running command `
read -sv rtl/andmix4.v rtl/round_function.v rtl/output_function.v rtl/tempest_v3_top.v
synth_ice40 -top tempest_v3_top
stat -top tempest_v3_top
' --

1. Executing Verilog-2005 frontend: rtl/andmix4.v
Parsing SystemVerilog input from `rtl/andmix4.v' to AST representation.
Storing AST representation for module `$abstract\andmix4'.
Successfully finished Verilog frontend.

2. Executing Verilog-2005 frontend: rtl/round_function.v
Parsing SystemVerilog input from `rtl/round_function.v' to AST representation.
Storing AST representation for module `$abstract\round_function'.
Successfully finished Verilog frontend.

3. Executing Verilog-2005 frontend: rtl/output_function.v
Parsing SystemVerilog input from `rtl/output_function.v' to AST representation.
Storing AST representation for module `$abstract\output_function'.
Successfully finished Verilog frontend.

4. Executing Verilog-2005 frontend: rtl/tempest_v3_top.v
Parsing SystemVerilog input from `rtl/tempest_v3_top.v' to AST representation.
Storing AST representation for module `$abstract\tempest_v3_top'.
Successfully finished Verilog frontend.

5. Executing SYNTH_ICE40 pass.

5.1. Executing Verilog-2005 frontend: F:\lunwen\tools\oss-cad-suite\bin\../share/yosys/ice40/cells_sim.v
Parsing Verilog input from `F:\lunwen\tools\oss-cad-suite\bin\../share/yosys/ice40/cells_sim.v' to AST representation.
Generating RTLIL representation for module `\SB_IO'.
Generating RTLIL representation for module `\SB_GB_IO'.
Generating RTLIL representation for module `\SB_GB'.
Generating RTLIL representation for module `\SB_LUT4'.
Generating RTLIL representation for module `\SB_CARRY'.
Generating RTLIL representation for module `\SB_DFF'.
Generating RTLIL representation for module `\SB_DFFE'.
Generating RTLIL representation for module `\SB_DFFSR'.
Generating RTLIL representation for module `\SB_DFFR'.
Generating RTLIL representation for module `\SB_DFFSS'.
Generating RTLIL representation for module `\SB_DFFS'.
Generating RTLIL representation for module `\SB_DFFESR'.
Generating RTLIL representation for module `\SB_DFFER'.
Generating RTLIL representation for module `\SB_DFFESS'.
Generating RTLIL representation for module `\SB_DFFES'.
Generating RTLIL representation for module `\SB_DFFN'.
Generating RTLIL representation for module `\SB_DFFNE'.
Generating RTLIL representation for module `\SB_DFFNSR'.
Generating RTLIL representation for module `\SB_DFFNR'.
Generating RTLIL representation for module `\SB_DFFNSS'.
Generating RTLIL representation for module `\SB_DFFNS'.
Generating RTLIL representation for module `\SB_DFFNESR'.
Generating RTLIL representation for module `\SB_DFFNER'.
Generating RTLIL representation for module `\SB_DFFNESS'.
Generating RTLIL representation for module `\SB_DFFNES'.
Generating RTLIL representation for module `\SB_RAM40_4K'.
Generating RTLIL representation for module `\SB_RAM40_4KNR'.
Generating RTLIL representation for module `\SB_RAM40_4KNW'.
Generating RTLIL representation for module `\SB_RAM40_4KNRNW'.
Generating RTLIL representation for module `\ICESTORM_LC'.
Generating RTLIL representation for module `\SB_PLL40_CORE'.
Generating RTLIL representation for module `\SB_PLL40_PAD'.
Generating RTLIL representation for module `\SB_PLL40_2_PAD'.
Generating RTLIL representation for module `\SB_PLL40_2F_CORE'.
Generating RTLIL representation for module `\SB_PLL40_2F_PAD'.
Generating RTLIL representation for module `\SB_WARMBOOT'.
Generating RTLIL representation for module `\SB_SPRAM256KA'.
Generating RTLIL representation for module `\SB_HFOSC'.
Generating RTLIL representation for module `\SB_LFOSC'.
Generating RTLIL representation for module `\SB_RGBA_DRV'.
Generating RTLIL representation for module `\SB_LED_DRV_CUR'.
Generating RTLIL representation for module `\SB_RGB_DRV'.
Generating RTLIL representation for module `\SB_I2C'.
Generating RTLIL representation for module `\SB_SPI'.
Generating RTLIL representation for module `\SB_LEDDA_IP'.
Generating RTLIL representation for module `\SB_FILTER_50NS'.
Generating RTLIL representation for module `\SB_IO_I3C'.
Generating RTLIL representation for module `\SB_IO_OD'.
Generating RTLIL representation for module `\SB_MAC16'.
Generating RTLIL representation for module `\ICESTORM_RAM'.
Successfully finished Verilog frontend.

5.2. Executing HIERARCHY pass (managing design hierarchy).

5.3. Executing AST frontend in derive mode using pre-parsed AST for module `\tempest_v3_top'.
Generating RTLIL representation for module `\tempest_v3_top'.

5.3.1. Analyzing design hierarchy..
Top module:  \tempest_v3_top

5.3.2. Executing AST frontend in derive mode using pre-parsed AST for module `\output_function'.
Generating RTLIL representation for module `\output_function'.

5.3.3. Executing AST frontend in derive mode using pre-parsed AST for module `\round_function'.
Generating RTLIL representation for module `\round_function'.

5.3.4. Analyzing design hierarchy..
Top module:  \tempest_v3_top
Used module:     \output_function
Used module:     \round_function

5.3.5. Executing AST frontend in derive mode using pre-parsed AST for module `\andmix4'.
Generating RTLIL representation for module `\andmix4'.

5.3.6. Analyzing design hierarchy..
Top module:  \tempest_v3_top
Used module:     \output_function
Used module:     \round_function
Used module:         \andmix4

5.3.7. Analyzing design hierarchy..
Top module:  \tempest_v3_top
Used module:     \output_function
Used module:     \round_function
Used module:         \andmix4
Removing unused module `$abstract\tempest_v3_top'.
Removing unused module `$abstract\output_function'.
Removing unused module `$abstract\round_function'.
Removing unused module `$abstract\andmix4'.
Removed 4 unused modules.

5.4. Executing PROC pass (convert processes to netlists).

5.4.1. Executing PROC_CLEAN pass (remove empty switches from decision trees).
Cleaned up 0 empty switches.

5.4.2. Executing PROC_RMDEAD pass (remove dead branches from decision trees).
Marked 3 switch rules as full_case in process $proc$rtl/tempest_v3_top.v:105$502 in module tempest_v3_top.
Marked 3 switch rules as full_case in process $proc$rtl/tempest_v3_top.v:81$398 in module tempest_v3_top.
Removed a total of 0 dead cases.

5.4.3. Executing PROC_PRUNE pass (remove redundant assignments in processes).
Removed 1 redundant assignment.
Promoted 367 assignments to connections.

5.4.4. Executing PROC_INIT pass (extract init attributes).

5.4.5. Executing PROC_ARST pass (detect async resets in processes).
Found async reset \rst_n in `\tempest_v3_top.$proc$rtl/tempest_v3_top.v:105$502'.

5.4.6. Executing PROC_ROM pass (convert switches to ROMs).
Converted 0 switches.
<suppressed ~7 debug messages>

5.4.7. Executing PROC_MUX pass (convert decision trees to multiplexers).
Creating decoders for process `\andmix4.$proc$rtl/andmix4.v:68$1655'.
Creating decoders for process `\andmix4.$proc$rtl/andmix4.v:68$1648'.
Creating decoders for process `\andmix4.$proc$rtl/andmix4.v:67$1641'.
Creating decoders for process `\andmix4.$proc$rtl/andmix4.v:67$1634'.
Creating decoders for process `\andmix4.$proc$rtl/andmix4.v:66$1627'.
Creating decoders for process `\andmix4.$proc$rtl/andmix4.v:66$1620'.
Creating decoders for process `\andmix4.$proc$rtl/andmix4.v:65$1613'.
Creating decoders for process `\andmix4.$proc$rtl/andmix4.v:65$1606'.
Creating decoders for process `\andmix4.$proc$rtl/andmix4.v:60$1599'.
Creating decoders for process `\andmix4.$proc$rtl/andmix4.v:60$1592'.
Creating decoders for process `\andmix4.$proc$rtl/andmix4.v:59$1585'.
Creating decoders for process `\andmix4.$proc$rtl/andmix4.v:59$1578'.
Creating decoders for process `\andmix4.$proc$rtl/andmix4.v:58$1571'.
Creating decoders for process `\andmix4.$proc$rtl/andmix4.v:58$1564'.
Creating decoders for process `\andmix4.$proc$rtl/andmix4.v:57$1557'.
Creating decoders for process `\andmix4.$proc$rtl/andmix4.v:57$1550'.
Creating decoders for process `\andmix4.$proc$rtl/andmix4.v:51$1543'.
Creating decoders for process `\andmix4.$proc$rtl/andmix4.v:51$1536'.
Creating decoders for process `\andmix4.$proc$rtl/andmix4.v:50$1529'.
Creating decoders for process `\andmix4.$proc$rtl/andmix4.v:50$1522'.
Creating decoders for process `\andmix4.$proc$rtl/andmix4.v:49$1515'.
Creating decoders for process `\andmix4.$proc$rtl/andmix4.v:49$1508'.
Creating decoders for process `\andmix4.$proc$rtl/andmix4.v:48$1501'.
Creating decoders for process `\andmix4.$proc$rtl/andmix4.v:48$1494'.
Creating decoders for process `\andmix4.$proc$rtl/andmix4.v:42$1487'.
Creating decoders for process `\andmix4.$proc$rtl/andmix4.v:42$1480'.
Creating decoders for process `\andmix4.$proc$rtl/andmix4.v:41$1473'.
Creating decoders for process `\andmix4.$proc$rtl/andmix4.v:41$1466'.
Creating decoders for process `\andmix4.$proc$rtl/andmix4.v:40$1459'.
Creating decoders for process `\andmix4.$proc$rtl/andmix4.v:40$1452'.
Creating decoders for process `\andmix4.$proc$rtl/andmix4.v:39$1445'.
Creating decoders for process `\andmix4.$proc$rtl/andmix4.v:39$1438'.
Creating decoders for process `\andmix4.$proc$rtl/andmix4.v:33$1431'.
Creating decoders for process `\andmix4.$proc$rtl/andmix4.v:33$1424'.
Creating decoders for process `\andmix4.$proc$rtl/andmix4.v:32$1417'.
Creating decoders for process `\andmix4.$proc$rtl/andmix4.v:32$1410'.
Creating decoders for process `\andmix4.$proc$rtl/andmix4.v:31$1403'.
Creating decoders for process `\andmix4.$proc$rtl/andmix4.v:31$1396'.
Creating decoders for process `\andmix4.$proc$rtl/andmix4.v:30$1389'.
Creating decoders for process `\andmix4.$proc$rtl/andmix4.v:30$1382'.
Creating decoders for process `\round_function.$proc$rtl/round_function.v:94$1255'.
Creating decoders for process `\round_function.$proc$rtl/round_function.v:94$1248'.
Creating decoders for process `\round_function.$proc$rtl/round_function.v:93$1241'.
Creating decoders for process `\round_function.$proc$rtl/round_function.v:93$1234'.
Creating decoders for process `\round_function.$proc$rtl/round_function.v:92$1227'.
Creating decoders for process `\round_function.$proc$rtl/round_function.v:92$1220'.
Creating decoders for process `\round_function.$proc$rtl/round_function.v:91$1213'.
Creating decoders for process `\round_function.$proc$rtl/round_function.v:91$1206'.
Creating decoders for process `\round_function.$proc$rtl/round_function.v:79$1199'.
Creating decoders for process `\round_function.$proc$rtl/round_function.v:79$1192'.
Creating decoders for process `\round_function.$proc$rtl/round_function.v:79$1185'.
Creating decoders for process `\round_function.$proc$rtl/round_function.v:79$1178'.
Creating decoders for process `\round_function.$proc$rtl/round_function.v:78$1171'.
Creating decoders for process `\round_function.$proc$rtl/round_function.v:78$1164'.
Creating decoders for process `\round_function.$proc$rtl/round_function.v:78$1157'.
Creating decoders for process `\round_function.$proc$rtl/round_function.v:78$1150'.
Creating decoders for process `\round_function.$proc$rtl/round_function.v:77$1143'.
Creating decoders for process `\round_function.$proc$rtl/round_function.v:77$1136'.
Creating decoders for process `\round_function.$proc$rtl/round_function.v:77$1129'.
Creating decoders for process `\round_function.$proc$rtl/round_function.v:77$1122'.
Creating decoders for process `\round_function.$proc$rtl/round_function.v:76$1115'.
Creating decoders for process `\round_function.$proc$rtl/round_function.v:76$1108'.
Creating decoders for process `\round_function.$proc$rtl/round_function.v:76$1101'.
Creating decoders for process `\round_function.$proc$rtl/round_function.v:76$1094'.
Creating decoders for process `\round_function.$proc$rtl/round_function.v:64$1087'.
Creating decoders for process `\round_function.$proc$rtl/round_function.v:63$1080'.
Creating decoders for process `\round_function.$proc$rtl/round_function.v:62$1073'.
Creating decoders for process `\round_function.$proc$rtl/round_function.v:61$1066'.
Creating decoders for process `\round_function.$proc$rtl/round_function.v:58$1058'.
Creating decoders for process `\round_function.$proc$rtl/round_function.v:55$1051'.
Creating decoders for process `\round_function.$proc$rtl/round_function.v:37$1044'.
Creating decoders for process `\round_function.$proc$rtl/round_function.v:37$1037'.
Creating decoders for process `\round_function.$proc$rtl/round_function.v:36$1030'.
Creating decoders for process `\round_function.$proc$rtl/round_function.v:36$1023'.
Creating decoders for process `\round_function.$proc$rtl/round_function.v:32$1016'.
Creating decoders for process `\round_function.$proc$rtl/round_function.v:32$1009'.
Creating decoders for process `\round_function.$proc$rtl/round_function.v:32$1002'.
Creating decoders for process `\round_function.$proc$rtl/round_function.v:32$995'.
Creating decoders for process `\round_function.$proc$rtl/round_function.v:31$988'.
Creating decoders for process `\round_function.$proc$rtl/round_function.v:31$981'.
Creating decoders for process `\round_function.$proc$rtl/round_function.v:31$974'.
Creating decoders for process `\round_function.$proc$rtl/round_function.v:31$967'.
Creating decoders for process `\round_function.$proc$rtl/round_function.v:30$960'.
Creating decoders for process `\round_function.$proc$rtl/round_function.v:30$953'.
Creating decoders for process `\round_function.$proc$rtl/round_function.v:30$946'.
Creating decoders for process `\round_function.$proc$rtl/round_function.v:30$939'.
Creating decoders for process `\round_function.$proc$rtl/round_function.v:29$932'.
Creating decoders for process `\round_function.$proc$rtl/round_function.v:29$925'.
Creating decoders for process `\round_function.$proc$rtl/round_function.v:29$918'.
Creating decoders for process `\round_function.$proc$rtl/round_function.v:29$911'.
Creating decoders for process `\output_function.$proc$rtl/output_function.v:42$653'.
Creating decoders for process `\output_function.$proc$rtl/output_function.v:41$558'.
Creating decoders for process `\tempest_v3_top.$proc$rtl/tempest_v3_top.v:55$519'.
Creating decoders for process `\tempest_v3_top.$proc$rtl/tempest_v3_top.v:105$502'.
     1/16: $0\rnd_valid_reg[0:0]
     2/16: $0\rnd_data_reg[127:0]
     3/16: $0\cnt[5:0]
     4/16: $0\state[2:0]
     5/16: $0\n1[63:0]
     6/16: $0\n0[63:0]
     7/16: $0\k3[63:0]
     8/16: $0\k2[63:0]
     9/16: $0\k1[63:0]
    10/16: $0\k0[63:0]
    11/16: $0\kw[63:0]
    12/16: $0\round_key[63:0]
    13/16: $0\w[63:0]
    14/16: $0\v[63:0]
    15/16: $0\u[63:0]
    16/16: $0\z[63:0]
Creating decoders for process `\tempest_v3_top.$proc$rtl/tempest_v3_top.v:81$398'.
     1/51: $3\inj_z[63:0]
     2/51: $2\rotl$func$rtl/tempest_v3_top.v:98$389.$result[63:0]$493
     3/51: $2\rotl$func$rtl/tempest_v3_top.v:98$389.a[63:0]$494
     4/51: $3\inj_v[63:0]
     5/51: $2\rotl$func$rtl/tempest_v3_top.v:97$388.$result[63:0]$491
     6/51: $2\rotl$func$rtl/tempest_v3_top.v:97$388.a[63:0]$492
     7/51: $3\inj_u[63:0]
     8/51: $2\inj_z[63:0]
     9/51: $2\rotl$func$rtl/tempest_v3_top.v:88$386.$result[63:0]$452
    10/51: $2\rotl$func$rtl/tempest_v3_top.v:88$386.a[63:0]$453
    11/51: $2\rotl$func$rtl/tempest_v3_top.v:88$385.$result[63:0]$449
    12/51: $2\rotl$func$rtl/tempest_v3_top.v:88$385.r[5:0]$451
    13/51: $2\rotl$func$rtl/tempest_v3_top.v:88$385.a[63:0]$450
    14/51: $2\inj_w[63:0]
    15/51: $2\rotl$func$rtl/tempest_v3_top.v:87$384.$result[63:0]$446
    16/51: $2\rotl$func$rtl/tempest_v3_top.v:87$384.r[5:0]$448
    17/51: $2\rotl$func$rtl/tempest_v3_top.v:87$384.a[63:0]$447
    18/51: $2\inj_v[63:0]
    19/51: $2\rotl$func$rtl/tempest_v3_top.v:86$383.$result[63:0]$443
    20/51: $2\rotl$func$rtl/tempest_v3_top.v:86$383.r[5:0]$445
    21/51: $2\rotl$func$rtl/tempest_v3_top.v:86$383.a[63:0]$444
    22/51: $2\inj_u[63:0]
    23/51: $2\rotl$func$rtl/tempest_v3_top.v:85$382.$result[63:0]$440
    24/51: $2\rotl$func$rtl/tempest_v3_top.v:85$382.r[5:0]$442
    25/51: $2\rotl$func$rtl/tempest_v3_top.v:85$382.a[63:0]$441
    26/51: $2\rotl$func$rtl/tempest_v3_top.v:93$387.a[63:0]$455
    27/51: $2\rotl$func$rtl/tempest_v3_top.v:93$387.$result[63:0]$454
    28/51: $1\rotl$func$rtl/tempest_v3_top.v:93$387.a[63:0]$435
    29/51: $1\rotl$func$rtl/tempest_v3_top.v:93$387.$result[63:0]$434
    30/51: $1\rotl$func$rtl/tempest_v3_top.v:88$386.a[63:0]$433
    31/51: $1\rotl$func$rtl/tempest_v3_top.v:88$386.$result[63:0]$432
    32/51: $1\rotl$func$rtl/tempest_v3_top.v:88$385.r[5:0]$431
    33/51: $1\rotl$func$rtl/tempest_v3_top.v:88$385.a[63:0]$430
    34/51: $1\rotl$func$rtl/tempest_v3_top.v:88$385.$result[63:0]$429
    35/51: $1\rotl$func$rtl/tempest_v3_top.v:87$384.r[5:0]$428
    36/51: $1\rotl$func$rtl/tempest_v3_top.v:87$384.a[63:0]$427
    37/51: $1\rotl$func$rtl/tempest_v3_top.v:87$384.$result[63:0]$426
    38/51: $1\rotl$func$rtl/tempest_v3_top.v:86$383.r[5:0]$425
    39/51: $1\rotl$func$rtl/tempest_v3_top.v:86$383.a[63:0]$424
    40/51: $1\rotl$func$rtl/tempest_v3_top.v:86$383.$result[63:0]$423
    41/51: $1\rotl$func$rtl/tempest_v3_top.v:85$382.r[5:0]$422
    42/51: $1\rotl$func$rtl/tempest_v3_top.v:85$382.a[63:0]$421
    43/51: $1\rotl$func$rtl/tempest_v3_top.v:85$382.$result[63:0]$420
    44/51: $1\inj_z[63:0]
    45/51: $1\inj_w[63:0]
    46/51: $1\inj_v[63:0]
    47/51: $1\inj_u[63:0]
    48/51: $1\rotl$func$rtl/tempest_v3_top.v:98$389.a[63:0]$439
    49/51: $1\rotl$func$rtl/tempest_v3_top.v:98$389.$result[63:0]$438
    50/51: $1\rotl$func$rtl/tempest_v3_top.v:97$388.a[63:0]$437
    51/51: $1\rotl$func$rtl/tempest_v3_top.v:97$388.$result[63:0]$436

5.4.8. Executing PROC_DLATCH pass (convert process syncs to latches).
No latch inferred for signal `\andmix4.\rotl$func$rtl/andmix4.v:68$1301.$result' from process `\andmix4.$proc$rtl/andmix4.v:68$1655'.
No latch inferred for signal `\andmix4.\rotl$func$rtl/andmix4.v:68$1300.$result' from process `\andmix4.$proc$rtl/andmix4.v:68$1648'.
No latch inferred for signal `\andmix4.\rotl$func$rtl/andmix4.v:67$1299.$result' from process `\andmix4.$proc$rtl/andmix4.v:67$1641'.
No latch inferred for signal `\andmix4.\rotl$func$rtl/andmix4.v:67$1298.$result' from process `\andmix4.$proc$rtl/andmix4.v:67$1634'.
No latch inferred for signal `\andmix4.\rotl$func$rtl/andmix4.v:66$1297.$result' from process `\andmix4.$proc$rtl/andmix4.v:66$1627'.
No latch inferred for signal `\andmix4.\rotl$func$rtl/andmix4.v:66$1296.$result' from process `\andmix4.$proc$rtl/andmix4.v:66$1620'.
No latch inferred for signal `\andmix4.\rotl$func$rtl/andmix4.v:65$1295.$result' from process `\andmix4.$proc$rtl/andmix4.v:65$1613'.
No latch inferred for signal `\andmix4.\rotl$func$rtl/andmix4.v:65$1294.$result' from process `\andmix4.$proc$rtl/andmix4.v:65$1606'.
No latch inferred for signal `\andmix4.\rotl$func$rtl/andmix4.v:60$1293.$result' from process `\andmix4.$proc$rtl/andmix4.v:60$1599'.
No latch inferred for signal `\andmix4.\rotl$func$rtl/andmix4.v:60$1292.$result' from process `\andmix4.$proc$rtl/andmix4.v:60$1592'.
No latch inferred for signal `\andmix4.\rotl$func$rtl/andmix4.v:59$1291.$result' from process `\andmix4.$proc$rtl/andmix4.v:59$1585'.
No latch inferred for signal `\andmix4.\rotl$func$rtl/andmix4.v:59$1290.$result' from process `\andmix4.$proc$rtl/andmix4.v:59$1578'.
No latch inferred for signal `\andmix4.\rotl$func$rtl/andmix4.v:58$1289.$result' from process `\andmix4.$proc$rtl/andmix4.v:58$1571'.
No latch inferred for signal `\andmix4.\rotl$func$rtl/andmix4.v:58$1288.$result' from process `\andmix4.$proc$rtl/andmix4.v:58$1564'.
No latch inferred for signal `\andmix4.\rotl$func$rtl/andmix4.v:57$1287.$result' from process `\andmix4.$proc$rtl/andmix4.v:57$1557'.
No latch inferred for signal `\andmix4.\rotl$func$rtl/andmix4.v:57$1286.$result' from process `\andmix4.$proc$rtl/andmix4.v:57$1550'.
No latch inferred for signal `\andmix4.\rotl$func$rtl/andmix4.v:51$1285.$result' from process `\andmix4.$proc$rtl/andmix4.v:51$1543'.
No latch inferred for signal `\andmix4.\rotl$func$rtl/andmix4.v:51$1284.$result' from process `\andmix4.$proc$rtl/andmix4.v:51$1536'.
No latch inferred for signal `\andmix4.\rotl$func$rtl/andmix4.v:50$1283.$result' from process `\andmix4.$proc$rtl/andmix4.v:50$1529'.
No latch inferred for signal `\andmix4.\rotl$func$rtl/andmix4.v:50$1282.$result' from process `\andmix4.$proc$rtl/andmix4.v:50$1522'.
No latch inferred for signal `\andmix4.\rotl$func$rtl/andmix4.v:49$1281.$result' from process `\andmix4.$proc$rtl/andmix4.v:49$1515'.
No latch inferred for signal `\andmix4.\rotl$func$rtl/andmix4.v:49$1280.$result' from process `\andmix4.$proc$rtl/andmix4.v:49$1508'.
No latch inferred for signal `\andmix4.\rotl$func$rtl/andmix4.v:48$1279.$result' from process `\andmix4.$proc$rtl/andmix4.v:48$1501'.
No latch inferred for signal `\andmix4.\rotl$func$rtl/andmix4.v:48$1278.$result' from process `\andmix4.$proc$rtl/andmix4.v:48$1494'.
No latch inferred for signal `\andmix4.\rotl$func$rtl/andmix4.v:42$1277.$result' from process `\andmix4.$proc$rtl/andmix4.v:42$1487'.
No latch inferred for signal `\andmix4.\rotl$func$rtl/andmix4.v:42$1276.$result' from process `\andmix4.$proc$rtl/andmix4.v:42$1480'.
No latch inferred for signal `\andmix4.\rotl$func$rtl/andmix4.v:41$1275.$result' from process `\andmix4.$proc$rtl/andmix4.v:41$1473'.
No latch inferred for signal `\andmix4.\rotl$func$rtl/andmix4.v:41$1274.$result' from process `\andmix4.$proc$rtl/andmix4.v:41$1466'.
No latch inferred for signal `\andmix4.\rotl$func$rtl/andmix4.v:40$1273.$result' from process `\andmix4.$proc$rtl/andmix4.v:40$1459'.
No latch inferred for signal `\andmix4.\rotl$func$rtl/andmix4.v:40$1272.$result' from process `\andmix4.$proc$rtl/andmix4.v:40$1452'.
No latch inferred for signal `\andmix4.\rotl$func$rtl/andmix4.v:39$1271.$result' from process `\andmix4.$proc$rtl/andmix4.v:39$1445'.
No latch inferred for signal `\andmix4.\rotl$func$rtl/andmix4.v:39$1270.$result' from process `\andmix4.$proc$rtl/andmix4.v:39$1438'.
No latch inferred for signal `\andmix4.\rotl$func$rtl/andmix4.v:33$1269.$result' from process `\andmix4.$proc$rtl/andmix4.v:33$1431'.
No latch inferred for signal `\andmix4.\rotl$func$rtl/andmix4.v:33$1268.$result' from process `\andmix4.$proc$rtl/andmix4.v:33$1424'.
No latch inferred for signal `\andmix4.\rotl$func$rtl/andmix4.v:32$1267.$result' from process `\andmix4.$proc$rtl/andmix4.v:32$1417'.
No latch inferred for signal `\andmix4.\rotl$func$rtl/andmix4.v:32$1266.$result' from process `\andmix4.$proc$rtl/andmix4.v:32$1410'.
No latch inferred for signal `\andmix4.\rotl$func$rtl/andmix4.v:31$1265.$result' from process `\andmix4.$proc$rtl/andmix4.v:31$1403'.
No latch inferred for signal `\andmix4.\rotl$func$rtl/andmix4.v:31$1264.$result' from process `\andmix4.$proc$rtl/andmix4.v:31$1396'.
No latch inferred for signal `\andmix4.\rotl$func$rtl/andmix4.v:30$1263.$result' from process `\andmix4.$proc$rtl/andmix4.v:30$1389'.
No latch inferred for signal `\andmix4.\rotl$func$rtl/andmix4.v:30$1262.$result' from process `\andmix4.$proc$rtl/andmix4.v:30$1382'.
No latch inferred for signal `\round_function.\rotl$func$rtl/round_function.v:94$797.$result' from process `\round_function.$proc$rtl/round_function.v:94$1255'.
No latch inferred for signal `\round_function.\rotl$func$rtl/round_function.v:94$796.$result' from process `\round_function.$proc$rtl/round_function.v:94$1248'.
No latch inferred for signal `\round_function.\rotl$func$rtl/round_function.v:93$795.$result' from process `\round_function.$proc$rtl/round_function.v:93$1241'.
No latch inferred for signal `\round_function.\rotl$func$rtl/round_function.v:93$794.$result' from process `\round_function.$proc$rtl/round_function.v:93$1234'.
No latch inferred for signal `\round_function.\rotl$func$rtl/round_function.v:92$793.$result' from process `\round_function.$proc$rtl/round_function.v:92$1227'.
No latch inferred for signal `\round_function.\rotl$func$rtl/round_function.v:92$792.$result' from process `\round_function.$proc$rtl/round_function.v:92$1220'.
No latch inferred for signal `\round_function.\rotl$func$rtl/round_function.v:91$791.$result' from process `\round_function.$proc$rtl/round_function.v:91$1213'.
No latch inferred for signal `\round_function.\rotl$func$rtl/round_function.v:91$790.$result' from process `\round_function.$proc$rtl/round_function.v:91$1206'.
No latch inferred for signal `\round_function.\rotl$func$rtl/round_function.v:79$789.$result' from process `\round_function.$proc$rtl/round_function.v:79$1199'.
No latch inferred for signal `\round_function.\rotl$func$rtl/round_function.v:79$788.$result' from process `\round_function.$proc$rtl/round_function.v:79$1192'.
No latch inferred for signal `\round_function.\rotl$func$rtl/round_function.v:79$787.$result' from process `\round_function.$proc$rtl/round_function.v:79$1185'.
No latch inferred for signal `\round_function.\rotl$func$rtl/round_function.v:79$786.$result' from process `\round_function.$proc$rtl/round_function.v:79$1178'.
No latch inferred for signal `\round_function.\rotl$func$rtl/round_function.v:78$785.$result' from process `\round_function.$proc$rtl/round_function.v:78$1171'.
No latch inferred for signal `\round_function.\rotl$func$rtl/round_function.v:78$784.$result' from process `\round_function.$proc$rtl/round_function.v:78$1164'.
No latch inferred for signal `\round_function.\rotl$func$rtl/round_function.v:78$783.$result' from process `\round_function.$proc$rtl/round_function.v:78$1157'.
No latch inferred for signal `\round_function.\rotl$func$rtl/round_function.v:78$782.$result' from process `\round_function.$proc$rtl/round_function.v:78$1150'.
No latch inferred for signal `\round_function.\rotl$func$rtl/round_function.v:77$781.$result' from process `\round_function.$proc$rtl/round_function.v:77$1143'.
No latch inferred for signal `\round_function.\rotl$func$rtl/round_function.v:77$780.$result' from process `\round_function.$proc$rtl/round_function.v:77$1136'.
No latch inferred for signal `\round_function.\rotl$func$rtl/round_function.v:77$779.$result' from process `\round_function.$proc$rtl/round_function.v:77$1129'.
No latch inferred for signal `\round_function.\rotl$func$rtl/round_function.v:77$778.$result' from process `\round_function.$proc$rtl/round_function.v:77$1122'.
No latch inferred for signal `\round_function.\rotl$func$rtl/round_function.v:76$777.$result' from process `\round_function.$proc$rtl/round_function.v:76$1115'.
No latch inferred for signal `\round_function.\rotl$func$rtl/round_function.v:76$776.$result' from process `\round_function.$proc$rtl/round_function.v:76$1108'.
No latch inferred for signal `\round_function.\rotl$func$rtl/round_function.v:76$775.$result' from process `\round_function.$proc$rtl/round_function.v:76$1101'.
No latch inferred for signal `\round_function.\rotl$func$rtl/round_function.v:76$774.$result' from process `\round_function.$proc$rtl/round_function.v:76$1094'.
No latch inferred for signal `\round_function.\rotl$func$rtl/round_function.v:64$773.$result' from process `\round_function.$proc$rtl/round_function.v:64$1087'.
No latch inferred for signal `\round_function.\rotl$func$rtl/round_function.v:63$772.$result' from process `\round_function.$proc$rtl/round_function.v:63$1080'.
No latch inferred for signal `\round_function.\rotl$func$rtl/round_function.v:62$771.$result' from process `\round_function.$proc$rtl/round_function.v:62$1073'.
No latch inferred for signal `\round_function.\rotl$func$rtl/round_function.v:61$770.$result' from process `\round_function.$proc$rtl/round_function.v:61$1066'.
No latch inferred for signal `\round_function.\rotl$func$rtl/round_function.v:58$769.$result' from process `\round_function.$proc$rtl/round_function.v:58$1058'.
No latch inferred for signal `\round_function.\rotl$func$rtl/round_function.v:55$768.$result' from process `\round_function.$proc$rtl/round_function.v:55$1051'.
No latch inferred for signal `\round_function.\rotl$func$rtl/round_function.v:37$767.$result' from process `\round_function.$proc$rtl/round_function.v:37$1044'.
No latch inferred for signal `\round_function.\rotl$func$rtl/round_function.v:37$766.$result' from process `\round_function.$proc$rtl/round_function.v:37$1037'.
No latch inferred for signal `\round_function.\rotl$func$rtl/round_function.v:36$765.$result' from process `\round_function.$proc$rtl/round_function.v:36$1030'.
No latch inferred for signal `\round_function.\rotl$func$rtl/round_function.v:36$764.$result' from process `\round_function.$proc$rtl/round_function.v:36$1023'.
No latch inferred for signal `\round_function.\rotl$func$rtl/round_function.v:32$763.$result' from process `\round_function.$proc$rtl/round_function.v:32$1016'.
No latch inferred for signal `\round_function.\rotl$func$rtl/round_function.v:32$762.$result' from process `\round_function.$proc$rtl/round_function.v:32$1009'.
No latch inferred for signal `\round_function.\rotl$func$rtl/round_function.v:32$761.$result' from process `\round_function.$proc$rtl/round_function.v:32$1002'.
No latch inferred for signal `\round_function.\rotl$func$rtl/round_function.v:32$760.$result' from process `\round_function.$proc$rtl/round_function.v:32$995'.
No latch inferred for signal `\round_function.\rotl$func$rtl/round_function.v:31$759.$result' from process `\round_function.$proc$rtl/round_function.v:31$988'.
No latch inferred for signal `\round_function.\rotl$func$rtl/round_function.v:31$758.$result' from process `\round_function.$proc$rtl/round_function.v:31$981'.
No latch inferred for signal `\round_function.\rotl$func$rtl/round_function.v:31$757.$result' from process `\round_function.$proc$rtl/round_function.v:31$974'.
No latch inferred for signal `\round_function.\rotl$func$rtl/round_function.v:31$756.$result' from process `\round_function.$proc$rtl/round_function.v:31$967'.
No latch inferred for signal `\round_function.\rotl$func$rtl/round_function.v:30$755.$result' from process `\round_function.$proc$rtl/round_function.v:30$960'.
No latch inferred for signal `\round_function.\rotl$func$rtl/round_function.v:30$754.$result' from process `\round_function.$proc$rtl/round_function.v:30$953'.
No latch inferred for signal `\round_function.\rotl$func$rtl/round_function.v:30$753.$result' from process `\round_function.$proc$rtl/round_function.v:30$946'.
No latch inferred for signal `\round_function.\rotl$func$rtl/round_function.v:30$752.$result' from process `\round_function.$proc$rtl/round_function.v:30$939'.
No latch inferred for signal `\round_function.\rotl$func$rtl/round_function.v:29$751.$result' from process `\round_function.$proc$rtl/round_function.v:29$932'.
No latch inferred for signal `\round_function.\rotl$func$rtl/round_function.v:29$750.$result' from process `\round_function.$proc$rtl/round_function.v:29$925'.
No latch inferred for signal `\round_function.\rotl$func$rtl/round_function.v:29$749.$result' from process `\round_function.$proc$rtl/round_function.v:29$918'.
No latch inferred for signal `\round_function.\rotl$func$rtl/round_function.v:29$748.$result' from process `\round_function.$proc$rtl/round_function.v:29$911'.
No latch inferred for signal `\output_function.\make_output$func$rtl/output_function.v:42$527.$result' from process `\output_function.$proc$rtl/output_function.v:42$653'.
No latch inferred for signal `\output_function.\make_output$func$rtl/output_function.v:41$526.$result' from process `\output_function.$proc$rtl/output_function.v:41$558'.
No latch inferred for signal `\tempest_v3_top.\rotl$func$rtl/tempest_v3_top.v:55$381.$result' from process `\tempest_v3_top.$proc$rtl/tempest_v3_top.v:55$519'.
No latch inferred for signal `\tempest_v3_top.\inj_u' from process `\tempest_v3_top.$proc$rtl/tempest_v3_top.v:81$398'.
No latch inferred for signal `\tempest_v3_top.\inj_v' from process `\tempest_v3_top.$proc$rtl/tempest_v3_top.v:81$398'.
No latch inferred for signal `\tempest_v3_top.\inj_w' from process `\tempest_v3_top.$proc$rtl/tempest_v3_top.v:81$398'.
No latch inferred for signal `\tempest_v3_top.\inj_z' from process `\tempest_v3_top.$proc$rtl/tempest_v3_top.v:81$398'.

5.4.9. Executing PROC_DFF pass (convert process syncs to FFs).
Creating register for signal `\tempest_v3_top.\z' using process `\tempest_v3_top.$proc$rtl/tempest_v3_top.v:105$502'.
  created $adff cell `$procdff$2000' with positive edge clock and positive level reset.
Creating register for signal `\tempest_v3_top.\u' using process `\tempest_v3_top.$proc$rtl/tempest_v3_top.v:105$502'.
  created $adff cell `$procdff$2005' with positive edge clock and positive level reset.
Creating register for signal `\tempest_v3_top.\v' using process `\tempest_v3_top.$proc$rtl/tempest_v3_top.v:105$502'.
  created $adff cell `$procdff$2010' with positive edge clock and positive level reset.
Creating register for signal `\tempest_v3_top.\w' using process `\tempest_v3_top.$proc$rtl/tempest_v3_top.v:105$502'.
  created $adff cell `$procdff$2015' with positive edge clock and positive level reset.
Creating register for signal `\tempest_v3_top.\round_key' using process `\tempest_v3_top.$proc$rtl/tempest_v3_top.v:105$502'.
  created $adff cell `$procdff$2020' with positive edge clock and positive level reset.
Creating register for signal `\tempest_v3_top.\kw' using process `\tempest_v3_top.$proc$rtl/tempest_v3_top.v:105$502'.
  created $adff cell `$procdff$2025' with positive edge clock and positive level reset.
Creating register for signal `\tempest_v3_top.\k0' using process `\tempest_v3_top.$proc$rtl/tempest_v3_top.v:105$502'.
  created $dff cell `$procdff$2032' with positive edge clock.
Creating register for signal `\tempest_v3_top.\k1' using process `\tempest_v3_top.$proc$rtl/tempest_v3_top.v:105$502'.
  created $dff cell `$procdff$2039' with positive edge clock.
Creating register for signal `\tempest_v3_top.\k2' using process `\tempest_v3_top.$proc$rtl/tempest_v3_top.v:105$502'.
  created $dff cell `$procdff$2046' with positive edge clock.
Creating register for signal `\tempest_v3_top.\k3' using process `\tempest_v3_top.$proc$rtl/tempest_v3_top.v:105$502'.
  created $dff cell `$procdff$2053' with positive edge clock.
Creating register for signal `\tempest_v3_top.\n0' using process `\tempest_v3_top.$proc$rtl/tempest_v3_top.v:105$502'.
  created $dff cell `$procdff$2060' with positive edge clock.
Creating register for signal `\tempest_v3_top.\n1' using process `\tempest_v3_top.$proc$rtl/tempest_v3_top.v:105$502'.
  created $dff cell `$procdff$2067' with positive edge clock.
Creating register for signal `\tempest_v3_top.\state' using process `\tempest_v3_top.$proc$rtl/tempest_v3_top.v:105$502'.
  created $adff cell `$procdff$2072' with positive edge clock and positive level reset.
Creating register for signal `\tempest_v3_top.\cnt' using process `\tempest_v3_top.$proc$rtl/tempest_v3_top.v:105$502'.
  created $adff cell `$procdff$2077' with positive edge clock and positive level reset.
Creating register for signal `\tempest_v3_top.\rnd_data_reg' using process `\tempest_v3_top.$proc$rtl/tempest_v3_top.v:105$502'.
  created $adff cell `$procdff$2082' with positive edge clock and positive level reset.
Creating register for signal `\tempest_v3_top.\rnd_valid_reg' using process `\tempest_v3_top.$proc$rtl/tempest_v3_top.v:105$502'.
  created $adff cell `$procdff$2087' with positive edge clock and positive level reset.

5.4.10. Executing PROC_MEMWR pass (convert process memory writes to cells).

5.4.11. Executing PROC_CLEAN pass (remove empty switches from decision trees).
Removing empty process `andmix4.$proc$rtl/andmix4.v:68$1655'.
Removing empty process `andmix4.$proc$rtl/andmix4.v:68$1648'.
Removing empty process `andmix4.$proc$rtl/andmix4.v:67$1641'.
Removing empty process `andmix4.$proc$rtl/andmix4.v:67$1634'.
Removing empty process `andmix4.$proc$rtl/andmix4.v:66$1627'.
Removing empty process `andmix4.$proc$rtl/andmix4.v:66$1620'.
Removing empty process `andmix4.$proc$rtl/andmix4.v:65$1613'.
Removing empty process `andmix4.$proc$rtl/andmix4.v:65$1606'.
Removing empty process `andmix4.$proc$rtl/andmix4.v:60$1599'.
Removing empty process `andmix4.$proc$rtl/andmix4.v:60$1592'.
Removing empty process `andmix4.$proc$rtl/andmix4.v:59$1585'.
Removing empty process `andmix4.$proc$rtl/andmix4.v:59$1578'.
Removing empty process `andmix4.$proc$rtl/andmix4.v:58$1571'.
Removing empty process `andmix4.$proc$rtl/andmix4.v:58$1564'.
Removing empty process `andmix4.$proc$rtl/andmix4.v:57$1557'.
Removing empty process `andmix4.$proc$rtl/andmix4.v:57$1550'.
Removing empty process `andmix4.$proc$rtl/andmix4.v:51$1543'.
Removing empty process `andmix4.$proc$rtl/andmix4.v:51$1536'.
Removing empty process `andmix4.$proc$rtl/andmix4.v:50$1529'.
Removing empty process `andmix4.$proc$rtl/andmix4.v:50$1522'.
Removing empty process `andmix4.$proc$rtl/andmix4.v:49$1515'.
Removing empty process `andmix4.$proc$rtl/andmix4.v:49$1508'.
Removing empty process `andmix4.$proc$rtl/andmix4.v:48$1501'.
Removing empty process `andmix4.$proc$rtl/andmix4.v:48$1494'.
Removing empty process `andmix4.$proc$rtl/andmix4.v:42$1487'.
Removing empty process `andmix4.$proc$rtl/andmix4.v:42$1480'.
Removing empty process `andmix4.$proc$rtl/andmix4.v:41$1473'.
Removing empty process `andmix4.$proc$rtl/andmix4.v:41$1466'.
Removing empty process `andmix4.$proc$rtl/andmix4.v:40$1459'.
Removing empty process `andmix4.$proc$rtl/andmix4.v:40$1452'.
Removing empty process `andmix4.$proc$rtl/andmix4.v:39$1445'.
Removing empty process `andmix4.$proc$rtl/andmix4.v:39$1438'.
Removing empty process `andmix4.$proc$rtl/andmix4.v:33$1431'.
Removing empty process `andmix4.$proc$rtl/andmix4.v:33$1424'.
Removing empty process `andmix4.$proc$rtl/andmix4.v:32$1417'.
Removing empty process `andmix4.$proc$rtl/andmix4.v:32$1410'.
Removing empty process `andmix4.$proc$rtl/andmix4.v:31$1403'.
Removing empty process `andmix4.$proc$rtl/andmix4.v:31$1396'.
Removing empty process `andmix4.$proc$rtl/andmix4.v:30$1389'.
Removing empty process `andmix4.$proc$rtl/andmix4.v:30$1382'.
Removing empty process `round_function.$proc$rtl/round_function.v:94$1255'.
Removing empty process `round_function.$proc$rtl/round_function.v:94$1248'.
Removing empty process `round_function.$proc$rtl/round_function.v:93$1241'.
Removing empty process `round_function.$proc$rtl/round_function.v:93$1234'.
Removing empty process `round_function.$proc$rtl/round_function.v:92$1227'.
Removing empty process `round_function.$proc$rtl/round_function.v:92$1220'.
Removing empty process `round_function.$proc$rtl/round_function.v:91$1213'.
Removing empty process `round_function.$proc$rtl/round_function.v:91$1206'.
Removing empty process `round_function.$proc$rtl/round_function.v:79$1199'.
Removing empty process `round_function.$proc$rtl/round_function.v:79$1192'.
Removing empty process `round_function.$proc$rtl/round_function.v:79$1185'.
Removing empty process `round_function.$proc$rtl/round_function.v:79$1178'.
Removing empty process `round_function.$proc$rtl/round_function.v:78$1171'.
Removing empty process `round_function.$proc$rtl/round_function.v:78$1164'.
Removing empty process `round_function.$proc$rtl/round_function.v:78$1157'.
Removing empty process `round_function.$proc$rtl/round_function.v:78$1150'.
Removing empty process `round_function.$proc$rtl/round_function.v:77$1143'.
Removing empty process `round_function.$proc$rtl/round_function.v:77$1136'.
Removing empty process `round_function.$proc$rtl/round_function.v:77$1129'.
Removing empty process `round_function.$proc$rtl/round_function.v:77$1122'.
Removing empty process `round_function.$proc$rtl/round_function.v:76$1115'.
Removing empty process `round_function.$proc$rtl/round_function.v:76$1108'.
Removing empty process `round_function.$proc$rtl/round_function.v:76$1101'.
Removing empty process `round_function.$proc$rtl/round_function.v:76$1094'.
Removing empty process `round_function.$proc$rtl/round_function.v:64$1087'.
Removing empty process `round_function.$proc$rtl/round_function.v:63$1080'.
Removing empty process `round_function.$proc$rtl/round_function.v:62$1073'.
Removing empty process `round_function.$proc$rtl/round_function.v:61$1066'.
Removing empty process `round_function.$proc$rtl/round_function.v:58$1058'.
Removing empty process `round_function.$proc$rtl/round_function.v:55$1051'.
Removing empty process `round_function.$proc$rtl/round_function.v:37$1044'.
Removing empty process `round_function.$proc$rtl/round_function.v:37$1037'.
Removing empty process `round_function.$proc$rtl/round_function.v:36$1030'.
Removing empty process `round_function.$proc$rtl/round_function.v:36$1023'.
Removing empty process `round_function.$proc$rtl/round_function.v:32$1016'.
Removing empty process `round_function.$proc$rtl/round_function.v:32$1009'.
Removing empty process `round_function.$proc$rtl/round_function.v:32$1002'.
Removing empty process `round_function.$proc$rtl/round_function.v:32$995'.
Removing empty process `round_function.$proc$rtl/round_function.v:31$988'.
Removing empty process `round_function.$proc$rtl/round_function.v:31$981'.
Removing empty process `round_function.$proc$rtl/round_function.v:31$974'.
Removing empty process `round_function.$proc$rtl/round_function.v:31$967'.
Removing empty process `round_function.$proc$rtl/round_function.v:30$960'.
Removing empty process `round_function.$proc$rtl/round_function.v:30$953'.
Removing empty process `round_function.$proc$rtl/round_function.v:30$946'.
Removing empty process `round_function.$proc$rtl/round_function.v:30$939'.
Removing empty process `round_function.$proc$rtl/round_function.v:29$932'.
Removing empty process `round_function.$proc$rtl/round_function.v:29$925'.
Removing empty process `round_function.$proc$rtl/round_function.v:29$918'.
Removing empty process `round_function.$proc$rtl/round_function.v:29$911'.
Removing empty process `output_function.$proc$rtl/output_function.v:42$653'.
Removing empty process `output_function.$proc$rtl/output_function.v:41$558'.
Removing empty process `tempest_v3_top.$proc$rtl/tempest_v3_top.v:55$519'.
Found and cleaned up 4 empty switches in `\tempest_v3_top.$proc$rtl/tempest_v3_top.v:105$502'.
Removing empty process `tempest_v3_top.$proc$rtl/tempest_v3_top.v:105$502'.
Found and cleaned up 3 empty switches in `\tempest_v3_top.$proc$rtl/tempest_v3_top.v:81$398'.
Removing empty process `tempest_v3_top.$proc$rtl/tempest_v3_top.v:81$398'.
Cleaned up 7 empty switches.

5.4.12. Executing OPT_EXPR pass (perform const folding).
Optimizing module andmix4.
<suppressed ~80 debug messages>
Optimizing module round_function.
<suppressed ~106 debug messages>
Optimizing module output_function.
<suppressed ~58 debug messages>
Optimizing module tempest_v3_top.
<suppressed ~54 debug messages>

5.5. Executing CHECK pass (checking for obvious problems).
Checking module andmix4...
Checking module round_function...
Checking module output_function...
Checking module tempest_v3_top...
Found and reported 0 problems.

5.6. Executing FLATTEN pass (flatten design).
Deleting now unused module andmix4.
Deleting now unused module round_function.
Deleting now unused module output_function.
<suppressed ~3 debug messages>

5.7. Executing TRIBUF pass.

5.8. Executing DEMINOUT pass (demote inout ports to input or output).

5.9. Executing OPT_EXPR pass (perform const folding).
Optimizing module tempest_v3_top.
<suppressed ~4 debug messages>

5.10. Executing OPT_CLEAN pass (remove unused cells and wires).
Finding unused cells or wires in module \tempest_v3_top..
Removed 79 unused cells and 1148 unused wires.
<suppressed ~80 debug messages>

5.11. Executing CHECK pass (checking for obvious problems).
Checking module tempest_v3_top...
Found and reported 0 problems.

5.12. Executing OPT pass (performing simple optimizations).

5.12.1. Executing OPT_EXPR pass (perform const folding).
Optimizing module tempest_v3_top.

5.12.2. Executing OPT_MERGE pass (detect identical cells).
Finding identical cells in module `\tempest_v3_top'.
Computing hashes of 400 cells of `\tempest_v3_top'.
Finding duplicate cells in `\tempest_v3_top'.
Computing hashes of 359 cells of `\tempest_v3_top'.
Finding duplicate cells in `\tempest_v3_top'.
<suppressed ~123 debug messages>
Removed a total of 41 cells.

5.12.3. Executing OPT_MUXTREE pass (detect dead branches in mux trees).
Running muxtree optimizer on module \tempest_v3_top..
  Creating internal representation of mux trees.
  Evaluating internal representation of mux trees.
  Analyzing evaluation results.
    dead port 2/2 on $mux $procmux$1892.
    dead port 2/2 on $mux $procmux$1868.
    dead port 2/2 on $mux $procmux$1844.
    dead port 2/2 on $mux $procmux$1808.
    dead port 1/2 on $mux $procmux$1802.
    dead port 1/2 on $mux $procmux$1784.
    dead port 1/2 on $mux $procmux$1766.
Removed 7 multiplexer ports.
<suppressed ~68 debug messages>

5.12.4. Executing OPT_REDUCE pass (consolidate $*mux and $reduce_* inputs).
  Optimizing cells in module \tempest_v3_top.
    New ctrl vector for $pmux cell $procmux$1734: { $auto$opt_reduce.cc:137:opt_pmux$2106 $procmux$1761_CMP }
  Optimizing cells in module \tempest_v3_top.
Performed a total of 1 changes.

5.12.5. Executing OPT_MERGE pass (detect identical cells).
Finding identical cells in module `\tempest_v3_top'.
Computing hashes of 353 cells of `\tempest_v3_top'.
Finding duplicate cells in `\tempest_v3_top'.
Removed a total of 0 cells.

5.12.6. Executing OPT_DFF pass (perform DFF optimizations).

5.12.7. Executing OPT_CLEAN pass (remove unused cells and wires).
Finding unused cells or wires in module \tempest_v3_top..
Removed 0 unused cells and 48 unused wires.
<suppressed ~1 debug messages>

5.12.8. Executing OPT_EXPR pass (perform const folding).
Optimizing module tempest_v3_top.

5.12.9. Rerunning OPT passes. (Maybe there is more to do..)

5.12.10. Executing OPT_MUXTREE pass (detect dead branches in mux trees).
Running muxtree optimizer on module \tempest_v3_top..
  Creating internal representation of mux trees.
  Evaluating internal representation of mux trees.
  Analyzing evaluation results.
Removed 0 multiplexer ports.
<suppressed ~61 debug messages>

5.12.11. Executing OPT_REDUCE pass (consolidate $*mux and $reduce_* inputs).
  Optimizing cells in module \tempest_v3_top.
Performed a total of 0 changes.

5.12.12. Executing OPT_MERGE pass (detect identical cells).
Finding identical cells in module `\tempest_v3_top'.
Computing hashes of 353 cells of `\tempest_v3_top'.
Finding duplicate cells in `\tempest_v3_top'.
Removed a total of 0 cells.

5.12.13. Executing OPT_DFF pass (perform DFF optimizations).

5.12.14. Executing OPT_CLEAN pass (remove unused cells and wires).
Finding unused cells or wires in module \tempest_v3_top..

5.12.15. Executing OPT_EXPR pass (perform const folding).
Optimizing module tempest_v3_top.

5.12.16. Finished fast OPT passes. (There is nothing left to do.)

5.13. Executing FSM pass (extract and optimize FSM).

5.13.1. Executing FSM_DETECT pass (finding FSMs in design).
Not marking tempest_v3_top.state as FSM state register:
    Users of register don't seem to benefit from recoding.

5.13.2. Executing FSM_EXTRACT pass (extracting FSM from design).

5.13.3. Executing FSM_OPT pass (simple optimizations of FSMs).

5.13.4. Executing OPT_CLEAN pass (remove unused cells and wires).
Finding unused cells or wires in module \tempest_v3_top..

5.13.5. Executing FSM_OPT pass (simple optimizations of FSMs).

5.13.6. Executing FSM_RECODE pass (re-assigning FSM state encoding).

5.13.7. Executing FSM_INFO pass (dumping all available information on FSM cells).

5.13.8. Executing FSM_MAP pass (mapping FSMs to basic logic).

5.14. Executing OPT pass (performing simple optimizations).

5.14.1. Executing OPT_EXPR pass (perform const folding).
Optimizing module tempest_v3_top.

5.14.2. Executing OPT_MERGE pass (detect identical cells).
Finding identical cells in module `\tempest_v3_top'.
Computing hashes of 353 cells of `\tempest_v3_top'.
Finding duplicate cells in `\tempest_v3_top'.
Removed a total of 0 cells.

5.14.3. Executing OPT_MUXTREE pass (detect dead branches in mux trees).
Running muxtree optimizer on module \tempest_v3_top..
  Creating internal representation of mux trees.
  Evaluating internal representation of mux trees.
  Analyzing evaluation results.
Removed 0 multiplexer ports.
<suppressed ~61 debug messages>

5.14.4. Executing OPT_REDUCE pass (consolidate $*mux and $reduce_* inputs).
  Optimizing cells in module \tempest_v3_top.
Performed a total of 0 changes.

5.14.5. Executing OPT_MERGE pass (detect identical cells).
Finding identical cells in module `\tempest_v3_top'.
Computing hashes of 353 cells of `\tempest_v3_top'.
Finding duplicate cells in `\tempest_v3_top'.
Removed a total of 0 cells.

5.14.6. Executing OPT_DFF pass (perform DFF optimizations).
Adding EN signal on $procdff$2053 ($dff) from module tempest_v3_top (D = \init_key [255:192], Q = \k3).
Adding EN signal on $procdff$2077 ($adff) from module tempest_v3_top (D = $0\cnt[5:0], Q = \cnt).
Adding EN signal on $procdff$2046 ($dff) from module tempest_v3_top (D = \init_key [191:128], Q = \k2).
Adding EN signal on $procdff$2039 ($dff) from module tempest_v3_top (D = \init_key [127:64], Q = \k1).
Adding EN signal on $procdff$2060 ($dff) from module tempest_v3_top (D = \init_nonce [63:0], Q = \n0).
Adding EN signal on $procdff$2000 ($adff) from module tempest_v3_top (D = $0\z[63:0], Q = \z).
Adding EN signal on $procdff$2005 ($adff) from module tempest_v3_top (D = $0\u[63:0], Q = \u).
Adding EN signal on $procdff$2010 ($adff) from module tempest_v3_top (D = $0\v[63:0], Q = \v).
Adding EN signal on $procdff$2067 ($dff) from module tempest_v3_top (D = \init_nonce [127:64], Q = \n1).
Adding EN signal on $procdff$2015 ($adff) from module tempest_v3_top (D = $0\w[63:0], Q = \w).
Adding EN signal on $procdff$2020 ($adff) from module tempest_v3_top (D = $0\round_key[63:0], Q = \round_key).
Adding EN signal on $procdff$2082 ($adff) from module tempest_v3_top (D = { \o0 \o1 }, Q = \rnd_data_reg).
Adding EN signal on $procdff$2025 ($adff) from module tempest_v3_top (D = $0\kw[63:0], Q = \kw).
Adding EN signal on $procdff$2072 ($adff) from module tempest_v3_top (D = $0\state[2:0], Q = \state).
Adding EN signal on $procdff$2032 ($dff) from module tempest_v3_top (D = \init_key [63:0], Q = \k0).

5.14.7. Executing OPT_CLEAN pass (remove unused cells and wires).
Finding unused cells or wires in module \tempest_v3_top..
Removed 13 unused cells and 13 unused wires.
<suppressed ~14 debug messages>

5.14.8. Executing OPT_EXPR pass (perform const folding).
Optimizing module tempest_v3_top.
<suppressed ~8 debug messages>

5.14.9. Rerunning OPT passes. (Maybe there is more to do..)

5.14.10. Executing OPT_MUXTREE pass (detect dead branches in mux trees).
Running muxtree optimizer on module \tempest_v3_top..
  Creating internal representation of mux trees.
  Evaluating internal representation of mux trees.
  Analyzing evaluation results.
Removed 0 multiplexer ports.
<suppressed ~41 debug messages>

5.14.11. Executing OPT_REDUCE pass (consolidate $*mux and $reduce_* inputs).
  Optimizing cells in module \tempest_v3_top.
Performed a total of 0 changes.

5.14.12. Executing OPT_MERGE pass (detect identical cells).
Finding identical cells in module `\tempest_v3_top'.
Computing hashes of 361 cells of `\tempest_v3_top'.
Finding duplicate cells in `\tempest_v3_top'.
Computing hashes of 352 cells of `\tempest_v3_top'.
Finding duplicate cells in `\tempest_v3_top'.
<suppressed ~27 debug messages>
Removed a total of 9 cells.

5.14.13. Executing OPT_DFF pass (perform DFF optimizations).

5.14.14. Executing OPT_CLEAN pass (remove unused cells and wires).
Finding unused cells or wires in module \tempest_v3_top..
Removed 0 unused cells and 9 unused wires.
<suppressed ~1 debug messages>

5.14.15. Executing OPT_EXPR pass (perform const folding).
Optimizing module tempest_v3_top.

5.14.16. Rerunning OPT passes. (Maybe there is more to do..)

5.14.17. Executing OPT_MUXTREE pass (detect dead branches in mux trees).
Running muxtree optimizer on module \tempest_v3_top..
  Creating internal representation of mux trees.
  Evaluating internal representation of mux trees.
  Analyzing evaluation results.
Removed 0 multiplexer ports.
<suppressed ~41 debug messages>

5.14.18. Executing OPT_REDUCE pass (consolidate $*mux and $reduce_* inputs).
  Optimizing cells in module \tempest_v3_top.
Performed a total of 0 changes.

5.14.19. Executing OPT_MERGE pass (detect identical cells).
Finding identical cells in module `\tempest_v3_top'.
Computing hashes of 352 cells of `\tempest_v3_top'.
Finding duplicate cells in `\tempest_v3_top'.
Removed a total of 0 cells.

5.14.20. Executing OPT_DFF pass (perform DFF optimizations).

5.14.21. Executing OPT_CLEAN pass (remove unused cells and wires).
Finding unused cells or wires in module \tempest_v3_top..

5.14.22. Executing OPT_EXPR pass (perform const folding).
Optimizing module tempest_v3_top.

5.14.23. Finished fast OPT passes. (There is nothing left to do.)

5.15. Executing WREDUCE pass (reducing word size of cells).
Removed top 2 bits (of 6) from port B of cell tempest_v3_top.$lt$rtl/tempest_v3_top.v:83$419 ($lt).
Removed top 13 bits (of 64) from port B of cell tempest_v3_top.$xor$rtl/tempest_v3_top.v:87$472 ($xor).
Removed top 25 bits (of 32) from port A of cell tempest_v3_top.$sub$rtl/tempest_v3_top.v:50$474 ($sub).
Removed top 24 bits (of 32) from port Y of cell tempest_v3_top.$sub$rtl/tempest_v3_top.v:50$474 ($sub).
Removed top 13 bits (of 64) from port B of cell tempest_v3_top.$xor$rtl/tempest_v3_top.v:92$485 ($xor).
Removed top 33 bits (of 64) from port B of cell tempest_v3_top.$or$rtl/tempest_v3_top.v:50$488 ($or).
Removed top 45 bits (of 64) from port B of cell tempest_v3_top.$or$rtl/tempest_v3_top.v:50$497 ($or).
Removed top 58 bits (of 64) from port B of cell tempest_v3_top.$xor$rtl/tempest_v3_top.v:97$498 ($xor).
Removed top 21 bits (of 64) from port B of cell tempest_v3_top.$or$rtl/tempest_v3_top.v:50$501 ($or).
Removed top 1 bits (of 6) from port B of cell tempest_v3_top.$lt$rtl/tempest_v3_top.v:134$511 ($lt).
Removed top 1 bits (of 6) from port B of cell tempest_v3_top.$eq$rtl/tempest_v3_top.v:135$512 ($eq).
Removed top 5 bits (of 6) from port B of cell tempest_v3_top.$add$rtl/tempest_v3_top.v:136$513 ($add).
Removed top 45 bits (of 64) from port B of cell tempest_v3_top.$or$rtl/tempest_v3_top.v:50$525 ($or).
Removed top 1 bits (of 3) from port B of cell tempest_v3_top.$procmux$1759_CMP0 ($eq).
Removed top 1 bits (of 3) from port B of cell tempest_v3_top.$procmux$1760_CMP0 ($eq).
Removed top 2 bits (of 3) from port B of cell tempest_v3_top.$procmux$1761_CMP0 ($eq).
Removed top 41 bits (of 64) from port B of cell tempest_v3_top.$flatten\u_round.\u_andmix.$or$rtl/andmix4.v:22$1661 ($or).
Removed top 47 bits (of 64) from port B of cell tempest_v3_top.$flatten\u_round.\u_andmix.$or$rtl/andmix4.v:22$1598 ($or).
Removed top 33 bits (of 64) from port B of cell tempest_v3_top.$flatten\u_round.\u_andmix.$or$rtl/andmix4.v:22$1388 ($or).
Removed top 45 bits (of 64) from port B of cell tempest_v3_top.$flatten\u_round.\u_andmix.$or$rtl/andmix4.v:22$1479 ($or).
Removed top 57 bits (of 64) from port B of cell tempest_v3_top.$flatten\u_round.\u_andmix.$or$rtl/andmix4.v:22$1654 ($or).
Removed top 11 bits (of 64) from port B of cell tempest_v3_top.$flatten\u_round.\u_andmix.$or$rtl/andmix4.v:22$1395 ($or).
Removed top 59 bits (of 64) from port B of cell tempest_v3_top.$flatten\u_round.\u_andmix.$or$rtl/andmix4.v:22$1570 ($or).
Removed top 50 bits (of 64) from port B of cell tempest_v3_top.$flatten\u_round.\u_andmix.$or$rtl/andmix4.v:22$1521 ($or).
Removed top 47 bits (of 64) from port B of cell tempest_v3_top.$flatten\u_round.\u_andmix.$or$rtl/andmix4.v:22$1402 ($or).
Removed top 11 bits (of 64) from port B of cell tempest_v3_top.$flatten\u_round.\u_andmix.$or$rtl/andmix4.v:22$1647 ($or).
Removed top 33 bits (of 64) from port B of cell tempest_v3_top.$flatten\u_round.\u_andmix.$or$rtl/andmix4.v:22$1486 ($or).
Removed top 21 bits (of 64) from port B of cell tempest_v3_top.$flatten\u_round.\u_andmix.$or$rtl/andmix4.v:22$1409 ($or).
Removed top 11 bits (of 64) from port B of cell tempest_v3_top.$flatten\u_round.\u_andmix.$or$rtl/andmix4.v:22$1591 ($or).
Removed top 47 bits (of 64) from port B of cell tempest_v3_top.$flatten\u_round.\u_andmix.$or$rtl/andmix4.v:22$1640 ($or).
Removed top 57 bits (of 64) from port B of cell tempest_v3_top.$flatten\u_round.\u_andmix.$or$rtl/andmix4.v:22$1416 ($or).
Removed top 50 bits (of 64) from port B of cell tempest_v3_top.$flatten\u_round.\u_andmix.$or$rtl/andmix4.v:22$1549 ($or).
Removed top 11 bits (of 64) from port B of cell tempest_v3_top.$flatten\u_round.\u_andmix.$or$rtl/andmix4.v:22$1493 ($or).
Removed top 41 bits (of 64) from port B of cell tempest_v3_top.$flatten\u_round.\u_andmix.$or$rtl/andmix4.v:22$1423 ($or).
Removed top 11 bits (of 64) from port B of cell tempest_v3_top.$flatten\u_round.\u_andmix.$or$rtl/andmix4.v:22$1633 ($or).
Removed top 57 bits (of 64) from port B of cell tempest_v3_top.$flatten\u_round.\u_andmix.$or$rtl/andmix4.v:22$1556 ($or).
Removed top 59 bits (of 64) from port B of cell tempest_v3_top.$flatten\u_round.\u_andmix.$or$rtl/andmix4.v:22$1430 ($or).
Removed top 33 bits (of 64) from port B of cell tempest_v3_top.$flatten\u_round.\u_andmix.$or$rtl/andmix4.v:22$1584 ($or).
Removed top 33 bits (of 64) from port B of cell tempest_v3_top.$flatten\u_round.\u_andmix.$or$rtl/andmix4.v:22$1626 ($or).
Removed top 45 bits (of 64) from port B of cell tempest_v3_top.$flatten\u_round.\u_andmix.$or$rtl/andmix4.v:22$1437 ($or).
Removed top 48 bits (of 64) from port B of cell tempest_v3_top.$flatten\u_round.\u_andmix.$or$rtl/andmix4.v:22$1500 ($or).
Removed top 48 bits (of 64) from port B of cell tempest_v3_top.$flatten\u_round.\u_andmix.$or$rtl/andmix4.v:22$1528 ($or).
Removed top 47 bits (of 64) from port B of cell tempest_v3_top.$flatten\u_round.\u_andmix.$or$rtl/andmix4.v:22$1444 ($or).
Removed top 45 bits (of 64) from port B of cell tempest_v3_top.$flatten\u_round.\u_andmix.$or$rtl/andmix4.v:22$1619 ($or).
Removed top 41 bits (of 64) from port B of cell tempest_v3_top.$flatten\u_round.\u_andmix.$or$rtl/andmix4.v:22$1563 ($or).
Removed top 21 bits (of 64) from port B of cell tempest_v3_top.$flatten\u_round.\u_andmix.$or$rtl/andmix4.v:22$1451 ($or).
Removed top 50 bits (of 64) from port B of cell tempest_v3_top.$flatten\u_round.\u_andmix.$or$rtl/andmix4.v:22$1507 ($or).
Removed top 59 bits (of 64) from port B of cell tempest_v3_top.$flatten\u_round.\u_andmix.$or$rtl/andmix4.v:22$1612 ($or).
Removed top 57 bits (of 64) from port B of cell tempest_v3_top.$flatten\u_round.\u_andmix.$or$rtl/andmix4.v:22$1458 ($or).
Removed top 45 bits (of 64) from port B of cell tempest_v3_top.$flatten\u_round.\u_andmix.$or$rtl/andmix4.v:22$1577 ($or).
Removed top 48 bits (of 64) from port B of cell tempest_v3_top.$flatten\u_round.\u_andmix.$or$rtl/andmix4.v:22$1542 ($or).
Removed top 41 bits (of 64) from port B of cell tempest_v3_top.$flatten\u_round.\u_andmix.$or$rtl/andmix4.v:22$1465 ($or).
Removed top 21 bits (of 64) from port B of cell tempest_v3_top.$flatten\u_round.\u_andmix.$or$rtl/andmix4.v:22$1605 ($or).
Removed top 48 bits (of 64) from port B of cell tempest_v3_top.$flatten\u_round.\u_andmix.$or$rtl/andmix4.v:22$1514 ($or).
Removed top 59 bits (of 64) from port B of cell tempest_v3_top.$flatten\u_round.\u_andmix.$or$rtl/andmix4.v:22$1472 ($or).
Removed top 50 bits (of 64) from port B of cell tempest_v3_top.$flatten\u_round.\u_andmix.$or$rtl/andmix4.v:22$1535 ($or).
Removed top 38 bits (of 64) from port B of cell tempest_v3_top.$flatten\u_round.$or$rtl/round_function.v:19$1191 ($or).
Removed top 37 bits (of 64) from port B of cell tempest_v3_top.$flatten\u_round.$or$rtl/round_function.v:19$1015 ($or).
Removed top 33 bits (of 64) from port B of cell tempest_v3_top.$flatten\u_round.$or$rtl/round_function.v:19$1086 ($or).
Removed top 38 bits (of 64) from port B of cell tempest_v3_top.$flatten\u_round.$or$rtl/round_function.v:19$1107 ($or).
Removed top 57 bits (of 64) from port B of cell tempest_v3_top.$flatten\u_round.$or$rtl/round_function.v:19$1008 ($or).
Removed top 57 bits (of 64) from port B of cell tempest_v3_top.$flatten\u_round.$or$rtl/round_function.v:19$1198 ($or).
Removed top 38 bits (of 64) from port B of cell tempest_v3_top.$flatten\u_round.$or$rtl/round_function.v:19$1163 ($or).
Removed top 47 bits (of 64) from port B of cell tempest_v3_top.$flatten\u_round.$or$rtl/round_function.v:19$1001 ($or).
Removed top 45 bits (of 64) from port B of cell tempest_v3_top.$flatten\u_round.$or$rtl/round_function.v:19$1057 ($or).
Removed top 45 bits (of 64) from port B of cell tempest_v3_top.$flatten\u_round.$or$rtl/round_function.v:19$1205 ($or).
Removed top 49 bits (of 64) from port B of cell tempest_v3_top.$flatten\u_round.$or$rtl/round_function.v:19$994 ($or).
Removed top 57 bits (of 64) from port B of cell tempest_v3_top.$flatten\u_round.$or$rtl/round_function.v:19$1142 ($or).
Removed top 45 bits (of 64) from port B of cell tempest_v3_top.$flatten\u_round.$or$rtl/round_function.v:19$1079 ($or).
Removed top 55 bits (of 64) from port B of cell tempest_v3_top.$flatten\u_round.$or$rtl/round_function.v:19$987 ($or).
Removed top 61 bits (of 64) from port B of cell tempest_v3_top.$flatten\u_round.$or$rtl/round_function.v:19$1212 ($or).
Removed top 33 bits (of 64) from port B of cell tempest_v3_top.$flatten\u_round.$or$rtl/round_function.v:19$980 ($or).
Removed top 57 bits (of 64) from port B of cell tempest_v3_top.$flatten\u_round.$or$rtl/round_function.v:19$1170 ($or).
Removed top 55 bits (of 64) from port B of cell tempest_v3_top.$flatten\u_round.$or$rtl/round_function.v:19$1219 ($or).
Removed top 51 bits (of 64) from port B of cell tempest_v3_top.$flatten\u_round.$or$rtl/round_function.v:19$973 ($or).
Removed top 21 bits (of 64) from port B of cell tempest_v3_top.$flatten\u_round.$or$rtl/round_function.v:19$1093 ($or).
Removed top 59 bits (of 64) from port B of cell tempest_v3_top.$flatten\u_round.$or$rtl/round_function.v:19$1043 ($or).
Removed top 35 bits (of 64) from port B of cell tempest_v3_top.$flatten\u_round.$or$rtl/round_function.v:19$966 ($or).
Removed top 59 bits (of 64) from port B of cell tempest_v3_top.$flatten\u_round.$or$rtl/round_function.v:19$1226 ($or).
Removed top 45 bits (of 64) from port B of cell tempest_v3_top.$flatten\u_round.$or$rtl/round_function.v:19$1149 ($or).
Removed top 45 bits (of 64) from port B of cell tempest_v3_top.$flatten\u_round.$or$rtl/round_function.v:19$1177 ($or).
Removed top 53 bits (of 64) from port B of cell tempest_v3_top.$flatten\u_round.$or$rtl/round_function.v:19$1233 ($or).
Removed top 11 bits (of 64) from port B of cell tempest_v3_top.$flatten\u_round.$or$rtl/round_function.v:19$1036 ($or).
Removed top 57 bits (of 64) from port B of cell tempest_v3_top.$flatten\u_round.$or$rtl/round_function.v:19$1072 ($or).
Removed top 53 bits (of 64) from port B of cell tempest_v3_top.$flatten\u_round.$or$rtl/round_function.v:19$945 ($or).
Removed top 55 bits (of 64) from port B of cell tempest_v3_top.$flatten\u_round.$or$rtl/round_function.v:19$1240 ($or).
Removed top 38 bits (of 64) from port B of cell tempest_v3_top.$flatten\u_round.$or$rtl/round_function.v:19$1135 ($or).
Removed top 39 bits (of 64) from port B of cell tempest_v3_top.$flatten\u_round.$or$rtl/round_function.v:19$938 ($or).
Removed top 41 bits (of 64) from port B of cell tempest_v3_top.$flatten\u_round.$or$rtl/round_function.v:19$1029 ($or).
Removed top 51 bits (of 64) from port B of cell tempest_v3_top.$flatten\u_round.$or$rtl/round_function.v:19$1247 ($or).
Removed top 42 bits (of 64) from port B of cell tempest_v3_top.$flatten\u_round.$or$rtl/round_function.v:19$1184 ($or).
Removed top 42 bits (of 64) from port B of cell tempest_v3_top.$flatten\u_round.$or$rtl/round_function.v:19$1156 ($or).
Removed top 47 bits (of 64) from port B of cell tempest_v3_top.$flatten\u_round.$or$rtl/round_function.v:19$924 ($or).
Removed top 53 bits (of 64) from port B of cell tempest_v3_top.$flatten\u_round.$or$rtl/round_function.v:19$1254 ($or).
Removed top 43 bits (of 64) from port B of cell tempest_v3_top.$flatten\u_round.$or$rtl/round_function.v:19$1022 ($or).
Removed top 59 bits (of 64) from port B of cell tempest_v3_top.$flatten\u_round.$or$rtl/round_function.v:19$917 ($or).
Removed top 51 bits (of 64) from port B of cell tempest_v3_top.$flatten\u_round.$or$rtl/round_function.v:19$1065 ($or).
Removed top 47 bits (of 64) from port B of cell tempest_v3_top.$flatten\u_round.$or$rtl/round_function.v:19$1261 ($or).
Removed top 37 bits (of 64) from port B of cell tempest_v3_top.$flatten\u_round.$xor$rtl/round_function.v:64$886 ($xor).
Removed top 45 bits (of 64) from port B of cell tempest_v3_top.$flatten\u_round.$or$rtl/round_function.v:19$1121 ($or).
Removed top 29 bits (of 64) from port B of cell tempest_v3_top.$flatten\u_round.$xor$rtl/round_function.v:63$883 ($xor).
Removed top 42 bits (of 64) from port B of cell tempest_v3_top.$flatten\u_round.$or$rtl/round_function.v:19$1100 ($or).
Removed top 23 bits (of 64) from port B of cell tempest_v3_top.$flatten\u_round.$xor$rtl/round_function.v:62$880 ($xor).
Removed top 42 bits (of 64) from port B of cell tempest_v3_top.$flatten\u_round.$or$rtl/round_function.v:19$1128 ($or).
Removed top 17 bits (of 64) from port B of cell tempest_v3_top.$flatten\u_round.$xor$rtl/round_function.v:61$877 ($xor).
Removed top 57 bits (of 64) from port B of cell tempest_v3_top.$flatten\u_round.$or$rtl/round_function.v:19$1114 ($or).
Removed top 38 bits (of 64) from port B of cell tempest_v3_top.$flatten\u_output.$or$rtl/output_function.v:22$703 ($or).
Removed top 32 bits (of 64) from port B of cell tempest_v3_top.$flatten\u_output.$xor$rtl/output_function.v:37$652 ($xor).
Removed top 11 bits (of 64) from port B of cell tempest_v3_top.$flatten\u_output.$or$rtl/output_function.v:22$719 ($or).
Removed top 45 bits (of 64) from port B of cell tempest_v3_top.$flatten\u_output.$or$rtl/output_function.v:22$648 ($or).
Removed top 59 bits (of 64) from port B of cell tempest_v3_top.$flatten\u_output.$or$rtl/output_function.v:22$645 ($or).
Removed top 50 bits (of 64) from port B of cell tempest_v3_top.$flatten\u_output.$or$rtl/output_function.v:22$711 ($or).
Removed top 41 bits (of 64) from port B of cell tempest_v3_top.$flatten\u_output.$or$rtl/output_function.v:22$640 ($or).
Removed top 47 bits (of 64) from port B of cell tempest_v3_top.$flatten\u_output.$or$rtl/output_function.v:22$724 ($or).
Removed top 42 bits (of 64) from port B of cell tempest_v3_top.$flatten\u_output.$or$rtl/output_function.v:22$700 ($or).
Removed top 57 bits (of 64) from port B of cell tempest_v3_top.$flatten\u_output.$or$rtl/output_function.v:22$637 ($or).
Removed top 21 bits (of 64) from port B of cell tempest_v3_top.$flatten\u_output.$or$rtl/output_function.v:22$727 ($or).
Removed top 21 bits (of 64) from port B of cell tempest_v3_top.$flatten\u_output.$or$rtl/output_function.v:22$632 ($or).
Removed top 47 bits (of 64) from port B of cell tempest_v3_top.$flatten\u_output.$or$rtl/output_function.v:22$629 ($or).
Removed top 48 bits (of 64) from port B of cell tempest_v3_top.$flatten\u_output.$or$rtl/output_function.v:22$708 ($or).
Removed top 11 bits (of 64) from port B of cell tempest_v3_top.$flatten\u_output.$or$rtl/output_function.v:22$624 ($or).
Removed top 57 bits (of 64) from port B of cell tempest_v3_top.$flatten\u_output.$or$rtl/output_function.v:22$732 ($or).
Removed top 33 bits (of 64) from port B of cell tempest_v3_top.$flatten\u_output.$or$rtl/output_function.v:22$621 ($or).
Removed top 41 bits (of 64) from port B of cell tempest_v3_top.$flatten\u_output.$or$rtl/output_function.v:22$735 ($or).
Removed top 50 bits (of 64) from port B of cell tempest_v3_top.$flatten\u_output.$or$rtl/output_function.v:22$616 ($or).
Removed top 48 bits (of 64) from port B of cell tempest_v3_top.$flatten\u_output.$or$rtl/output_function.v:22$613 ($or).
Removed top 48 bits (of 64) from port B of cell tempest_v3_top.$flatten\u_output.$or$rtl/output_function.v:22$694 ($or).
Removed top 38 bits (of 64) from port B of cell tempest_v3_top.$flatten\u_output.$or$rtl/output_function.v:22$608 ($or).
Removed top 59 bits (of 64) from port B of cell tempest_v3_top.$flatten\u_output.$or$rtl/output_function.v:22$740 ($or).
Removed top 33 bits (of 64) from port B of cell tempest_v3_top.$flatten\u_output.$or$rtl/output_function.v:22$716 ($or).
Removed top 42 bits (of 64) from port B of cell tempest_v3_top.$flatten\u_output.$or$rtl/output_function.v:22$605 ($or).
Removed top 32 bits (of 64) from port B of cell tempest_v3_top.$flatten\u_output.$or$rtl/output_function.v:22$691 ($or).
Removed top 45 bits (of 64) from port B of cell tempest_v3_top.$flatten\u_output.$or$rtl/output_function.v:22$743 ($or).
Removed top 48 bits (of 64) from port B of cell tempest_v3_top.$flatten\u_output.$or$rtl/output_function.v:22$599 ($or).
Removed top 32 bits (of 64) from port B of cell tempest_v3_top.$flatten\u_output.$or$rtl/output_function.v:22$596 ($or).
Removed top 32 bits (of 64) from port B of cell tempest_v3_top.$flatten\u_output.$xor$rtl/output_function.v:37$747 ($xor).

5.16. Executing PEEPOPT pass (run peephole optimizers).

5.17. Executing OPT_CLEAN pass (remove unused cells and wires).
Finding unused cells or wires in module \tempest_v3_top..

5.18. Executing SHARE pass (SAT-based resource sharing).
Found 8 cells in module tempest_v3_top that may be considered for resource sharing.
  Analyzing resource sharing options for $shl$rtl/tempest_v3_top.v:50$456 ($shl):
    Found 1 activation_patterns using ctrl signal { $procmux$1675_CMP $lt$rtl/tempest_v3_top.v:83$419_Y \cnt [0] }.
    Found 3 candidates: $shl$rtl/tempest_v3_top.v:50$461 $shl$rtl/tempest_v3_top.v:50$467 $shl$rtl/tempest_v3_top.v:50$473
    Analyzing resource sharing with $shl$rtl/tempest_v3_top.v:50$461 ($shl):
      Found 1 activation_patterns using ctrl signal { $procmux$1675_CMP $lt$rtl/tempest_v3_top.v:83$419_Y \cnt [0] }.
      Activation pattern for cell $shl$rtl/tempest_v3_top.v:50$456: { $procmux$1675_CMP $lt$rtl/tempest_v3_top.v:83$419_Y \cnt [0] } = 3'111
      Activation pattern for cell $shl$rtl/tempest_v3_top.v:50$461: { $procmux$1675_CMP $lt$rtl/tempest_v3_top.v:83$419_Y \cnt [0] } = 3'111
      Size of SAT problem: 2 cells, 45 variables, 103 clauses
      According to the SAT solver this pair of cells can not be shared.
      Model from SAT solver: { $procmux$1675_CMP $lt$rtl/tempest_v3_top.v:83$419_Y \cnt [0] } = 3'111
    Analyzing resource sharing with $shl$rtl/tempest_v3_top.v:50$467 ($shl):
      Found 1 activation_patterns using ctrl signal { $procmux$1675_CMP $lt$rtl/tempest_v3_top.v:83$419_Y \cnt [0] }.
      Activation pattern for cell $shl$rtl/tempest_v3_top.v:50$456: { $procmux$1675_CMP $lt$rtl/tempest_v3_top.v:83$419_Y \cnt [0] } = 3'111
      Activation pattern for cell $shl$rtl/tempest_v3_top.v:50$467: { $procmux$1675_CMP $lt$rtl/tempest_v3_top.v:83$419_Y \cnt [0] } = 3'111
      Size of SAT problem: 2 cells, 45 variables, 103 clauses
      According to the SAT solver this pair of cells can not be shared.
      Model from SAT solver: { $procmux$1675_CMP $lt$rtl/tempest_v3_top.v:83$419_Y \cnt [0] } = 3'111
    Analyzing resource sharing with $shl$rtl/tempest_v3_top.v:50$473 ($shl):
      Found 1 activation_patterns using ctrl signal { $procmux$1675_CMP $lt$rtl/tempest_v3_top.v:83$419_Y \cnt [0] }.
      Activation pattern for cell $shl$rtl/tempest_v3_top.v:50$456: { $procmux$1675_CMP $lt$rtl/tempest_v3_top.v:83$419_Y \cnt [0] } = 3'111
      Activation pattern for cell $shl$rtl/tempest_v3_top.v:50$473: { $procmux$1675_CMP $lt$rtl/tempest_v3_top.v:83$419_Y \cnt [0] } = 3'111
      Size of SAT problem: 2 cells, 45 variables, 103 clauses
      According to the SAT solver this pair of cells can not be shared.
      Model from SAT solver: { $procmux$1675_CMP $lt$rtl/tempest_v3_top.v:83$419_Y \cnt [0] } = 3'111
  Analyzing resource sharing options for $shr$rtl/tempest_v3_top.v:50$458 ($shr):
    Found 1 activation_patterns using ctrl signal { $procmux$1675_CMP $lt$rtl/tempest_v3_top.v:83$419_Y \cnt [0] }.
    Found 3 candidates: $shr$rtl/tempest_v3_top.v:50$463 $shr$rtl/tempest_v3_top.v:50$469 $shr$rtl/tempest_v3_top.v:50$475
    Analyzing resource sharing with $shr$rtl/tempest_v3_top.v:50$463 ($shr):
      Found 1 activation_patterns using ctrl signal { $procmux$1675_CMP $lt$rtl/tempest_v3_top.v:83$419_Y \cnt [0] }.
      Activation pattern for cell $shr$rtl/tempest_v3_top.v:50$458: { $procmux$1675_CMP $lt$rtl/tempest_v3_top.v:83$419_Y \cnt [0] } = 3'111
      Activation pattern for cell $shr$rtl/tempest_v3_top.v:50$463: { $procmux$1675_CMP $lt$rtl/tempest_v3_top.v:83$419_Y \cnt [0] } = 3'111
      Size of SAT problem: 2 cells, 45 variables, 103 clauses
      According to the SAT solver this pair of cells can not be shared.
      Model from SAT solver: { $procmux$1675_CMP $lt$rtl/tempest_v3_top.v:83$419_Y \cnt [0] } = 3'111
    Analyzing resource sharing with $shr$rtl/tempest_v3_top.v:50$469 ($shr):
      Found 1 activation_patterns using ctrl signal { $procmux$1675_CMP $lt$rtl/tempest_v3_top.v:83$419_Y \cnt [0] }.
      Activation pattern for cell $shr$rtl/tempest_v3_top.v:50$458: { $procmux$1675_CMP $lt$rtl/tempest_v3_top.v:83$419_Y \cnt [0] } = 3'111
      Activation pattern for cell $shr$rtl/tempest_v3_top.v:50$469: { $procmux$1675_CMP $lt$rtl/tempest_v3_top.v:83$419_Y \cnt [0] } = 3'111
      Size of SAT problem: 2 cells, 45 variables, 103 clauses
      According to the SAT solver this pair of cells can not be shared.
      Model from SAT solver: { $procmux$1675_CMP $lt$rtl/tempest_v3_top.v:83$419_Y \cnt [0] } = 3'111
    Analyzing resource sharing with $shr$rtl/tempest_v3_top.v:50$475 ($shr):
      Found 1 activation_patterns using ctrl signal { $procmux$1675_CMP $lt$rtl/tempest_v3_top.v:83$419_Y \cnt [0] }.
      Activation pattern for cell $shr$rtl/tempest_v3_top.v:50$458: { $procmux$1675_CMP $lt$rtl/tempest_v3_top.v:83$419_Y \cnt [0] } = 3'111
      Activation pattern for cell $shr$rtl/tempest_v3_top.v:50$475: { $procmux$1675_CMP $lt$rtl/tempest_v3_top.v:83$419_Y \cnt [0] } = 3'111
      Size of SAT problem: 2 cells, 45 variables, 103 clauses
      According to the SAT solver this pair of cells can not be shared.
      Model from SAT solver: { $procmux$1675_CMP $lt$rtl/tempest_v3_top.v:83$419_Y \cnt [0] } = 3'111
  Analyzing resource sharing options for $shl$rtl/tempest_v3_top.v:50$461 ($shl):
    Found 1 activation_patterns using ctrl signal { $procmux$1675_CMP $lt$rtl/tempest_v3_top.v:83$419_Y \cnt [0] }.
    Found 2 candidates: $shl$rtl/tempest_v3_top.v:50$467 $shl$rtl/tempest_v3_top.v:50$473
    Analyzing resource sharing with $shl$rtl/tempest_v3_top.v:50$467 ($shl):
      Found 1 activation_patterns using ctrl signal { $procmux$1675_CMP $lt$rtl/tempest_v3_top.v:83$419_Y \cnt [0] }.
      Activation pattern for cell $shl$rtl/tempest_v3_top.v:50$461: { $procmux$1675_CMP $lt$rtl/tempest_v3_top.v:83$419_Y \cnt [0] } = 3'111
      Activation pattern for cell $shl$rtl/tempest_v3_top.v:50$467: { $procmux$1675_CMP $lt$rtl/tempest_v3_top.v:83$419_Y \cnt [0] } = 3'111
      Size of SAT problem: 2 cells, 45 variables, 103 clauses
      According to the SAT solver this pair of cells can not be shared.
      Model from SAT solver: { $procmux$1675_CMP $lt$rtl/tempest_v3_top.v:83$419_Y \cnt [0] } = 3'111
    Analyzing resource sharing with $shl$rtl/tempest_v3_top.v:50$473 ($shl):
      Found 1 activation_patterns using ctrl signal { $procmux$1675_CMP $lt$rtl/tempest_v3_top.v:83$419_Y \cnt [0] }.
      Activation pattern for cell $shl$rtl/tempest_v3_top.v:50$461: { $procmux$1675_CMP $lt$rtl/tempest_v3_top.v:83$419_Y \cnt [0] } = 3'111
      Activation pattern for cell $shl$rtl/tempest_v3_top.v:50$473: { $procmux$1675_CMP $lt$rtl/tempest_v3_top.v:83$419_Y \cnt [0] } = 3'111
      Size of SAT problem: 2 cells, 45 variables, 103 clauses
      According to the SAT solver this pair of cells can not be shared.
      Model from SAT solver: { $procmux$1675_CMP $lt$rtl/tempest_v3_top.v:83$419_Y \cnt [0] } = 3'111
  Analyzing resource sharing options for $shr$rtl/tempest_v3_top.v:50$463 ($shr):
    Found 1 activation_patterns using ctrl signal { $procmux$1675_CMP $lt$rtl/tempest_v3_top.v:83$419_Y \cnt [0] }.
    Found 2 candidates: $shr$rtl/tempest_v3_top.v:50$469 $shr$rtl/tempest_v3_top.v:50$475
    Analyzing resource sharing with $shr$rtl/tempest_v3_top.v:50$469 ($shr):
      Found 1 activation_patterns using ctrl signal { $procmux$1675_CMP $lt$rtl/tempest_v3_top.v:83$419_Y \cnt [0] }.
      Activation pattern for cell $shr$rtl/tempest_v3_top.v:50$463: { $procmux$1675_CMP $lt$rtl/tempest_v3_top.v:83$419_Y \cnt [0] } = 3'111
      Activation pattern for cell $shr$rtl/tempest_v3_top.v:50$469: { $procmux$1675_CMP $lt$rtl/tempest_v3_top.v:83$419_Y \cnt [0] } = 3'111
      Size of SAT problem: 2 cells, 45 variables, 103 clauses
      According to the SAT solver this pair of cells can not be shared.
      Model from SAT solver: { $procmux$1675_CMP $lt$rtl/tempest_v3_top.v:83$419_Y \cnt [0] } = 3'111
    Analyzing resource sharing with $shr$rtl/tempest_v3_top.v:50$475 ($shr):
      Found 1 activation_patterns using ctrl signal { $procmux$1675_CMP $lt$rtl/tempest_v3_top.v:83$419_Y \cnt [0] }.
      Activation pattern for cell $shr$rtl/tempest_v3_top.v:50$463: { $procmux$1675_CMP $lt$rtl/tempest_v3_top.v:83$419_Y \cnt [0] } = 3'111
      Activation pattern for cell $shr$rtl/tempest_v3_top.v:50$475: { $procmux$1675_CMP $lt$rtl/tempest_v3_top.v:83$419_Y \cnt [0] } = 3'111
      Size of SAT problem: 2 cells, 45 variables, 103 clauses
      According to the SAT solver this pair of cells can not be shared.
      Model from SAT solver: { $procmux$1675_CMP $lt$rtl/tempest_v3_top.v:83$419_Y \cnt [0] } = 3'111
  Analyzing resource sharing options for $shl$rtl/tempest_v3_top.v:50$467 ($shl):
    Found 1 activation_patterns using ctrl signal { $procmux$1675_CMP $lt$rtl/tempest_v3_top.v:83$419_Y \cnt [0] }.
    Found 1 candidates: $shl$rtl/tempest_v3_top.v:50$473
    Analyzing resource sharing with $shl$rtl/tempest_v3_top.v:50$473 ($shl):
      Found 1 activation_patterns using ctrl signal { $procmux$1675_CMP $lt$rtl/tempest_v3_top.v:83$419_Y \cnt [0] }.
      Activation pattern for cell $shl$rtl/tempest_v3_top.v:50$467: { $procmux$1675_CMP $lt$rtl/tempest_v3_top.v:83$419_Y \cnt [0] } = 3'111
      Activation pattern for cell $shl$rtl/tempest_v3_top.v:50$473: { $procmux$1675_CMP $lt$rtl/tempest_v3_top.v:83$419_Y \cnt [0] } = 3'111
      Size of SAT problem: 2 cells, 45 variables, 103 clauses
      According to the SAT solver this pair of cells can not be shared.
      Model from SAT solver: { $procmux$1675_CMP $lt$rtl/tempest_v3_top.v:83$419_Y \cnt [0] } = 3'111
  Analyzing resource sharing options for $shr$rtl/tempest_v3_top.v:50$469 ($shr):
    Found 1 activation_patterns using ctrl signal { $procmux$1675_CMP $lt$rtl/tempest_v3_top.v:83$419_Y \cnt [0] }.
    Found 1 candidates: $shr$rtl/tempest_v3_top.v:50$475
    Analyzing resource sharing with $shr$rtl/tempest_v3_top.v:50$475 ($shr):
      Found 1 activation_patterns using ctrl signal { $procmux$1675_CMP $lt$rtl/tempest_v3_top.v:83$419_Y \cnt [0] }.
      Activation pattern for cell $shr$rtl/tempest_v3_top.v:50$469: { $procmux$1675_CMP $lt$rtl/tempest_v3_top.v:83$419_Y \cnt [0] } = 3'111
      Activation pattern for cell $shr$rtl/tempest_v3_top.v:50$475: { $procmux$1675_CMP $lt$rtl/tempest_v3_top.v:83$419_Y \cnt [0] } = 3'111
      Size of SAT problem: 2 cells, 45 variables, 103 clauses
      According to the SAT solver this pair of cells can not be shared.
      Model from SAT solver: { $procmux$1675_CMP $lt$rtl/tempest_v3_top.v:83$419_Y \cnt [0] } = 3'111
  Analyzing resource sharing options for $shl$rtl/tempest_v3_top.v:50$473 ($shl):
    Found 1 activation_patterns using ctrl signal { $procmux$1675_CMP $lt$rtl/tempest_v3_top.v:83$419_Y \cnt [0] }.
    No candidates found.
  Analyzing resource sharing options for $shr$rtl/tempest_v3_top.v:50$475 ($shr):
    Found 1 activation_patterns using ctrl signal { $procmux$1675_CMP $lt$rtl/tempest_v3_top.v:83$419_Y \cnt [0] }.
    No candidates found.

5.19. Executing TECHMAP pass (map to technology primitives).

5.19.1. Executing Verilog-2005 frontend: F:\lunwen\tools\oss-cad-suite\bin\../share/yosys/cmp2lut.v
Parsing Verilog input from `F:\lunwen\tools\oss-cad-suite\bin\../share/yosys/cmp2lut.v' to AST representation.
Generating RTLIL representation for module `\_90_lut_cmp_'.
Successfully finished Verilog frontend.

5.19.2. Continuing TECHMAP pass.
No more expansions possible.
<suppressed ~62 debug messages>

5.20. Executing OPT_EXPR pass (perform const folding).
Optimizing module tempest_v3_top.

5.21. Executing OPT_CLEAN pass (remove unused cells and wires).
Finding unused cells or wires in module \tempest_v3_top..

5.22. Executing ALUMACC pass (create $alu and $macc cells).
Extracting $alu and $macc cells in module tempest_v3_top:
  creating $macc model for $add$rtl/tempest_v3_top.v:136$513 ($add).
  creating $macc model for $sub$rtl/tempest_v3_top.v:50$474 ($sub).
  creating $alu model for $macc $sub$rtl/tempest_v3_top.v:50$474.
  creating $alu model for $macc $add$rtl/tempest_v3_top.v:136$513.
  creating $alu model for $lt$rtl/tempest_v3_top.v:134$511 ($lt): new $alu
  creating $alu model for $lt$rtl/tempest_v3_top.v:83$419 ($lt): new $alu
  creating $alu cell for $lt$rtl/tempest_v3_top.v:83$419: $auto$alumacc.cc:548:replace_alu$2167
  creating $alu cell for $lt$rtl/tempest_v3_top.v:134$511: $auto$alumacc.cc:548:replace_alu$2172
  creating $alu cell for $add$rtl/tempest_v3_top.v:136$513: $auto$alumacc.cc:548:replace_alu$2177
  creating $alu cell for $sub$rtl/tempest_v3_top.v:50$474: $auto$alumacc.cc:548:replace_alu$2180
  created 4 $alu and 0 $macc cells.

5.23. Executing OPT pass (performing simple optimizations).

5.23.1. Executing OPT_EXPR pass (perform const folding).
Optimizing module tempest_v3_top.
<suppressed ~8 debug messages>

5.23.2. Executing OPT_MERGE pass (detect identical cells).
Finding identical cells in module `\tempest_v3_top'.
Computing hashes of 354 cells of `\tempest_v3_top'.
Finding duplicate cells in `\tempest_v3_top'.
Removed a total of 0 cells.

5.23.3. Executing OPT_MUXTREE pass (detect dead branches in mux trees).
Running muxtree optimizer on module \tempest_v3_top..
  Creating internal representation of mux trees.
  Evaluating internal representation of mux trees.
  Analyzing evaluation results.
Removed 0 multiplexer ports.
<suppressed ~41 debug messages>

5.23.4. Executing OPT_REDUCE pass (consolidate $*mux and $reduce_* inputs).
  Optimizing cells in module \tempest_v3_top.
Performed a total of 0 changes.

5.23.5. Executing OPT_MERGE pass (detect identical cells).
Finding identical cells in module `\tempest_v3_top'.
Computing hashes of 354 cells of `\tempest_v3_top'.
Finding duplicate cells in `\tempest_v3_top'.
Removed a total of 0 cells.

5.23.6. Executing OPT_DFF pass (perform DFF optimizations).

5.23.7. Executing OPT_CLEAN pass (remove unused cells and wires).
Finding unused cells or wires in module \tempest_v3_top..
Removed 1 unused cells and 3 unused wires.
<suppressed ~2 debug messages>

5.23.8. Executing OPT_EXPR pass (perform const folding).
Optimizing module tempest_v3_top.

5.23.9. Rerunning OPT passes. (Maybe there is more to do..)

5.23.10. Executing OPT_MUXTREE pass (detect dead branches in mux trees).
Running muxtree optimizer on module \tempest_v3_top..
  Creating internal representation of mux trees.
  Evaluating internal representation of mux trees.
  Analyzing evaluation results.
Removed 0 multiplexer ports.
<suppressed ~41 debug messages>

5.23.11. Executing OPT_REDUCE pass (consolidate $*mux and $reduce_* inputs).
  Optimizing cells in module \tempest_v3_top.
Performed a total of 0 changes.

5.23.12. Executing OPT_MERGE pass (detect identical cells).
Finding identical cells in module `\tempest_v3_top'.
Computing hashes of 353 cells of `\tempest_v3_top'.
Finding duplicate cells in `\tempest_v3_top'.
Removed a total of 0 cells.

5.23.13. Executing OPT_DFF pass (perform DFF optimizations).

5.23.14. Executing OPT_CLEAN pass (remove unused cells and wires).
Finding unused cells or wires in module \tempest_v3_top..

5.23.15. Executing OPT_EXPR pass (perform const folding).
Optimizing module tempest_v3_top.

5.23.16. Finished fast OPT passes. (There is nothing left to do.)

5.24. Executing MEMORY pass.

5.24.1. Executing OPT_MEM pass (optimize memories).
Performed a total of 0 transformations.

5.24.2. Executing OPT_MEM_PRIORITY pass (removing unnecessary memory write priority relations).
Performed a total of 0 transformations.

5.24.3. Executing OPT_MEM_FEEDBACK pass (finding memory read-to-write feedback paths).

5.24.4. Executing MEMORY_BMUX2ROM pass (converting muxes to ROMs).

5.24.5. Executing MEMORY_DFF pass (merging $dff cells to $memrd).

5.24.6. Executing OPT_CLEAN pass (remove unused cells and wires).
Finding unused cells or wires in module \tempest_v3_top..

5.24.7. Executing MEMORY_SHARE pass (consolidating $memrd/$memwr cells).

5.24.8. Executing OPT_MEM_WIDEN pass (optimize memories where all ports are wide).
Performed a total of 0 transformations.

5.24.9. Executing OPT_CLEAN pass (remove unused cells and wires).
Finding unused cells or wires in module \tempest_v3_top..

5.24.10. Executing MEMORY_COLLECT pass (generating $mem cells).

5.25. Executing OPT_CLEAN pass (remove unused cells and wires).
Finding unused cells or wires in module \tempest_v3_top..

5.26. Executing MEMORY_LIBMAP pass (mapping memories to cells).

5.27. Executing TECHMAP pass (map to technology primitives).

5.27.1. Executing Verilog-2005 frontend: F:\lunwen\tools\oss-cad-suite\bin\../share/yosys/ice40/brams_map.v
Parsing Verilog input from `F:\lunwen\tools\oss-cad-suite\bin\../share/yosys/ice40/brams_map.v' to AST representation.
Generating RTLIL representation for module `$__ICE40_RAM4K_'.
Successfully finished Verilog frontend.

5.27.2. Executing Verilog-2005 frontend: F:\lunwen\tools\oss-cad-suite\bin\../share/yosys/ice40/spram_map.v
Parsing Verilog input from `F:\lunwen\tools\oss-cad-suite\bin\../share/yosys/ice40/spram_map.v' to AST representation.
Generating RTLIL representation for module `$__ICE40_SPRAM_'.
Successfully finished Verilog frontend.

5.27.3. Continuing TECHMAP pass.
No more expansions possible.
<suppressed ~4 debug messages>

5.28. Executing ICE40_BRAMINIT pass.

5.29. Executing OPT pass (performing simple optimizations).

5.29.1. Executing OPT_EXPR pass (perform const folding).
Optimizing module tempest_v3_top.
<suppressed ~87 debug messages>

5.29.2. Executing OPT_MERGE pass (detect identical cells).
Finding identical cells in module `\tempest_v3_top'.
Computing hashes of 354 cells of `\tempest_v3_top'.
Finding duplicate cells in `\tempest_v3_top'.
Computing hashes of 351 cells of `\tempest_v3_top'.
Finding duplicate cells in `\tempest_v3_top'.
<suppressed ~9 debug messages>
Removed a total of 3 cells.

5.29.3. Executing OPT_DFF pass (perform DFF optimizations).

5.29.4. Executing OPT_CLEAN pass (remove unused cells and wires).
Finding unused cells or wires in module \tempest_v3_top..
Removed 4 unused cells and 38 unused wires.
<suppressed ~5 debug messages>

5.29.5. Finished fast OPT passes.

5.30. Executing MEMORY_MAP pass (converting memories to logic and flip-flops).

5.31. Executing OPT pass (performing simple optimizations).

5.31.1. Executing OPT_EXPR pass (perform const folding).
Optimizing module tempest_v3_top.

5.31.2. Executing OPT_MERGE pass (detect identical cells).
Finding identical cells in module `\tempest_v3_top'.
Computing hashes of 347 cells of `\tempest_v3_top'.
Finding duplicate cells in `\tempest_v3_top'.
Removed a total of 0 cells.

5.31.3. Executing OPT_MUXTREE pass (detect dead branches in mux trees).
Running muxtree optimizer on module \tempest_v3_top..
  Creating internal representation of mux trees.
  Evaluating internal representation of mux trees.
  Analyzing evaluation results.
Removed 0 multiplexer ports.
<suppressed ~35 debug messages>

5.31.4. Executing OPT_REDUCE pass (consolidate $*mux and $reduce_* inputs).
  Optimizing cells in module \tempest_v3_top.
Performed a total of 0 changes.

5.31.5. Executing OPT_MERGE pass (detect identical cells).
Finding identical cells in module `\tempest_v3_top'.
Computing hashes of 347 cells of `\tempest_v3_top'.
Finding duplicate cells in `\tempest_v3_top'.
Removed a total of 0 cells.

5.31.6. Executing OPT_DFF pass (perform DFF optimizations).

5.31.7. Executing OPT_CLEAN pass (remove unused cells and wires).
Finding unused cells or wires in module \tempest_v3_top..

5.31.8. Executing OPT_EXPR pass (perform const folding).
Optimizing module tempest_v3_top.

5.31.9. Finished fast OPT passes. (There is nothing left to do.)

5.32. Executing ICE40_WRAPCARRY pass (wrap carries).

5.33. Executing TECHMAP pass (map to technology primitives).

5.33.1. Executing Verilog-2005 frontend: F:\lunwen\tools\oss-cad-suite\bin\../share/yosys/techmap.v
Parsing Verilog input from `F:\lunwen\tools\oss-cad-suite\bin\../share/yosys/techmap.v' to AST representation.
Generating RTLIL representation for module `\_90_simplemap_bool_ops'.
Generating RTLIL representation for module `\_90_simplemap_reduce_ops'.
Generating RTLIL representation for module `\_90_simplemap_logic_ops'.
Generating RTLIL representation for module `\_90_simplemap_compare_ops'.
Generating RTLIL representation for module `\_90_simplemap_various'.
Generating RTLIL representation for module `\_90_simplemap_registers'.
Generating RTLIL representation for module `\_90_shift_ops_shr_shl_sshl_sshr'.
Generating RTLIL representation for module `\_90_shift_shiftx'.
Generating RTLIL representation for module `\_90_fa'.
Generating RTLIL representation for module `\_90_lcu_brent_kung'.
Generating RTLIL representation for module `\_90_alu'.
Generating RTLIL representation for module `\_90_macc'.
Generating RTLIL representation for module `\_90_alumacc'.
Generating RTLIL representation for module `$__div_mod_u'.
Generating RTLIL representation for module `$__div_mod_trunc'.
Generating RTLIL representation for module `\_90_div'.
Generating RTLIL representation for module `\_90_mod'.
Generating RTLIL representation for module `$__div_mod_floor'.
Generating RTLIL representation for module `\_90_divfloor'.
Generating RTLIL representation for module `\_90_modfloor'.
Generating RTLIL representation for module `\_90_pow'.
Generating RTLIL representation for module `\_90_demux'.
Generating RTLIL representation for module `\_90_lut'.
Generating RTLIL representation for module `$connect'.
Generating RTLIL representation for module `$input_port'.
Successfully finished Verilog frontend.

5.33.2. Executing Verilog-2005 frontend: F:\lunwen\tools\oss-cad-suite\bin\../share/yosys/ice40/arith_map.v
Parsing Verilog input from `F:\lunwen\tools\oss-cad-suite\bin\../share/yosys/ice40/arith_map.v' to AST representation.
Generating RTLIL representation for module `\_80_ice40_alu'.
Successfully finished Verilog frontend.

5.33.3. Continuing TECHMAP pass.
Using extmapper simplemap for cells of type $xor.
Using template $paramod$32efbfac1c4dc57230cf86180788fdfd12e3b511\_80_ice40_alu for cells of type $alu.
Using template $paramod$dbcdc7e8aa1a4080cea2deda6fdc8772064f4d90\_80_ice40_alu for cells of type $alu.
Using extmapper simplemap for cells of type $not.
Using template $paramod$ba698a254f9a5947e85cbe7beae6b161eefc5386\_90_alu for cells of type $alu.
Using template $paramod$b8c0a997bce700f23568a5ada79cc6781d1f5ca0\_80_ice40_alu for cells of type $alu.
Using extmapper simplemap for cells of type $dffe.
Using extmapper simplemap for cells of type $reduce_and.
Using extmapper simplemap for cells of type $ne.
Using extmapper simplemap for cells of type $adffe.
Using extmapper simplemap for cells of type $reduce_bool.
Using extmapper simplemap for cells of type $reduce_or.
Using extmapper simplemap for cells of type $mux.
Using template $paramod$constmap:586cb701bdbf9cf16b6a426b456e6b3682c970cf$paramod$da1b9d25017ab9fffdd54bedbb1540b15f92e8df\_90_shift_ops_shr_shl_sshl_sshr for cells of type $shl.
Using template $paramod$constmap:dcef17b7163bf279e5069689013127e1f418d1e7$paramod$f65eafa5dd6b7187cb333238e30c5a01d76aa221\_90_shift_ops_shr_shl_sshl_sshr for cells of type $shr.
Using extmapper simplemap for cells of type $or.
Using extmapper simplemap for cells of type $eq.
Using extmapper simplemap for cells of type $pmux.
Using extmapper simplemap for cells of type $logic_not.
Using extmapper simplemap for cells of type $adff.
Using extmapper simplemap for cells of type $and.
Using extmapper simplemap for cells of type $pos.
Using template $paramod\_90_fa\WIDTH=32'00000000000000000000000000000010 for cells of type $fa.
Using template $paramod\_90_lcu_brent_kung\WIDTH=32'00000000000000000000000000000010 for cells of type $lcu.
No more expansions possible.
<suppressed ~2348 debug messages>

5.34. Executing OPT pass (performing simple optimizations).

5.34.1. Executing OPT_EXPR pass (perform const folding).
Optimizing module tempest_v3_top.
<suppressed ~7727 debug messages>

5.34.2. Executing OPT_MERGE pass (detect identical cells).
Finding identical cells in module `\tempest_v3_top'.
Computing hashes of 16375 cells of `\tempest_v3_top'.
Finding duplicate cells in `\tempest_v3_top'.
Computing hashes of 16294 cells of `\tempest_v3_top'.
Finding duplicate cells in `\tempest_v3_top'.
Computing hashes of 16290 cells of `\tempest_v3_top'.
Finding duplicate cells in `\tempest_v3_top'.
<suppressed ~255 debug messages>
Removed a total of 85 cells.

5.34.3. Executing OPT_DFF pass (perform DFF optimizations).

5.34.4. Executing OPT_CLEAN pass (remove unused cells and wires).
Finding unused cells or wires in module \tempest_v3_top..
Removed 3 unused cells and 304 unused wires.
<suppressed ~4 debug messages>

5.34.5. Finished fast OPT passes.

5.35. Executing ICE40_OPT pass (performing simple optimizations).

5.35.1. Running ICE40 specific optimizations.
Optimized $__ICE40_CARRY_WRAPPER cell back to logic (without SB_CARRY) tempest_v3_top.$auto$alumacc.cc:548:replace_alu$2167.slice[0].carry: CO=\cnt [3]
Optimized $__ICE40_CARRY_WRAPPER cell back to logic (without SB_CARRY) tempest_v3_top.$auto$opt_expr.cc:1942:replace_const_cells$2203.slice[0].carry: CO=$auto$opt_expr.cc:1942:replace_const_cells$2203.BB [0]
Optimized $__ICE40_CARRY_WRAPPER cell back to logic (without SB_CARRY) tempest_v3_top.$auto$opt_expr.cc:1942:replace_const_cells$2203.slice[6].carry: CO=1'1
Optimized $__ICE40_CARRY_WRAPPER cell back to logic (without SB_CARRY) tempest_v3_top.$auto$alumacc.cc:548:replace_alu$2177.slice[0].carry: CO=\cnt [0]

5.35.2. Executing OPT_EXPR pass (perform const folding).
Optimizing module tempest_v3_top.

5.35.3. Executing OPT_MERGE pass (detect identical cells).
Finding identical cells in module `\tempest_v3_top'.
Computing hashes of 16287 cells of `\tempest_v3_top'.
Finding duplicate cells in `\tempest_v3_top'.
Removed a total of 0 cells.

5.35.4. Executing OPT_DFF pass (perform DFF optimizations).

5.35.5. Executing OPT_CLEAN pass (remove unused cells and wires).
Finding unused cells or wires in module \tempest_v3_top..
Removed 1 unused cells and 1 unused wires.
<suppressed ~2 debug messages>

5.35.6. Rerunning OPT passes. (Removed registers in this run.)

5.35.7. Running ICE40 specific optimizations.

5.35.8. Executing OPT_EXPR pass (perform const folding).
Optimizing module tempest_v3_top.

5.35.9. Executing OPT_MERGE pass (detect identical cells).
Finding identical cells in module `\tempest_v3_top'.
Computing hashes of 16286 cells of `\tempest_v3_top'.
Finding duplicate cells in `\tempest_v3_top'.
Removed a total of 0 cells.

5.35.10. Executing OPT_DFF pass (perform DFF optimizations).

5.35.11. Executing OPT_CLEAN pass (remove unused cells and wires).
Finding unused cells or wires in module \tempest_v3_top..

5.35.12. Finished OPT passes. (There is nothing left to do.)

5.36. Executing DFFLEGALIZE pass (convert FFs to types supported by the target).

5.37. Executing TECHMAP pass (map to technology primitives).

5.37.1. Executing Verilog-2005 frontend: F:\lunwen\tools\oss-cad-suite\bin\../share/yosys/ice40/ff_map.v
Parsing Verilog input from `F:\lunwen\tools\oss-cad-suite\bin\../share/yosys/ice40/ff_map.v' to AST representation.
Generating RTLIL representation for module `$_DFF_N_'.
Generating RTLIL representation for module `$_DFF_P_'.
Generating RTLIL representation for module `$_DFFE_NP_'.
Generating RTLIL representation for module `$_DFFE_PP_'.
Generating RTLIL representation for module `$_DFF_NP0_'.
Generating RTLIL representation for module `$_DFF_NP1_'.
Generating RTLIL representation for module `$_DFF_PP0_'.
Generating RTLIL representation for module `$_DFF_PP1_'.
Generating RTLIL representation for module `$_DFFE_NP0P_'.
Generating RTLIL representation for module `$_DFFE_NP1P_'.
Generating RTLIL representation for module `$_DFFE_PP0P_'.
Generating RTLIL representation for module `$_DFFE_PP1P_'.
Generating RTLIL representation for module `$_SDFF_NP0_'.
Generating RTLIL representation for module `$_SDFF_NP1_'.
Generating RTLIL representation for module `$_SDFF_PP0_'.
Generating RTLIL representation for module `$_SDFF_PP1_'.
Generating RTLIL representation for module `$_SDFFCE_NP0P_'.
Generating RTLIL representation for module `$_SDFFCE_NP1P_'.
Generating RTLIL representation for module `$_SDFFCE_PP0P_'.
Generating RTLIL representation for module `$_SDFFCE_PP1P_'.
Successfully finished Verilog frontend.

5.37.2. Continuing TECHMAP pass.
Using template $_DFF_PP0_ for cells of type $_DFF_PP0_.
Using template $_DFFE_PP_ for cells of type $_DFFE_PP_.
Using template $_DFFE_PP0P_ for cells of type $_DFFE_PP0P_.
No more expansions possible.
<suppressed ~928 debug messages>

5.38. Executing OPT_EXPR pass (perform const folding).
Optimizing module tempest_v3_top.

5.39. Executing SIMPLEMAP pass (map simple cells to gate primitives).
Mapping tempest_v3_top.$auto$alumacc.cc:548:replace_alu$2177.slice[0].carry ($lut).
Mapping tempest_v3_top.$auto$opt_expr.cc:1942:replace_const_cells$2203.slice[0].carry ($lut).
Mapping tempest_v3_top.$auto$opt_expr.cc:1942:replace_const_cells$2203.slice[6].carry ($lut).

5.40. Executing ICE40_OPT pass (performing simple optimizations).

5.40.1. Running ICE40 specific optimizations.

5.40.2. Executing OPT_EXPR pass (perform const folding).
Optimizing module tempest_v3_top.
<suppressed ~635 debug messages>

5.40.3. Executing OPT_MERGE pass (detect identical cells).
Finding identical cells in module `\tempest_v3_top'.
Computing hashes of 16806 cells of `\tempest_v3_top'.
Finding duplicate cells in `\tempest_v3_top'.
Computing hashes of 16283 cells of `\tempest_v3_top'.
Finding duplicate cells in `\tempest_v3_top'.
<suppressed ~1569 debug messages>
Removed a total of 523 cells.

5.40.4. Executing OPT_DFF pass (perform DFF optimizations).

5.40.5. Executing OPT_CLEAN pass (remove unused cells and wires).
Finding unused cells or wires in module \tempest_v3_top..
Removed 0 unused cells and 5585 unused wires.
<suppressed ~1 debug messages>

5.40.6. Rerunning OPT passes. (Removed registers in this run.)

5.40.7. Running ICE40 specific optimizations.

5.40.8. Executing OPT_EXPR pass (perform const folding).
Optimizing module tempest_v3_top.

5.40.9. Executing OPT_MERGE pass (detect identical cells).
Finding identical cells in module `\tempest_v3_top'.
Computing hashes of 16283 cells of `\tempest_v3_top'.
Finding duplicate cells in `\tempest_v3_top'.
Removed a total of 0 cells.

5.40.10. Executing OPT_DFF pass (perform DFF optimizations).

5.40.11. Executing OPT_CLEAN pass (remove unused cells and wires).
Finding unused cells or wires in module \tempest_v3_top..

5.40.12. Finished OPT passes. (There is nothing left to do.)

5.41. Executing CHECK pass (checking for obvious problems).
Checking module tempest_v3_top...
Found and reported 0 problems.

5.42. Executing TECHMAP pass (map to technology primitives).

5.42.1. Executing Verilog-2005 frontend: F:\lunwen\tools\oss-cad-suite\bin\../share/yosys/ice40/latches_map.v
Parsing Verilog input from `F:\lunwen\tools\oss-cad-suite\bin\../share/yosys/ice40/latches_map.v' to AST representation.
Generating RTLIL representation for module `$_DLATCH_N_'.
Generating RTLIL representation for module `$_DLATCH_P_'.
Successfully finished Verilog frontend.

5.42.2. Continuing TECHMAP pass.
No more expansions possible.
<suppressed ~4 debug messages>

5.43. Executing Verilog-2005 frontend: F:\lunwen\tools\oss-cad-suite\bin\../share/yosys/ice40/abc9_model.v
Parsing Verilog input from `F:\lunwen\tools\oss-cad-suite\bin\../share/yosys/ice40/abc9_model.v' to AST representation.
Generating RTLIL representation for module `$__ICE40_CARRY_WRAPPER'.
Successfully finished Verilog frontend.

5.44. Executing ABC9 pass.

5.44.1. Executing ABC9_OPS pass (helper functions for ABC9).

5.44.2. Executing ABC9_OPS pass (helper functions for ABC9).

5.44.3. Executing PROC pass (convert processes to netlists).

5.44.3.1. Executing PROC_CLEAN pass (remove empty switches from decision trees).
Cleaned up 0 empty switches.

5.44.3.2. Executing PROC_RMDEAD pass (remove dead branches from decision trees).
Marked 1 switch rules as full_case in process $proc$F:\lunwen\tools\oss-cad-suite\bin\../share/yosys/ice40/cells_sim.v:406$176 in module SB_DFFR.
Removed a total of 0 dead cases.

5.44.3.3. Executing PROC_PRUNE pass (remove redundant assignments in processes).
Removed 1 redundant assignment.
Promoted 1 assignment to connection.

5.44.3.4. Executing PROC_INIT pass (extract init attributes).
Found init rule in `\SB_DFFR.$proc$F:\lunwen\tools\oss-cad-suite\bin\../share/yosys/ice40/cells_sim.v:404$178'.
  Set init value: \Q = 1'0

5.44.3.5. Executing PROC_ARST pass (detect async resets in processes).
Found async reset \R in `\SB_DFFR.$proc$F:\lunwen\tools\oss-cad-suite\bin\../share/yosys/ice40/cells_sim.v:406$176'.

5.44.3.6. Executing PROC_ROM pass (convert switches to ROMs).
Converted 0 switches.

5.44.3.7. Executing PROC_MUX pass (convert decision trees to multiplexers).
Creating decoders for process `\SB_DFFR.$proc$F:\lunwen\tools\oss-cad-suite\bin\../share/yosys/ice40/cells_sim.v:404$178'.
Creating decoders for process `\SB_DFFR.$proc$F:\lunwen\tools\oss-cad-suite\bin\../share/yosys/ice40/cells_sim.v:406$176'.
     1/1: $0\Q[0:0]

5.44.3.8. Executing PROC_DLATCH pass (convert process syncs to latches).

5.44.3.9. Executing PROC_DFF pass (convert process syncs to FFs).
Creating register for signal `\SB_DFFR.\Q' using process `\SB_DFFR.$proc$F:\lunwen\tools\oss-cad-suite\bin\../share/yosys/ice40/cells_sim.v:406$176'.
  created $adff cell `$procdff$28708' with positive edge clock and positive level reset.

5.44.3.10. Executing PROC_MEMWR pass (convert process memory writes to cells).

5.44.3.11. Executing PROC_CLEAN pass (remove empty switches from decision trees).
Removing empty process `SB_DFFR.$proc$F:\lunwen\tools\oss-cad-suite\bin\../share/yosys/ice40/cells_sim.v:404$178'.
Removing empty process `SB_DFFR.$proc$F:\lunwen\tools\oss-cad-suite\bin\../share/yosys/ice40/cells_sim.v:406$176'.
Cleaned up 0 empty switches.

5.44.4. Executing PROC pass (convert processes to netlists).

5.44.4.1. Executing PROC_CLEAN pass (remove empty switches from decision trees).
Cleaned up 0 empty switches.

5.44.4.2. Executing PROC_RMDEAD pass (remove dead branches from decision trees).
Marked 1 switch rules as full_case in process $proc$F:\lunwen\tools\oss-cad-suite\bin\../share/yosys/ice40/cells_sim.v:662$192 in module SB_DFFER.
Removed a total of 0 dead cases.

5.44.4.3. Executing PROC_PRUNE pass (remove redundant assignments in processes).
Removed 0 redundant assignments.
Promoted 1 assignment to connection.

5.44.4.4. Executing PROC_INIT pass (extract init attributes).
Found init rule in `\SB_DFFER.$proc$F:\lunwen\tools\oss-cad-suite\bin\../share/yosys/ice40/cells_sim.v:660$195'.
  Set init value: \Q = 1'0

5.44.4.5. Executing PROC_ARST pass (detect async resets in processes).
Found async reset \R in `\SB_DFFER.$proc$F:\lunwen\tools\oss-cad-suite\bin\../share/yosys/ice40/cells_sim.v:662$192'.

5.44.4.6. Executing PROC_ROM pass (convert switches to ROMs).
Converted 0 switches.
<suppressed ~1 debug messages>

5.44.4.7. Executing PROC_MUX pass (convert decision trees to multiplexers).
Creating decoders for process `\SB_DFFER.$proc$F:\lunwen\tools\oss-cad-suite\bin\../share/yosys/ice40/cells_sim.v:660$195'.
Creating decoders for process `\SB_DFFER.$proc$F:\lunwen\tools\oss-cad-suite\bin\../share/yosys/ice40/cells_sim.v:662$192'.
     1/1: $0\Q[0:0]

5.44.4.8. Executing PROC_DLATCH pass (convert process syncs to latches).

5.44.4.9. Executing PROC_DFF pass (convert process syncs to FFs).
Creating register for signal `\SB_DFFER.\Q' using process `\SB_DFFER.$proc$F:\lunwen\tools\oss-cad-suite\bin\../share/yosys/ice40/cells_sim.v:662$192'.
  created $adff cell `$procdff$28713' with positive edge clock and positive level reset.

5.44.4.10. Executing PROC_MEMWR pass (convert process memory writes to cells).

5.44.4.11. Executing PROC_CLEAN pass (remove empty switches from decision trees).
Removing empty process `SB_DFFER.$proc$F:\lunwen\tools\oss-cad-suite\bin\../share/yosys/ice40/cells_sim.v:660$195'.
Found and cleaned up 1 empty switch in `\SB_DFFER.$proc$F:\lunwen\tools\oss-cad-suite\bin\../share/yosys/ice40/cells_sim.v:662$192'.
Removing empty process `SB_DFFER.$proc$F:\lunwen\tools\oss-cad-suite\bin\../share/yosys/ice40/cells_sim.v:662$192'.
Cleaned up 1 empty switch.

5.44.5. Executing SCC pass (detecting logic loops).
Found 0 SCCs in module tempest_v3_top.
Found 0 SCCs.

5.44.6. Executing ABC9_OPS pass (helper functions for ABC9).

5.44.7. Executing TECHMAP pass (map to technology primitives).

5.44.7.1. Executing Verilog-2005 frontend: F:\lunwen\tools\oss-cad-suite\bin\../share/yosys/techmap.v
Parsing Verilog input from `F:\lunwen\tools\oss-cad-suite\bin\../share/yosys/techmap.v' to AST representation.
Generating RTLIL representation for module `\_90_simplemap_bool_ops'.
Generating RTLIL representation for module `\_90_simplemap_reduce_ops'.
Generating RTLIL representation for module `\_90_simplemap_logic_ops'.
Generating RTLIL representation for module `\_90_simplemap_compare_ops'.
Generating RTLIL representation for module `\_90_simplemap_various'.
Generating RTLIL representation for module `\_90_simplemap_registers'.
Generating RTLIL representation for module `\_90_shift_ops_shr_shl_sshl_sshr'.
Generating RTLIL representation for module `\_90_shift_shiftx'.
Generating RTLIL representation for module `\_90_fa'.
Generating RTLIL representation for module `\_90_lcu_brent_kung'.
Generating RTLIL representation for module `\_90_alu'.
Generating RTLIL representation for module `\_90_macc'.
Generating RTLIL representation for module `\_90_alumacc'.
Generating RTLIL representation for module `$__div_mod_u'.
Generating RTLIL representation for module `$__div_mod_trunc'.
Generating RTLIL representation for module `\_90_div'.
Generating RTLIL representation for module `\_90_mod'.
Generating RTLIL representation for module `$__div_mod_floor'.
Generating RTLIL representation for module `\_90_divfloor'.
Generating RTLIL representation for module `\_90_modfloor'.
Generating RTLIL representation for module `\_90_pow'.
Generating RTLIL representation for module `\_90_demux'.
Generating RTLIL representation for module `\_90_lut'.
Generating RTLIL representation for module `$connect'.
Generating RTLIL representation for module `$input_port'.
Successfully finished Verilog frontend.

5.44.7.2. Continuing TECHMAP pass.
No more expansions possible.
<suppressed ~132 debug messages>

5.44.8. Executing OPT pass (performing simple optimizations).

5.44.8.1. Executing OPT_EXPR pass (perform const folding).
Optimizing module SB_DFFR.
Optimizing module SB_DFFER.

5.44.8.2. Executing OPT_MERGE pass (detect identical cells).
Finding identical cells in module `\SB_DFFR'.
Computing hashes of 2 cells of `\SB_DFFR'.
Finding duplicate cells in `\SB_DFFR'.
Finding identical cells in module `\SB_DFFER'.
Computing hashes of 2 cells of `\SB_DFFER'.
Finding duplicate cells in `\SB_DFFER'.
Removed a total of 0 cells.

5.44.8.3. Executing OPT_MUXTREE pass (detect dead branches in mux trees).
Running muxtree optimizer on module \SB_DFFR..
  Creating internal representation of mux trees.
  No muxes found in this module.
Running muxtree optimizer on module \SB_DFFER..
  Creating internal representation of mux trees.
  No muxes found in this module.
Removed 0 multiplexer ports.

5.44.8.4. Executing OPT_REDUCE pass (consolidate $*mux and $reduce_* inputs).
  Optimizing cells in module \SB_DFFR.
  Optimizing cells in module \SB_DFFER.
Performed a total of 0 changes.

5.44.8.5. Executing OPT_MERGE pass (detect identical cells).
Finding identical cells in module `\SB_DFFR'.
Computing hashes of 2 cells of `\SB_DFFR'.
Finding duplicate cells in `\SB_DFFR'.
Finding identical cells in module `\SB_DFFER'.
Computing hashes of 2 cells of `\SB_DFFER'.
Finding duplicate cells in `\SB_DFFER'.
Removed a total of 0 cells.

5.44.8.6. Executing OPT_DFF pass (perform DFF optimizations).

5.44.8.7. Executing OPT_CLEAN pass (remove unused cells and wires).
Finding unused cells or wires in module \SB_DFFR..
Finding unused cells or wires in module \SB_DFFER..

5.44.8.8. Executing OPT_EXPR pass (perform const folding).
Optimizing module SB_DFFR.
Optimizing module SB_DFFER.

5.44.8.9. Finished fast OPT passes. (There is nothing left to do.)

5.44.9. Executing TECHMAP pass (map to technology primitives).

5.44.9.1. Executing Verilog-2005 frontend: F:\lunwen\tools\oss-cad-suite\bin\../share/yosys/abc9_map.v
Parsing Verilog input from `F:\lunwen\tools\oss-cad-suite\bin\../share/yosys/abc9_map.v' to AST representation.
Successfully finished Verilog frontend.

5.44.9.2. Continuing TECHMAP pass.
Using template SB_DFFR for cells of type SB_DFFR.
Using template SB_DFFER for cells of type SB_DFFER.
No more expansions possible.
<suppressed ~526 debug messages>

5.44.10. Executing Verilog-2005 frontend: F:\lunwen\tools\oss-cad-suite\bin\../share/yosys/abc9_model.v
Parsing Verilog input from `F:\lunwen\tools\oss-cad-suite\bin\../share/yosys/abc9_model.v' to AST representation.
Generating RTLIL representation for module `$__ABC9_DELAY'.
Generating RTLIL representation for module `$__ABC9_SCC_BREAKER'.
Generating RTLIL representation for module `$__DFF_N__$abc9_flop'.
Generating RTLIL representation for module `$__DFF_P__$abc9_flop'.
Successfully finished Verilog frontend.

5.44.11. Executing ABC9_OPS pass (helper functions for ABC9).
<suppressed ~386 debug messages>

5.44.12. Executing ABC9_OPS pass (helper functions for ABC9).

5.44.13. Executing ABC9_OPS pass (helper functions for ABC9).
<suppressed ~2 debug messages>

5.44.14. Executing TECHMAP pass (map to technology primitives).

5.44.14.1. Executing Verilog-2005 frontend: F:\lunwen\tools\oss-cad-suite\bin\../share/yosys/techmap.v
Parsing Verilog input from `F:\lunwen\tools\oss-cad-suite\bin\../share/yosys/techmap.v' to AST representation.
Generating RTLIL representation for module `\_90_simplemap_bool_ops'.
Generating RTLIL representation for module `\_90_simplemap_reduce_ops'.
Generating RTLIL representation for module `\_90_simplemap_logic_ops'.
Generating RTLIL representation for module `\_90_simplemap_compare_ops'.
Generating RTLIL representation for module `\_90_simplemap_various'.
Generating RTLIL representation for module `\_90_simplemap_registers'.
Generating RTLIL representation for module `\_90_shift_ops_shr_shl_sshl_sshr'.
Generating RTLIL representation for module `\_90_shift_shiftx'.
Generating RTLIL representation for module `\_90_fa'.
Generating RTLIL representation for module `\_90_lcu_brent_kung'.
Generating RTLIL representation for module `\_90_alu'.
Generating RTLIL representation for module `\_90_macc'.
Generating RTLIL representation for module `\_90_alumacc'.
Generating RTLIL representation for module `$__div_mod_u'.
Generating RTLIL representation for module `$__div_mod_trunc'.
Generating RTLIL representation for module `\_90_div'.
Generating RTLIL representation for module `\_90_mod'.
Generating RTLIL representation for module `$__div_mod_floor'.
Generating RTLIL representation for module `\_90_divfloor'.
Generating RTLIL representation for module `\_90_modfloor'.
Generating RTLIL representation for module `\_90_pow'.
Generating RTLIL representation for module `\_90_demux'.
Generating RTLIL representation for module `\_90_lut'.
Generating RTLIL representation for module `$connect'.
Generating RTLIL representation for module `$input_port'.
Successfully finished Verilog frontend.

5.44.14.2. Continuing TECHMAP pass.
Using template $paramod$__ICE40_CARRY_WRAPPER\LUT=16'0110100110010110\I3_IS_CI=1'1 for cells of type $paramod$__ICE40_CARRY_WRAPPER\LUT=16'0110100110010110\I3_IS_CI=1'1.
Using template SB_CARRY for cells of type SB_CARRY.
Using template $paramod\SB_LUT4\LUT_INIT=16'0110100110010110 for cells of type SB_LUT4.
Using extmapper simplemap for cells of type $mux.
Using extmapper simplemap for cells of type $logic_or.
Using extmapper simplemap for cells of type $logic_and.
No more expansions possible.
<suppressed ~152 debug messages>

5.44.15. Executing OPT pass (performing simple optimizations).

5.44.15.1. Executing OPT_EXPR pass (perform const folding).
Optimizing module tempest_v3_top.
<suppressed ~4 debug messages>

5.44.15.2. Executing OPT_MERGE pass (detect identical cells).
Finding identical cells in module `\tempest_v3_top'.
Computing hashes of 30 cells of `\tempest_v3_top'.
Finding duplicate cells in `\tempest_v3_top'.
Computing hashes of 20 cells of `\tempest_v3_top'.
Finding duplicate cells in `\tempest_v3_top'.
Computing hashes of 18 cells of `\tempest_v3_top'.
Finding duplicate cells in `\tempest_v3_top'.
<suppressed ~29 debug messages>
Removed a total of 12 cells.

5.44.15.3. Executing OPT_MUXTREE pass (detect dead branches in mux trees).
Running muxtree optimizer on module \tempest_v3_top..
  Creating internal representation of mux trees.
  No muxes found in this module.
Removed 0 multiplexer ports.

5.44.15.4. Executing OPT_REDUCE pass (consolidate $*mux and $reduce_* inputs).
  Optimizing cells in module \tempest_v3_top.
Performed a total of 0 changes.

5.44.15.5. Executing OPT_MERGE pass (detect identical cells).
Finding identical cells in module `\tempest_v3_top'.
Computing hashes of 18 cells of `\tempest_v3_top'.
Finding duplicate cells in `\tempest_v3_top'.
Removed a total of 0 cells.

5.44.15.6. Executing OPT_DFF pass (perform DFF optimizations).

5.44.15.7. Executing OPT_CLEAN pass (remove unused cells and wires).
Finding unused cells or wires in module \tempest_v3_top..
Removed 0 unused cells and 24 unused wires.
<suppressed ~1 debug messages>

5.44.15.8. Executing OPT_EXPR pass (perform const folding).
Optimizing module tempest_v3_top.

5.44.15.9. Rerunning OPT passes. (Maybe there is more to do..)

5.44.15.10. Executing OPT_MUXTREE pass (detect dead branches in mux trees).
Running muxtree optimizer on module \tempest_v3_top..
  Creating internal representation of mux trees.
  No muxes found in this module.
Removed 0 multiplexer ports.

5.44.15.11. Executing OPT_REDUCE pass (consolidate $*mux and $reduce_* inputs).
  Optimizing cells in module \tempest_v3_top.
Performed a total of 0 changes.

5.44.15.12. Executing OPT_MERGE pass (detect identical cells).
Finding identical cells in module `\tempest_v3_top'.
Computing hashes of 18 cells of `\tempest_v3_top'.
Finding duplicate cells in `\tempest_v3_top'.
Removed a total of 0 cells.

5.44.15.13. Executing OPT_DFF pass (perform DFF optimizations).

5.44.15.14. Executing OPT_CLEAN pass (remove unused cells and wires).
Finding unused cells or wires in module \tempest_v3_top..

5.44.15.15. Executing OPT_EXPR pass (perform const folding).
Optimizing module tempest_v3_top.

5.44.15.16. Finished fast OPT passes. (There is nothing left to do.)

5.44.16. Executing AIGMAP pass (map logic to AIG).
Module tempest_v3_top: replaced 7 cells with 43 new cells, skipped 11 cells.
  replaced 2 cell types:
       5 $_MUX_
       2 $_OR_
  not replaced 3 cell types:
       2 $_AND_
       1 $_NOT_
       8 $specify2

5.44.17. Executing AIGMAP pass (map logic to AIG).
Module tempest_v3_top: replaced 12098 cells with 82196 new cells, skipped 5091 cells.
  replaced 3 cell types:
    4414 $_MUX_
     830 $_OR_
    6854 $_XOR_
  not replaced 10 cell types:
    2993 $_AND_
     271 $_NOT_
       3 $scopeinfo
     384 SB_DFFE
       1 SB_DFFR
     521 SB_DFFER
     384 $paramod$__ABC9_DELAY\DELAY=32'00000000000000000000000000010101
     521 SB_DFFER_$abc9_byp
       1 SB_DFFR_$abc9_byp
      12 $paramod$__ICE40_CARRY_WRAPPER\LUT=16'0110100110010110\I3_IS_CI=1'1

5.44.17.1. Executing ABC9_OPS pass (helper functions for ABC9).

5.44.17.2. Executing ABC9_OPS pass (helper functions for ABC9).

5.44.17.3. Executing XAIGER backend.
<suppressed ~917 debug messages>
Extracted 37627 AND gates and 88430 wires from module `tempest_v3_top' to a netlist network with 1293 inputs and 1043 outputs.

5.44.17.4. Executing ABC9_EXE pass (technology mapping using ABC9).

5.44.17.5. Executing ABC9.
Running ABC command: "<yosys-exe-dir>/yosys-abc" -s -f <abc-temp-dir>/abc.script 2>&1
ABC: ======== ABC command line "source <abc-temp-dir>/abc.script"
ABC: + read_lut <abc-temp-dir>/input.lut 
ABC: + read_box <abc-temp-dir>/input.box 
ABC: + &read <abc-temp-dir>/input.xaig 
ABC: + &ps 
ABC: <abc-temp-dir>/input : i/o =   1293/   1043  and =   35032  lev =   66 (   7.93)  mem = 0.47 MB  box = 918  bb = 906
ABC: Warning: AIG with boxes has internal fanout in 0 complex flops and 3 carries.
ABC: + &scorr 
ABC: Warning: The network is combinational.
ABC: + &sweep 
ABC: + &dc2 
ABC: + &dch -f -r 
ABC: + &ps 
ABC: <abc-temp-dir>/input : i/o =   1293/   1043  and =   60962  lev =   59 (   6.75)  mem = 0.77 MB  ch = 8543  box = 918  bb = 906
ABC: cst =       0  cls =   7990  lit =    8543  unused =   46652  proof =     0
ABC: Warning: AIG with boxes has internal fanout in 0 complex flops and 3 carries.
ABC: + &if -W 250 -v 
ABC: K = 4. Memory (bytes): Truth =    0. Cut =   64. Obj =  144. Set =  672. CutMin = no
ABC: Node =   60962.  Ch =  7990.  Total mem =   10.03 MB. Peak cut mem =    0.98 MB.
ABC: P:  Del = 11487.00.  Ar =   13571.0.  Edge =    49677.  Cut =   567528.  T =     0.06 sec
ABC: P:  Del = 11487.00.  Ar =   14111.0.  Edge =    52082.  Cut =   550545.  T =     0.05 sec
ABC: P:  Del = 11487.00.  Ar =   11951.0.  Edge =    40263.  Cut =   587637.  T =     0.05 sec
ABC: F:  Del = 11487.00.  Ar =   11676.0.  Edge =    39389.  Cut =   362998.  T =     0.03 sec
ABC: A:  Del = 11487.00.  Ar =   11416.0.  Edge =    37875.  Cut =   369770.  T =     0.04 sec
ABC: A:  Del = 11487.00.  Ar =   11403.0.  Edge =    37790.  Cut =   351703.  T =     0.06 sec
ABC: Total time =     0.29 sec
ABC: + &write -n <abc-temp-dir>/output.aig 
ABC: + &mfs 
ABC: + &ps -l 
ABC: <abc-temp-dir>/input : i/o =   1293/   1043  and =   64328  lev =   71 (   8.13)  mem = 0.81 MB  box = 918  bb = 906
ABC: Mapping (K=4)  :  lut =   9263  edge =   30907  lev =   18 (2.32)  levB =   19  mem = 0.45 MB
ABC: LUT = 9263 : 2=1157 12.5 %  3=3831 41.4 %  4=4275 46.2 %  Ave = 3.34
ABC: Warning: AIG with boxes has internal fanout in 0 complex flops and 3 carries.
ABC: + &write -n <abc-temp-dir>/output.aig 
ABC: + &verify 
ABC: Networks are equivalent.  Time =     2.62 sec
ABC: + time 
ABC: elapse: 14.61 seconds, total: 14.61 seconds

5.44.17.6. Executing AIGER frontend.
<suppressed ~11 debug messages>
Removed 114464 unused cells and 119219 unused wires.

5.44.17.7. Executing ABC_OPS_REINTEGRATE pass (reintegrate ABC mapped design into module).
ABC RESULTS:              $lut cells:     9269
ABC RESULTS:   \SB_DFFER_$abc9_byp cells:      521
ABC RESULTS:   \SB_DFFR_$abc9_byp cells:        1
ABC RESULTS:   $paramod$__ICE40_CARRY_WRAPPER\LUT=16'0110100110010110\I3_IS_CI=1'1 cells:       12
ABC RESULTS:           input signals:      533
ABC RESULTS:          output signals:      405
<suppressed ~4672 debug messages>
Removing temp directory.

5.44.18. Executing TECHMAP pass (map to technology primitives).

5.44.18.1. Executing Verilog-2005 frontend: F:\lunwen\tools\oss-cad-suite\bin\../share/yosys/abc9_unmap.v
Parsing Verilog input from `F:\lunwen\tools\oss-cad-suite\bin\../share/yosys/abc9_unmap.v' to AST representation.
Generating RTLIL representation for module `$__DFF_x__$abc9_flop'.
Generating RTLIL representation for module `$__ABC9_SCC_BREAKER'.
Successfully finished Verilog frontend.

5.44.18.2. Continuing TECHMAP pass.
Using template SB_DFFER_$abc9_byp for cells of type SB_DFFER_$abc9_byp.
Using template $paramod$__ICE40_CARRY_WRAPPER\LUT=16'0110100110010110\I3_IS_CI=1'1 for cells of type $paramod$__ICE40_CARRY_WRAPPER\LUT=16'0110100110010110\I3_IS_CI=1'1.
Using template SB_DFFR_$abc9_byp for cells of type SB_DFFR_$abc9_byp.
No more expansions possible.
<suppressed ~542 debug messages>

5.45. Executing ICE40_WRAPCARRY pass (wrap carries).

5.46. Executing TECHMAP pass (map to technology primitives).

5.46.1. Executing Verilog-2005 frontend: F:\lunwen\tools\oss-cad-suite\bin\../share/yosys/ice40/ff_map.v
Parsing Verilog input from `F:\lunwen\tools\oss-cad-suite\bin\../share/yosys/ice40/ff_map.v' to AST representation.
Generating RTLIL representation for module `$_DFF_N_'.
Generating RTLIL representation for module `$_DFF_P_'.
Generating RTLIL representation for module `$_DFFE_NP_'.
Generating RTLIL representation for module `$_DFFE_PP_'.
Generating RTLIL representation for module `$_DFF_NP0_'.
Generating RTLIL representation for module `$_DFF_NP1_'.
Generating RTLIL representation for module `$_DFF_PP0_'.
Generating RTLIL representation for module `$_DFF_PP1_'.
Generating RTLIL representation for module `$_DFFE_NP0P_'.
Generating RTLIL representation for module `$_DFFE_NP1P_'.
Generating RTLIL representation for module `$_DFFE_PP0P_'.
Generating RTLIL representation for module `$_DFFE_PP1P_'.
Generating RTLIL representation for module `$_SDFF_NP0_'.
Generating RTLIL representation for module `$_SDFF_NP1_'.
Generating RTLIL representation for module `$_SDFF_PP0_'.
Generating RTLIL representation for module `$_SDFF_PP1_'.
Generating RTLIL representation for module `$_SDFFCE_NP0P_'.
Generating RTLIL representation for module `$_SDFFCE_NP1P_'.
Generating RTLIL representation for module `$_SDFFCE_PP0P_'.
Generating RTLIL representation for module `$_SDFFCE_PP1P_'.
Successfully finished Verilog frontend.

5.46.2. Continuing TECHMAP pass.
No more expansions possible.
<suppressed ~22 debug messages>
Removed 403 unused cells and 93291 unused wires.

5.47. Executing OPT_LUT pass (optimize LUTs).
Discovering LUTs.
Number of LUTs:     9275
  1-LUT                6
  2-LUT             1158
  3-LUT             3836
  4-LUT             4275
  with \SB_CARRY    (#0)    5
  with \SB_CARRY    (#1)   21

Eliminating LUTs.
Number of LUTs:     9275
  1-LUT                6
  2-LUT             1158
  3-LUT             3836
  4-LUT             4275
  with \SB_CARRY    (#0)    5
  with \SB_CARRY    (#1)   21

Combining LUTs.
Number of LUTs:     9275
  1-LUT                6
  2-LUT             1158
  3-LUT             3836
  4-LUT             4275
  with \SB_CARRY    (#0)    5
  with \SB_CARRY    (#1)   21

Eliminated 0 LUTs.
Combined 0 LUTs.
<suppressed ~38220 debug messages>

5.48. Executing TECHMAP pass (map to technology primitives).

5.48.1. Executing Verilog-2005 frontend: F:\lunwen\tools\oss-cad-suite\bin\../share/yosys/ice40/cells_map.v
Parsing Verilog input from `F:\lunwen\tools\oss-cad-suite\bin\../share/yosys/ice40/cells_map.v' to AST representation.
Generating RTLIL representation for module `$lut'.
Successfully finished Verilog frontend.

5.48.2. Continuing TECHMAP pass.
Using template $paramod$fd904e9e35cfd343a9df248824bd3f1408724879$lut for cells of type $lut.
Using template $paramod$lut\WIDTH=32'00000000000000000000000000000001\LUT=2'01 for cells of type $lut.
Using template $paramod$4282def8dbd6df3d1248ad282c629bee684502c2$lut for cells of type $lut.
Using template $paramod$59cbafa4d23a5052ba15eb113e52d55476cf45ac$lut for cells of type $lut.
Using template $paramod$lut\WIDTH=32'00000000000000000000000000000010\LUT=4'1001 for cells of type $lut.
Using template $paramod$lut\WIDTH=32'00000000000000000000000000000011\LUT=8'10010110 for cells of type $lut.
Using template $paramod$bbb025a7143abfecd6f973e9ba56c94a2975a4f4$lut for cells of type $lut.
Using template $paramod$1dd9694e5dfe8713c76031a8da37890fe3706d96$lut for cells of type $lut.
Using template $paramod$lut\WIDTH=32'00000000000000000000000000000011\LUT=8'11001001 for cells of type $lut.
Using template $paramod$069bb99fc8f293eec7931733dfd3002c879eb85e$lut for cells of type $lut.
Using template $paramod$a7defd4f918862a5b442f9ecbddab049665c36c4$lut for cells of type $lut.
Using template $paramod$lut\WIDTH=32'00000000000000000000000000000011\LUT=8'01101001 for cells of type $lut.
Using template $paramod$2bdfdda73873e8931790d872b72220895e67fee5$lut for cells of type $lut.
Using template $paramod$34381cfcbc83cddaa163bf4909fba3e7f04244d9$lut for cells of type $lut.
Using template $paramod$lut\WIDTH=32'00000000000000000000000000000011\LUT=8'11100001 for cells of type $lut.
Using template $paramod$cd32cfde602a94b80aa21c2c24adfaee74ee23f3$lut for cells of type $lut.
Using template $paramod$lut\WIDTH=32'00000000000000000000000000000011\LUT=8'10000111 for cells of type $lut.
Using template $paramod$8dea978432b975a06d487b3763d4d556f8d362b4$lut for cells of type $lut.
Using template $paramod$lut\WIDTH=32'00000000000000000000000000000011\LUT=8'01111000 for cells of type $lut.
Using template $paramod$4ac73e90cabe3fd5423b3897754e1be51d1645fa$lut for cells of type $lut.
Using template $paramod$lut\WIDTH=32'00000000000000000000000000000011\LUT=8'10100110 for cells of type $lut.
Using template $paramod$1fff5319c6207c37a9251fb095cb96f366bee03b$lut for cells of type $lut.
Using template $paramod$lut\WIDTH=32'00000000000000000000000000000011\LUT=8'01101100 for cells of type $lut.
Using template $paramod$lut\WIDTH=32'00000000000000000000000000000011\LUT=8'01101010 for cells of type $lut.
Using template $paramod$lut\WIDTH=32'00000000000000000000000000000010\LUT=4'0110 for cells of type $lut.
Using template $paramod$lut\WIDTH=32'00000000000000000000000000000011\LUT=8'10110100 for cells of type $lut.
Using template $paramod$729aa850e969bb9bb1c205734876853e142656d4$lut for cells of type $lut.
Using template $paramod$f70269f202d4dce0365aebaed07094a4216142a8$lut for cells of type $lut.
Using template $paramod$8a94e7524777a0b4753b783db2e99d719294f40f$lut for cells of type $lut.
Using template $paramod$0e3b92163337f2e219624ed5cc4f8fbb4537d621$lut for cells of type $lut.
Using template $paramod$8d7e631403a80aa650e318c82a10887417c8ada0$lut for cells of type $lut.
Using template $paramod$78e1751931755f088c8bc676bcbc3bb642c26bfc$lut for cells of type $lut.
Using template $paramod$lut\WIDTH=32'00000000000000000000000000000010\LUT=4'1000 for cells of type $lut.
Using template $paramod$92afac897911da1dc254bd3c6e12c64f5bc1695c$lut for cells of type $lut.
Using template $paramod$50b99034fbf984a51c265442496081454147f31e$lut for cells of type $lut.
Using template $paramod$61c387311e0b7b1481f282cf3d339bc22e86cf60$lut for cells of type $lut.
Using template $paramod$lut\WIDTH=32'00000000000000000000000000000010\LUT=4'0010 for cells of type $lut.
Using template $paramod$7c03b26c73478ecb1b7fb0017db3d8ee4c9a9376$lut for cells of type $lut.
Using template $paramod$1863aeb740e7fb1767b114ad39b422c808f8f804$lut for cells of type $lut.
Using template $paramod$lut\WIDTH=32'00000000000000000000000000000011\LUT=8'10010011 for cells of type $lut.
Using template $paramod$81a1c70a44627b4583ef634127f9138f86659a4c$lut for cells of type $lut.
Using template $paramod$681f5698b726521154bb82fdd031cea775896186$lut for cells of type $lut.
Using template $paramod$lut\WIDTH=32'00000000000000000000000000000011\LUT=8'10011100 for cells of type $lut.
Using template $paramod$dd127436abbc41edb2e1e10a83badcff5e9c460c$lut for cells of type $lut.
Using template $paramod$4f12c68fe152bf82a50c813cc37cc632b89530ed$lut for cells of type $lut.
Using template $paramod$4cf5305612d86489c1a6171729557670bf08582e$lut for cells of type $lut.
Using template $paramod$f857bdfd499f2d260fec7676092360e160d92149$lut for cells of type $lut.
Using template $paramod$lut\WIDTH=32'00000000000000000000000000000011\LUT=8'00011110 for cells of type $lut.
Using template $paramod$lut\WIDTH=32'00000000000000000000000000000010\LUT=4'0100 for cells of type $lut.
Using template $paramod$a067ca065a0e8fdac308d6893e69914865d54ec4$lut for cells of type $lut.
Using template $paramod$3a0b4cdedfd1d4a50b6128c5b34eaf4295ec8865$lut for cells of type $lut.
Using template $paramod$1f3b67373a23476b64a6ed61bde9dbe9df1086de$lut for cells of type $lut.
Using template $paramod$93785b9c731eec5233cca020cc98b38141190c08$lut for cells of type $lut.
Using template $paramod$lut\WIDTH=32'00000000000000000000000000000011\LUT=8'01011001 for cells of type $lut.
Using template $paramod$c92106469089edeb8ad4d6daf5067879a8f6ba9f$lut for cells of type $lut.
Using template $paramod$0d6e3afd4225413c0e953b9459bc1aeb0629f6aa$lut for cells of type $lut.
Using template $paramod$93ac58a16159c20e0077de7d3d595e64807258d5$lut for cells of type $lut.
Using template $paramod$7c5a3d511aa176f539f3540f0d04f1b021fadbdc$lut for cells of type $lut.
Using template $paramod$286d6b18e782cb14d345c8422500571fedf77570$lut for cells of type $lut.
Using template $paramod$5b70de4dbb323ec22c925aa2fcc3326145cab098$lut for cells of type $lut.
Using template $paramod$74896d5916b54059928d3e3a06a0d62a2b582a8d$lut for cells of type $lut.
Using template $paramod$lut\WIDTH=32'00000000000000000000000000000011\LUT=8'10010101 for cells of type $lut.
Using template $paramod$lut\WIDTH=32'00000000000000000000000000000011\LUT=8'11000110 for cells of type $lut.
Using template $paramod$lut\WIDTH=32'00000000000000000000000000000011\LUT=8'10000010 for cells of type $lut.
Using template $paramod$cd8975dc11fa0a0f43767c66f462c08cafafa82c$lut for cells of type $lut.
Using template $paramod$ff7561cfb7d3ae7112e6974b98c96c3d891737ce$lut for cells of type $lut.
Using template $paramod$dc49096963428cfbc07739b6a212e07ad5030b62$lut for cells of type $lut.
Using template $paramod$lut\WIDTH=32'00000000000000000000000000000011\LUT=8'00101101 for cells of type $lut.
Using template $paramod$ca8f22bcd60a7f9ff326fb6688026c34f5df0032$lut for cells of type $lut.
Using template $paramod$lut\WIDTH=32'00000000000000000000000000000011\LUT=8'00110110 for cells of type $lut.
Using template $paramod$dae8f9b502bd1460fd180a1c0b20d573cb3bdfaa$lut for cells of type $lut.
Using template $paramod$926ac55185a9de8a4c1953873edc4431dd68554a$lut for cells of type $lut.
Using template $paramod$c6705c2d9a5ca1e5236b47844e83005fc173deff$lut for cells of type $lut.
Using template $paramod$lut\WIDTH=32'00000000000000000000000000000011\LUT=8'10101001 for cells of type $lut.
Using template $paramod$lut\WIDTH=32'00000000000000000000000000000011\LUT=8'00001001 for cells of type $lut.
Using template $paramod$lut\WIDTH=32'00000000000000000000000000000011\LUT=8'01100101 for cells of type $lut.
Using template $paramod$bbb10333e84a7e80f65e1494ebbfbf3f28568fcd$lut for cells of type $lut.
Using template $paramod$lut\WIDTH=32'00000000000000000000000000000011\LUT=8'11010010 for cells of type $lut.
Using template $paramod$ca1d48527df516f209cb40a6149324209c84bc69$lut for cells of type $lut.
Using template $paramod$lut\WIDTH=32'00000000000000000000000000000011\LUT=8'01100011 for cells of type $lut.
Using template $paramod$08a5251094e6791f0c6a19a79c33ed46d064f1e7$lut for cells of type $lut.
Using template $paramod$lut\WIDTH=32'00000000000000000000000000000011\LUT=8'10010000 for cells of type $lut.
Using template $paramod$lut\WIDTH=32'00000000000000000000000000000011\LUT=8'01010110 for cells of type $lut.
Using template $paramod$b100a2813ddd931f73400dfa54acf6ca20bdc473$lut for cells of type $lut.
Using template $paramod$8512f4fb47fa9596f76cdbe5b407a5b54df368e7$lut for cells of type $lut.
Using template $paramod$719d0dace9d118de2fd3c5c8744df93c19c0e362$lut for cells of type $lut.
Using template $paramod$8d7a8d6e3356de09670738ba85f2c6b874f6b06d$lut for cells of type $lut.
Using template $paramod$f64e06c4ad54749b2f05ed816bc69de4695bbdd2$lut for cells of type $lut.
Using template $paramod$243fb93e736df5581df7bafa378886f2bdf5bea9$lut for cells of type $lut.
Using template $paramod$70aaf70eb32e221098b6eb52bf2b64b3c0b4a0fb$lut for cells of type $lut.
Using template $paramod$lut\WIDTH=32'00000000000000000000000000000010\LUT=4'0001 for cells of type $lut.
Using template $paramod$7f0c33ebaba0ede46854143fc6bff56677faafba$lut for cells of type $lut.
Using template $paramod$lut\WIDTH=32'00000000000000000000000000000011\LUT=8'00111001 for cells of type $lut.
Using template $paramod$2d07c1a6c53c7b878509360922c4fa5ebedc3011$lut for cells of type $lut.
Using template $paramod$lut\WIDTH=32'00000000000000000000000000000011\LUT=8'01001011 for cells of type $lut.
Using template $paramod$6da36b00000992020b7b7eba5fbe42bbd326035f$lut for cells of type $lut.
Using template $paramod$lut\WIDTH=32'00000000000000000000000000000011\LUT=8'10011010 for cells of type $lut.
Using template $paramod$12cf840dcfda317ed4aaeef1854f713a535efc4e$lut for cells of type $lut.
Using template $paramod$lut\WIDTH=32'00000000000000000000000000000011\LUT=8'01001000 for cells of type $lut.
Using template $paramod$024f437069ede126a08cbaf2540201977a378569$lut for cells of type $lut.
Using template $paramod$acf49cb7bd2805dee4b4ebb218aa5924b1be7704$lut for cells of type $lut.
Using template $paramod$2991a9166162362f9843a52417028067813fc539$lut for cells of type $lut.
Using template $paramod$704cad882e2bedddf5c55ef18de55c67afe1e0ec$lut for cells of type $lut.
Using template $paramod$4f1bcbe11a1b33991deaceb473e010a2e7751bcf$lut for cells of type $lut.
Using template $paramod$lut\WIDTH=32'00000000000000000000000000000011\LUT=8'00010100 for cells of type $lut.
Using template $paramod$2f2b9b736b3ea0a0b958cef6434418c8f6a25d02$lut for cells of type $lut.
Using template $paramod$bca52bc9f7edd73160c86be7a013550d6d7a8e2e$lut for cells of type $lut.
Using template $paramod$bb74623f36a3b8e72cd793ac21892a7fe0f2d9aa$lut for cells of type $lut.
Using template $paramod$deb4f121bbf3d55ed9a98f692fd112e0918f51b5$lut for cells of type $lut.
Using template $paramod$5e19963734365966b4afcab25a0f2e06c307eb2d$lut for cells of type $lut.
Using template $paramod$edc5a73130589b9210f4bdf92e14bdcacac8945d$lut for cells of type $lut.
Using template $paramod$lut\WIDTH=32'00000000000000000000000000000011\LUT=8'00101000 for cells of type $lut.
Using template $paramod$e6c2f84b29bee64f450d97e51b4fe307777f0652$lut for cells of type $lut.
Using template $paramod$708ff7e971fdbc9b041ef4977b41c8d828262923$lut for cells of type $lut.
Using template $paramod$lut\WIDTH=32'00000000000000000000000000000011\LUT=8'01100000 for cells of type $lut.
Using template $paramod$5ed059b4e4d917104a14ca4288ca3f18f1408bd6$lut for cells of type $lut.
Using template $paramod$c9baf19a346f9036c5c5e1d377838949e9012aa7$lut for cells of type $lut.
Using template $paramod$98d40e23bb57d56e14345fb0942003de3e361f25$lut for cells of type $lut.
Using template $paramod$d715d2e1f6a9d477d103079941e34b8ab3168104$lut for cells of type $lut.
Using template $paramod$2e242b3870fd1c78b14e7f95ffa17bf0b3a3339c$lut for cells of type $lut.
Using template $paramod$0ff0701fa7307c511b76c9daa95f87e048e89d50$lut for cells of type $lut.
Using template $paramod$53fd454bfdaecc21c78867f89d71c0235ecfe0a3$lut for cells of type $lut.
Using template $paramod$21a1ca6f9f5c15b304c8c46ce6cda8b91e063cf1$lut for cells of type $lut.
Using template $paramod$f6470d2922644dfddf4d3b6031decef3dbd73dd6$lut for cells of type $lut.
Using template $paramod$b9d8b7e91a2c68da033af948ea0bd8bdebbaf6b2$lut for cells of type $lut.
Using template $paramod$6c15da6150ce36eeff7fb8c09f7ef22f5448d679$lut for cells of type $lut.
Using template $paramod$169bf68e953e827bab2f6f090984d165d97aa187$lut for cells of type $lut.
Using template $paramod$12434f4a8e55e534078df6b9696209b9a296bae3$lut for cells of type $lut.
Using template $paramod$6100b7bb55ca0d268b8c6c13d0fce051de8aae98$lut for cells of type $lut.
Using template $paramod$lut\WIDTH=32'00000000000000000000000000000011\LUT=8'00000110 for cells of type $lut.
Using template $paramod$679c0497bd344cd028193ec8906efb780eb00cd8$lut for cells of type $lut.
Using template $paramod$4c43cf175bd76f8d26cc73c9b4047ff5d933c5cf$lut for cells of type $lut.
Using template $paramod$756e343993bd5e009f08ff62427951337f479341$lut for cells of type $lut.
Using template $paramod$fd24ba8adbaf0b75005db1aa455afcfc2d436527$lut for cells of type $lut.
Using template $paramod$lut\WIDTH=32'00000000000000000000000000000011\LUT=8'00000010 for cells of type $lut.
Using template $paramod$lut\WIDTH=32'00000000000000000000000000000011\LUT=8'10111001 for cells of type $lut.
Using template $paramod$608f40069c27841a5b3bdf03643a34bdc8974072$lut for cells of type $lut.
Using template $paramod$lut\WIDTH=32'00000000000000000000000000000011\LUT=8'01000000 for cells of type $lut.
Using template $paramod$f5c5b56521a6811444a94cf8aec11258bf0a108d$lut for cells of type $lut.
Using template $paramod$lut\WIDTH=32'00000000000000000000000000000011\LUT=8'11001010 for cells of type $lut.
Using template $paramod$lut\WIDTH=32'00000000000000000000000000000011\LUT=8'11011000 for cells of type $lut.
Using template $paramod$lut\WIDTH=32'00000000000000000000000000000011\LUT=8'10101100 for cells of type $lut.
Using template $paramod$0ba7af985ab6722cb3547ad68305a7e9455a49a5$lut for cells of type $lut.
Using template $paramod$lut\WIDTH=32'00000000000000000000000000000011\LUT=8'00010000 for cells of type $lut.
Using template $paramod$c1a19a87ccbbb03d43a72335db63f692ddf82cc1$lut for cells of type $lut.
Using template $paramod$lut\WIDTH=32'00000000000000000000000000000011\LUT=8'00000100 for cells of type $lut.
Using template $paramod$aa2d3f78d79ba4b212e3d088f70b2b1fd881f59d$lut for cells of type $lut.
Using template $paramod$lut\WIDTH=32'00000000000000000000000000000010\LUT=4'1011 for cells of type $lut.
Using template $paramod$lut\WIDTH=32'00000000000000000000000000000011\LUT=8'01000001 for cells of type $lut.
Using template $paramod$dcf74ea60b40cd0aa363a776abdc322b17dbfc0b$lut for cells of type $lut.
Using template $paramod$7f86a259a7cf46ca8099838af83e6a0981877ae2$lut for cells of type $lut.
Using template $paramod$288ab8481316136ea3e3f683d345747dffb4c3c5$lut for cells of type $lut.
Using template $paramod$lut\WIDTH=32'00000000000000000000000000000011\LUT=8'00100001 for cells of type $lut.
Using template $paramod$1d4a327b02ed7b028f4cbbe9bcac5deafa28f891$lut for cells of type $lut.
Using template $paramod$5c32c59025c0b98f20e63f249d83e7ebb4b085e3$lut for cells of type $lut.
Using template $paramod$lut\WIDTH=32'00000000000000000000000000000011\LUT=8'11101111 for cells of type $lut.
Using template $paramod$lut\WIDTH=32'00000000000000000000000000000011\LUT=8'11111110 for cells of type $lut.
Using template $paramod$lut\WIDTH=32'00000000000000000000000000000010\LUT=4'1101 for cells of type $lut.
Using template $paramod$e51a8a571bee774247b38f52d6e85fd62ae52cea$lut for cells of type $lut.
Using template $paramod$193d365ba3260f56de4ca734b1cedcf9dc72302b$lut for cells of type $lut.
Using template $paramod$lut\WIDTH=32'00000000000000000000000000000010\LUT=4'1110 for cells of type $lut.
Using template $paramod$a1d56211abfa1aaa7a2cc9b3a3197892923d914b$lut for cells of type $lut.
Using template $paramod$a2d691ba21e093558f2a36669ee489fbccffbcd3$lut for cells of type $lut.
Using template $paramod$lut\WIDTH=32'00000000000000000000000000000011\LUT=8'00100011 for cells of type $lut.
Using template $paramod$dc8eb389b2fc3ec6a78d93ff9b548b7fd27b6950$lut for cells of type $lut.
Using template $paramod$7c6c6ce6eec04b633fb1f430574af2ae67241051$lut for cells of type $lut.
Using template $paramod$134458e13b2ec5a23accad8b751be8f873cf0023$lut for cells of type $lut.
Using template $paramod$10a6d42c84663fca6c1622800fdec61acbd34667$lut for cells of type $lut.
Using template $paramod$lut\WIDTH=32'00000000000000000000000000000011\LUT=8'01001100 for cells of type $lut.
Using template $paramod$e222f7fb656e5c40eb9d3c3e620082cb236ab040$lut for cells of type $lut.
Using template $paramod$69f20e0703606f2ffd2ee27cd26f815bd5eeb6e9$lut for cells of type $lut.
Using template $paramod$8ef55fb6a8a659acc224a59f9361425390b658d1$lut for cells of type $lut.
Using template $paramod$24cb03f785a7266405db948962b05e5cdc54d8ab$lut for cells of type $lut.
Using template $paramod$4bf23d45a3e7588698f930a3e47a1038c7a957ee$lut for cells of type $lut.
Using template $paramod$lut\WIDTH=32'00000000000000000000000000000011\LUT=8'11000100 for cells of type $lut.
Using template $paramod$lut\WIDTH=32'00000000000000000000000000000011\LUT=8'00000111 for cells of type $lut.
Using template $paramod$c67ff654dfa9062d61db52bd013fb1271e5b9a9b$lut for cells of type $lut.
Using template $paramod$9dfa6463d3940584bfc0597239af5a2e17831e4c$lut for cells of type $lut.
Using template $paramod$lut\WIDTH=32'00000000000000000000000000000011\LUT=8'00011011 for cells of type $lut.
Using template $paramod$lut\WIDTH=32'00000000000000000000000000000011\LUT=8'10110001 for cells of type $lut.
Using template $paramod$lut\WIDTH=32'00000000000000000000000000000011\LUT=8'00101111 for cells of type $lut.
Using template $paramod$981e9b70dcf2be1e16d990e6a9acee8c7a633f38$lut for cells of type $lut.
Using template $paramod$lut\WIDTH=32'00000000000000000000000000000011\LUT=8'00010011 for cells of type $lut.
Using template $paramod$cd05f04889088c47a0a5abae8c2d644fd314805e$lut for cells of type $lut.
Using template $paramod$49b4d47dab45283a5bca35b8996da0a3c24bef1f$lut for cells of type $lut.
Using template $paramod$6a34cd5b50e324824168b4186d0b04ba5e83b039$lut for cells of type $lut.
Using template $paramod$6b7c9c56fc2a32a479d463d5f3b0d3f4673b67f1$lut for cells of type $lut.
Using template $paramod$b16305c55e8688bbbd58bd36edbb9b6878120874$lut for cells of type $lut.
Using template $paramod$lut\WIDTH=32'00000000000000000000000000000011\LUT=8'00010010 for cells of type $lut.
Using template $paramod$8cc3490ab42a63312b8ab36121eb7c9227093866$lut for cells of type $lut.
Using template $paramod$293ec5cf99a22418e4605f981d71d968485e2172$lut for cells of type $lut.
Using template $paramod$9749a72623ffeb0da03674bad641afecefb354e8$lut for cells of type $lut.
Using template $paramod$e49f6e3576ef1a6d2f58c54414dbb786af8cc869$lut for cells of type $lut.
Using template $paramod$lut\WIDTH=32'00000000000000000000000000000011\LUT=8'11100100 for cells of type $lut.
Using template $paramod$lut\WIDTH=32'00000000000000000000000000000011\LUT=8'00101110 for cells of type $lut.
Using template $paramod$90edad2b6a4dec5adef9ce6a532f7a1edb48db32$lut for cells of type $lut.
Using template $paramod$a9ebd93bc2fc1a9f7fc387533c3e17044ba51058$lut for cells of type $lut.
Using template $paramod$lut\WIDTH=32'00000000000000000000000000000011\LUT=8'00000001 for cells of type $lut.
Using template $paramod$053427f7f5ea07d59a8194fc808f0dbdb8dee48b$lut for cells of type $lut.
Using template $paramod$982d711acab5d432e3996c8eb4e519e3a30ead1b$lut for cells of type $lut.
Using template $paramod$8d41622da0aa87c171e3ad24745637a8e540bedc$lut for cells of type $lut.
Using template $paramod$682dcf7a44e09cdf417bc55247ac658426f4c8e6$lut for cells of type $lut.
Using template $paramod$lut\WIDTH=32'00000000000000000000000000000011\LUT=8'00001011 for cells of type $lut.
Using template $paramod$lut\WIDTH=32'00000000000000000000000000000011\LUT=8'01101111 for cells of type $lut.
Using template $paramod$lut\WIDTH=32'00000000000000000000000000000011\LUT=8'00001000 for cells of type $lut.
Using template $paramod$2f35f125a78690286f0cd2faecbaee9c64828b65$lut for cells of type $lut.
Using template $paramod$0a97da449d7a3d067c9263a7c05c3fa3c1bb574c$lut for cells of type $lut.
Using template $paramod$lut\WIDTH=32'00000000000000000000000000000011\LUT=8'00110001 for cells of type $lut.
Using template $paramod$53ce561f80f32d4298a3beadc88b6c5c78293221$lut for cells of type $lut.
Using template $paramod$lut\WIDTH=32'00000000000000000000000000000011\LUT=8'10110000 for cells of type $lut.
Using template $paramod$0f19b1c588a47c675d00132b243b5e3308ffab5d$lut for cells of type $lut.
Using template $paramod$lut\WIDTH=32'00000000000000000000000000000011\LUT=8'01110010 for cells of type $lut.
Using template $paramod$lut\WIDTH=32'00000000000000000000000000000011\LUT=8'01011100 for cells of type $lut.
Using template $paramod$lut\WIDTH=32'00000000000000000000000000000011\LUT=8'10000000 for cells of type $lut.
Using template $paramod$5dd010b8b6611f480d8479d5a73c697bd413c5b6$lut for cells of type $lut.
Using template $paramod$lut\WIDTH=32'00000000000000000000000000000011\LUT=8'11110110 for cells of type $lut.
Using template $paramod$b7e76911c408ae6bb5853f61e315a47055c67aa8$lut for cells of type $lut.
Using template $paramod$e09dec8c19c9d5e9b50c4cdacb48c70128b983b2$lut for cells of type $lut.
Using template $paramod$lut\WIDTH=32'00000000000000000000000000000011\LUT=8'10011111 for cells of type $lut.
Using template $paramod$7d35f3eb4056e6484203c99fe42cfcf1dfaba704$lut for cells of type $lut.
Using template $paramod$58df2c605746858c7e53492c8f57d6f1fafa12d2$lut for cells of type $lut.
Using template $paramod$b287726797d0722f64e731f1134f7c05af8f1578$lut for cells of type $lut.
Using template $paramod$lut\WIDTH=32'00000000000000000000000000000011\LUT=8'11010000 for cells of type $lut.
Using template $paramod$bfa8dffefdf45ed05dc1118d3a70df162ccede79$lut for cells of type $lut.
Using template $paramod$lut\WIDTH=32'00000000000000000000000000000011\LUT=8'10111000 for cells of type $lut.
Using template $paramod$lut\WIDTH=32'00000000000000000000000000000011\LUT=8'11100010 for cells of type $lut.
Using template $paramod$lut\WIDTH=32'00000000000000000000000000000011\LUT=8'11111001 for cells of type $lut.
Using template $paramod$lut\WIDTH=32'00000000000000000000000000000011\LUT=8'01010001 for cells of type $lut.
Using template $paramod$b45bd408e022071431e9cdef9f4acc7dde296829$lut for cells of type $lut.
Using template $paramod$lut\WIDTH=32'00000000000000000000000000000011\LUT=8'01001110 for cells of type $lut.
Using template $paramod$lut\WIDTH=32'00000000000000000000000000000011\LUT=8'00011101 for cells of type $lut.
Using template $paramod$a7c07944e10969b2e1fd563a5b72f89493cb3705$lut for cells of type $lut.
Using template $paramod$6e7ec4e13c95657dfbb87d5415ff38d985c66293$lut for cells of type $lut.
Using template $paramod$81d8a60fd95b1a9f9ef71c12a774ae6988cb9fd5$lut for cells of type $lut.
No more expansions possible.
<suppressed ~12320 debug messages>
Removed 0 unused cells and 22020 unused wires.

5.49. Executing AUTONAME pass.
Renamed 15887 objects in module tempest_v3_top.
<suppressed ~15887 debug messages>

5.50. Executing HIERARCHY pass (managing design hierarchy).
Attribute `top' found on module `tempest_v3_top'. Setting top module to tempest_v3_top.

5.50.1. Analyzing design hierarchy..
Top module:  \tempest_v3_top

5.50.2. Analyzing design hierarchy..
Top module:  \tempest_v3_top
Removed 0 unused modules.

5.51. Printing statistics.

=== tempest_v3_top ===

        +----------Local Count, excluding submodules.
        | 
     5860 wires
    30032 wire bits
     5860 public wires
    30032 public wire bits
        8 ports
      517 port bits
        3 cells
        3   $scopeinfo
    10192 submodules
       11   SB_CARRY
      384   SB_DFFE
      521   SB_DFFER
        1   SB_DFFR
     9275   SB_LUT4

=== design hierarchy ===

        +----------Count including submodules.
        | 
        3 tempest_v3_top

        +----------Count including submodules.
        | 
     5860 wires
    30032 wire bits
     5860 public wires
    30032 public wire bits
        8 ports
      517 port bits
        - memories
        - memory bits
        - processes
        3 cells
        3   $scopeinfo
    10192 submodules
       11   SB_CARRY
      384   SB_DFFE
      521   SB_DFFER
        1   SB_DFFR
     9275   SB_LUT4

5.52. Executing CHECK pass (checking for obvious problems).
Checking module tempest_v3_top...
Found and reported 0 problems.

6. Printing statistics.

=== tempest_v3_top ===

        +----------Local Count, excluding submodules.
        | 
     5860 wires
    30032 wire bits
     5860 public wires
    30032 public wire bits
        8 ports
      517 port bits
    10195 cells
        3   $scopeinfo
       11   SB_CARRY
      384   SB_DFFE
      521   SB_DFFER
        1   SB_DFFR
     9275   SB_LUT4

End of script. Logfile hash: 135bc40c32
Yosys 0.67+146 (git sha1 468ba27d9-dirty, Release, GNU /usr/bin/x86_64-w64-mingw32-g++ 15.2.1)
Time spent: 1% 33x opt_expr (0 sec), 1% 25x opt_clean (0 sec), ...
